timestamp,player_win,duration_sec,player_hp,enemy_hp,player_shots,player_hits,enemy_shots,enemy_hits,feint_attempts,feint_hidden_count,feint_hidden_avg,plain_hidden_count,plain_hidden_avg,tactic_search,tactic_approach,tactic_assault,tactic_ambush,tactic_attack,tactic_feint,tactic_retreat,ai_type,opponent
2026-07-26 16:55:35,0,19.0,0,3,7,0,7,3,1,1,2.16,9,0.73,2.9,0.0,0.3,3.1,2.8,1.3,8.6,pro_optimized_v1,bot_standard
2026-07-26 16:55:40,0,36.0,0,1,21,2,11,3,4,2,0.36,11,0.84,12.4,0.0,1.6,7.5,4.2,5.2,4.2,pro_optimized_v2,bot_standard
2026-07-26 16:55:44,0,19.7,0,1,10,2,6,3,2,2,1.36,4,0.92,7.3,0.0,0.0,2.9,3.1,2.9,2.6,chaos,bot_standard
2026-07-26 16:55:46,0,10.6,0,3,2,0,4,3,0,0,0.00,0,0.00,0.0,0.0,0.0,0.0,0.0,0.0,0.0,base,bot_standard
2026-07-26 16:56:01,1,16.6,2,0,11,3,15,1,0,0,0.00,0,0.00,0.0,0.0,0.0,0.0,0.0,0.0,0.0,base,bot_standard
2026-07-26 16:56:04,0,18.5,0,1,10,2,7,3,0,0,0.00,4,1.99,2.9,1.6,0.0,3.9,3.7,0.0,5.5,chaos,bot_standard
2026-07-26 16:56:09,0,29.1,0,2,17,1,15,3,3,3,1.48,6,0.87,9.9,0.0,0.0,5.7,6.0,3.9,3.1,pro_optimized_v3,bot_standard
2026-07-26 16:56:13,0,21.9,0,1,3,2,8,3,0,0,0.00,6,1.32,5.2,0.0,0.0,2.9,4.3,0.0,8.6,chaos,bot_standard
2026-07-26 16:56:15,0,14.3,0,2,5,1,5,3,2,2,1.43,4,0.72,4.9,0.0,0.0,1.8,1.3,2.6,3.1,pro_optimized_v3,bot_standard
2026-07-26 16:56:19,0,17.3,0,1,7,2,4,3,1,0,0.00,3,2.23,7.0,0.0,0.0,3.6,1.7,1.3,2.6,pro_optimized_v3,bot_standard
2026-07-26 16:56:22,1,16.3,1,0,4,3,9,2,0,0,0.00,0,0.00,0.0,0.0,0.0,0.0,0.0,0.0,0.0,base,bot_standard
2026-07-26 16:56:24,0,10.1,0,3,5,0,4,3,0,0,0.00,2,1.67,2.6,2.1,0.0,0.3,2.0,0.0,3.1,pro_optimized_v1_origin,bot_standard
2026-07-26 16:56:28,0,21.0,0,1,10,2,8,3,3,1,1.34,5,0.86,7.5,0.0,0.0,2.9,2.6,3.9,3.1,pro_optimized_v3,bot_standard
2026-07-26 16:56:30,1,11.6,1,0,5,3,4,2,0,0,0.00,0,0.00,0.0,0.0,0.0,0.0,0.0,0.0,0.0,base,bot_standard
2026-07-26 16:56:35,0,11.4,0,2,6,1,3,3,1,0,0.00,2,1.46,4.2,0.0,0.0,1.0,1.3,1.3,3.1,pro_optimized_v3,bot_standard
2026-07-26 16:56:38,0,13.7,0,2,6,1,5,3,1,2,0.87,4,0.70,4.9,0.5,0.0,1.6,2.0,1.6,3.1,pro_optimized_v1,bot_standard
2026-07-26 16:56:41,0,15.6,0,1,3,2,7,3,0,0,0.00,4,1.03,4.9,0.0,0.0,2.1,3.2,0.0,4.7,pro_optimized_v1_origin,bot_standard
2026-07-26 16:56:44,0,14.3,0,1,8,2,3,3,0,0,0.00,6,1.15,2.6,0.0,0.0,6.5,1.0,0.0,3.1,pro_learned_v4,bot_standard
2026-07-26 16:56:48,0,23.1,0,1,13,2,9,3,2,2,1.82,6,0.66,4.4,0.3,0.0,2.3,5.2,2.6,7.3,pro_optimized_v1,bot_standard
2026-07-26 16:56:51,0,19.4,0,2,7,1,7,3,2,1,1.64,5,0.96,7.8,0.0,0.0,3.4,2.3,2.6,2.9,pro_optimized_v3,bot_standard
2026-07-26 16:56:55,1,22.1,1,0,13,3,6,2,2,3,1.74,4,0.84,7.6,0.0,0.5,5.7,1.6,2.6,3.1,pro_optimized_v2,bot_standard
2026-07-26 16:56:58,0,14.6,0,3,5,0,3,3,0,0,0.00,4,1.44,4.4,0.3,0.8,3.1,1.1,0.0,4.9,pro,bot_standard
2026-07-26 16:57:01,0,15.7,0,2,6,1,6,3,2,3,1.05,3,1.45,5.3,0.3,0.0,1.8,2.1,2.6,3.1,pro_optimized_v3,bot_standard
2026-07-26 16:57:04,0,11.2,0,3,1,0,5,3,0,0,0.00,0,0.00,0.0,0.0,0.0,0.0,0.0,0.0,0.0,base,bot_standard
2026-07-26 16:57:07,0,17.7,0,2,9,1,11,3,0,0,0.00,0,0.00,0.0,0.0,0.0,0.0,0.0,0.0,0.0,base,bot_standard
2026-07-26 16:57:09,0,10.8,0,2,4,1,4,3,0,0,0.00,0,0.00,0.0,0.0,0.0,0.0,0.0,0.0,0.0,base,bot_standard
2026-07-26 16:57:14,0,30.4,0,3,13,0,12,3,0,0,0.00,15,0.88,1.8,0.0,0.0,6.2,6.0,0.0,16.4,pro_optimized_v1_origin,bot_standard
2026-07-26 16:57:20,0,36.1,0,1,19,2,11,3,4,2,4.66,0,0.00,16.2,0.0,0.0,3.4,4.9,5.2,5.5,chaos,bot_standard
2026-07-26 16:57:22,0,9.6,0,1,6,2,3,3,0,0,0.00,5,0.48,1.3,2.6,0.0,1.6,0.6,0.0,2.9,pro_optimized_v1_origin,bot_standard
2026-07-26 16:57:25,1,17.3,3,0,13,3,8,0,0,0,0.00,7,0.86,1.0,2.1,0.0,2.9,3.6,0.0,6.8,pro_optimized_v1,bot_standard
2026-07-26 16:57:28,1,10.7,3,0,5,3,1,0,1,2,1.05,1,0.56,5.2,0.0,0.5,2.3,0.3,1.3,0.0,pro,bot_standard
2026-07-26 16:57:32,1,28.3,1,0,10,3,12,2,0,0,0.00,14,0.91,2.1,0.8,0.0,5.5,5.0,0.0,14.0,pro_optimized_v1_origin,bot_standard
2026-07-26 16:57:36,0,25.7,0,1,7,2,11,3,4,4,0.99,4,0.81,9.1,0.0,0.0,3.9,3.6,5.2,2.9,pro_learned_v5,bot_standard
2026-07-26 16:57:40,0,20.4,0,1,15,2,15,3,0,0,0.00,0,0.00,0.0,0.0,0.0,0.0,0.0,0.0,0.0,base,bot_standard
2026-07-26 16:57:43,0,17.0,0,3,5,0,8,3,0,0,0.00,0,0.00,0.0,0.0,0.0,0.0,0.0,0.0,0.0,base,bot_standard
2026-07-26 16:57:47,0,19.7,0,1,12,2,8,3,2,1,2.10,4,0.66,8.8,0.0,0.0,2.6,2.6,1.6,3.1,pro_optimized_v3,bot_standard
2026-07-26 16:57:49,1,9.6,2,0,7,3,1,1,1,2,0.82,2,0.46,4.0,0.0,0.0,1.6,0.5,1.3,1.3,pro_optimized_v3,bot_standard
2026-07-26 16:57:51,1,10.8,3,0,6,3,4,0,0,0,0.00,1,2.20,6.0,0.0,0.0,2.1,1.8,0.0,0.0,pro_optimized_v3,bot_standard
2026-07-26 16:57:54,1,14.2,1,0,9,3,7,2,0,0,0.00,5,0.96,1.3,0.0,0.0,3.6,3.6,0.0,4.7,pro_optimized_v1_origin,bot_standard
2026-07-26 16:57:58,1,18.6,1,0,8,3,6,2,2,2,0.62,5,0.88,7.2,0.0,0.0,2.9,2.3,2.6,2.6,pro_optimized_v2,bot_standard
2026-07-26 16:58:01,1,18.9,1,0,14,3,6,2,3,2,0.89,5,0.47,4.7,0.0,0.0,4.2,2.3,3.9,2.9,pro_optimized_v3,bot_standard
2026-07-26 16:58:03,0,11.3,0,1,5,2,5,3,0,0,0.00,4,0.77,1.8,1.0,0.0,2.1,2.0,0.0,3.4,pro_learned_v4,bot_standard
2026-07-26 16:58:06,0,12.0,0,2,8,1,4,3,1,1,1.70,3,0.52,5.3,0.0,0.0,0.5,1.3,1.3,3.1,pro_optimized_v3,bot_standard
2026-07-26 16:58:09,0,13.5,0,2,9,1,5,3,1,0,0.00,3,1.13,3.6,0.0,0.0,3.4,2.1,1.3,2.6,pro_optimized_v1,bot_standard
2026-07-26 16:58:14,0,34.6,0,2,10,1,8,3,2,2,3.59,12,0.69,3.9,0.0,1.6,3.6,3.4,2.6,19.0,pro,bot_standard
2026-07-26 16:58:17,0,13.2,0,3,2,0,5,3,0,0,0.00,0,0.00,0.0,0.0,0.0,0.0,0.0,0.0,0.0,base,bot_standard
2026-07-26 16:58:19,0,11.6,0,2,2,1,4,3,0,0,0.00,2,1.09,4.9,0.0,0.0,0.5,2.0,0.0,3.6,pro_learned_v4,bot_standard
2026-07-26 16:58:24,0,27.9,0,3,10,0,6,3,3,3,1.65,6,1.21,12.5,0.0,0.5,7.5,1.8,2.6,2.9,pro_optimized_v2,bot_standard
2026-07-26 16:58:26,0,12.0,0,2,6,1,4,3,0,0,0.00,4,0.56,5.2,0.0,0.0,0.8,1.4,0.0,4.2,pro_optimized_v1_origin,bot_standard
2026-07-26 16:58:29,1,13.7,2,0,5,3,9,1,0,0,0.00,0,0.00,0.0,0.0,0.0,0.0,0.0,0.0,0.0,base,bot_standard
2026-07-26 16:58:33,1,20.1,1,0,10,3,5,2,1,1,1.16,10,0.97,1.6,0.8,0.0,5.2,1.6,1.3,8.7,pro_optimized_v1,bot_standard
2026-07-26 16:58:36,0,19.7,0,3,5,0,5,3,2,2,0.40,4,1.08,9.9,0.0,0.0,2.9,1.3,2.6,3.1,pro_optimized_v2,bot_standard
2026-07-26 16:58:41,1,28.3,2,0,11,3,12,1,3,3,0.99,2,0.67,15.1,0.0,0.0,3.4,3.7,3.9,1.3,pro_learned_v5,bot_standard
2026-07-26 16:58:45,0,21.3,0,1,12,2,7,3,2,1,1.08,5,0.77,6.8,0.3,0.0,4.2,3.1,2.6,3.4,pro_optimized_v1,bot_standard
2026-07-26 16:58:47,0,10.1,0,3,1,0,3,3,1,0,0.00,4,0.68,3.1,0.0,0.0,1.3,0.8,1.3,3.6,chaos,bot_standard
2026-07-26 16:58:49,0,9.9,0,1,4,2,4,3,1,1,0.48,3,0.67,2.1,0.3,0.0,2.1,0.9,1.3,2.3,pro_optimized_v3,bot_standard
2026-07-26 16:58:52,0,13.9,0,1,10,2,6,3,1,1,0.40,3,1.13,1.8,2.6,0.0,0.5,3.5,1.3,3.1,pro_optimized_v1_origin,bot_standard
2026-07-26 16:58:55,0,18.2,0,2,8,1,9,3,2,1,1.16,3,1.81,4.9,0.0,0.0,3.6,3.5,2.6,3.1,pro_learned_v5,bot_standard
2026-07-26 16:58:58,1,9.2,2,0,5,3,3,1,0,0,0.00,1,0.36,5.5,0.0,0.0,0.3,1.6,0.0,1.0,pro,bot_standard
2026-07-26 16:59:01,0,17.0,0,2,7,1,9,3,0,0,0.00,5,0.88,2.9,0.5,0.0,2.3,5.1,0.0,5.7,pro_learned_v4,bot_standard
2026-07-26 16:59:03,0,11.8,0,2,4,1,3,3,0,0,0.00,4,0.86,3.9,0.3,0.0,3.1,0.9,0.0,3.1,pro_learned_v4,bot_standard
2026-07-26 16:59:07,1,20.4,1,0,13,3,9,2,1,0,0.00,8,0.85,0.3,0.0,0.0,6.5,4.6,1.3,6.8,pro_learned_v4,bot_standard
2026-07-26 16:59:10,0,16.7,0,2,10,1,7,3,1,1,1.94,2,1.27,8.1,0.0,0.0,1.6,2.1,1.3,3.1,pro_optimized_v3,bot_standard
2026-07-26 16:59:12,1,8.9,3,0,9,3,6,0,0,0,0.00,1,0.36,3.4,0.0,0.3,0.5,3.8,0.0,0.0,pro,bot_standard
2026-07-26 16:59:16,0,17.7,0,2,12,1,5,3,2,1,2.66,4,0.73,3.1,0.0,0.8,1.0,2.9,2.6,6.8,pro,bot_standard
2026-07-26 16:59:19,0,15.3,0,2,9,1,7,3,3,2,0.32,5,0.92,2.3,0.3,0.0,4.2,2.3,2.9,2.9,pro_optimized_v2,bot_standard
2026-07-26 16:59:22,1,16.8,1,0,5,3,4,2,0,0,0.00,5,0.86,4.7,1.0,0.5,3.4,2.0,0.0,4.2,pro_learned_v4,bot_standard
2026-07-26 16:59:26,0,28.8,0,2,13,1,13,3,1,0,0.00,8,1.18,1.8,0.0,0.8,4.9,8.1,1.6,11.2,chaos,bot_standard
2026-07-26 16:59:29,1,12.5,1,0,10,3,6,2,0,0,0.00,4,0.42,3.1,0.0,0.5,0.0,3.8,0.0,4.2,pro_learned_v4,bot_standard
2026-07-26 16:59:32,0,16.0,0,1,11,2,7,3,1,0,0.00,6,0.81,3.4,0.5,0.0,3.4,3.4,1.3,3.1,pro_learned_v4,bot_standard
2026-07-26 16:59:37,0,34.3,0,3,8,0,7,3,3,4,1.30,7,1.03,8.6,0.5,0.0,6.5,2.6,5.2,10.9,chaos,bot_standard
2026-07-26 16:59:40,0,13.0,0,1,7,2,6,3,1,1,0.82,2,0.90,1.0,1.3,0.5,1.3,3.6,1.3,2.9,pro_optimized_v1,bot_standard
2026-07-26 16:59:43,0,14.1,0,1,10,2,6,3,1,2,0.84,2,0.48,5.2,0.0,0.0,1.4,2.6,1.3,2.6,pro_learned_v5,bot_standard
2026-07-26 16:59:48,1,31.0,1,0,19,3,7,2,2,3,1.11,9,1.00,10.4,0.0,2.1,7.3,2.4,2.6,5.2,pro_optimized_v2,bot_standard
2026-07-26 16:59:51,1,15.7,2,0,12,3,6,1,0,0,0.00,3,0.96,4.4,1.3,0.8,2.8,3.6,0.0,1.8,pro_learned_v4,bot_standard
2026-07-26 16:59:54,0,13.8,0,2,9,1,4,3,0,0,0.00,4,1.31,1.8,1.0,0.0,4.2,1.3,0.0,4.9,pro_optimized_v1_origin,bot_standard
2026-07-26 16:59:57,1,15.9,3,0,11,3,7,0,0,0,0.00,4,1.23,3.1,0.5,0.8,0.0,4.3,0.0,6.2,pro,bot_standard
2026-07-26 17:00:00,0,15.2,0,2,4,1,10,3,0,0,0.00,0,0.00,0.0,0.0,0.0,0.0,0.0,0.0,0.0,base,bot_standard
2026-07-26 17:00:03,0,19.1,0,2,9,1,9,3,2,3,0.82,3,0.54,7.5,0.0,0.0,1.3,4.1,2.6,3.1,pro_optimized_v3,bot_standard
2026-07-26 17:00:06,0,17.0,0,3,1,0,6,3,0,0,0.00,0,0.00,0.0,0.0,0.0,0.0,0.0,0.0,0.0,base,bot_standard
2026-07-26 17:00:13,0,42.7,0,1,25,2,8,3,4,3,1.40,16,1.31,2.9,0.0,0.0,11.7,3.9,4.8,18.5,chaos,bot_standard
2026-07-26 17:00:15,1,9.6,1,0,6,3,5,2,0,0,0.00,0,0.00,0.0,0.0,0.0,0.0,0.0,0.0,0.0,base,bot_standard
2026-07-26 17:00:19,0,21.4,0,3,12,0,7,3,2,1,0.24,6,0.82,7.5,1.3,0.0,3.6,3.2,2.1,3.6,pro_learned_v4,bot_standard
2026-07-26 17:00:21,0,11.1,0,2,6,1,3,3,1,0,0.00,4,1.02,3.4,0.0,0.3,2.1,0.7,1.3,2.9,pro_optimized_v1,bot_standard
2026-07-26 17:00:24,0,11.0,0,2,4,1,4,3,0,0,0.00,4,0.91,4.2,0.0,0.0,2.6,0.9,0.0,2.9,pro_optimized_v1_origin,bot_standard
2026-07-26 17:00:26,0,14.6,0,1,8,2,6,3,0,0,0.00,3,0.98,7.8,0.0,0.0,0.5,2.1,0.0,3.1,pro_optimized_v3,bot_standard
2026-07-26 17:00:29,1,10.8,1,0,5,3,6,2,0,0,0.00,0,0.00,0.0,0.0,0.0,0.0,0.0,0.0,0.0,base,bot_standard
2026-07-26 17:00:31,1,12.8,2,0,8,3,3,1,2,1,0.30,3,0.97,3.9,0.0,0.0,3.4,0.9,2.6,1.0,pro_optimized_v2,bot_standard
2026-07-26 17:00:34,0,11.4,0,3,3,0,5,3,2,2,1.43,1,1.60,3.4,0.0,0.8,1.0,1.6,1.6,3.1,pro_optimized_v2,bot_standard
2026-07-26 17:00:38,0,21.0,0,1,9,2,6,3,1,1,0.84,11,0.71,1.6,0.8,0.3,3.6,2.6,1.3,9.9,chaos,bot_standard
2026-07-26 17:00:41,0,15.8,0,2,8,1,4,3,0,0,0.00,4,1.57,4.4,1.3,0.0,3.9,1.0,0.0,4.7,pro_optimized_v1_origin,bot_standard
2026-07-26 17:00:44,0,17.4,0,3,11,0,6,3,2,2,0.97,5,0.66,6.8,0.8,0.0,2.9,1.8,2.6,2.6,pro_optimized_v3,bot_standard
2026-07-26 17:00:47,0,18.1,0,1,6,2,5,3,3,3,1.42,3,0.78,7.7,0.0,0.0,0.8,1.6,3.9,3.1,pro_optimized_v2,bot_standard
2026-07-26 17:00:51,0,17.7,0,1,8,2,7,3,1,0,0.00,5,1.25,1.8,1.8,0.0,2.6,3.5,1.3,5.7,pro_optimized_v1,bot_standard
2026-07-26 17:00:54,0,18.8,0,3,11,0,4,3,1,1,1.08,4,1.65,3.9,1.6,0.0,6.5,0.9,1.3,4.7,pro_optimized_v1,bot_standard
2026-07-26 17:00:56,0,10.5,0,2,5,1,4,3,2,1,2.20,2,0.60,2.3,0.0,0.0,1.4,1.8,1.6,2.9,pro_optimized_v3,bot_standard
2026-07-26 17:00:59,0,14.9,0,2,6,1,6,3,0,0,0.00,5,1.03,3.9,1.0,0.0,3.6,2.7,0.0,3.1,pro_learned_v4,bot_standard
2026-07-26 17:01:03,0,21.0,0,2,7,1,5,3,2,1,4.64,3,0.30,11.7,0.0,0.0,2.3,1.5,2.6,2.3,pro_optimized_v3,bot_standard
2026-07-26 17:01:08,1,32.6,2,0,16,3,11,1,4,2,1.73,4,1.68,10.9,0.3,0.0,6.0,5.6,5.5,3.4,chaos,bot_standard
2026-07-26 17:01:12,0,24.1,0,1,11,2,5,3,0,0,0.00,7,1.36,2.1,0.3,0.5,6.8,2.3,0.0,11.2,pro,bot_standard
2026-07-26 17:01:15,0,16.9,0,1,5,2,8,3,0,0,0.00,5,1.04,3.4,0.0,0.0,2.6,3.2,0.0,6.8,pro_learned_v4,bot_standard
2026-07-26 17:01:18,0,10.4,0,2,4,1,9,3,0,0,0.00,0,0.00,0.0,0.0,0.0,0.0,0.0,0.0,0.0,base,bot_standard
2026-07-26 17:01:20,0,13.2,0,2,4,1,3,3,1,2,1.02,3,0.71,5.7,0.0,0.0,1.8,1.0,1.3,2.9,pro_learned_v5,bot_standard
2026-07-26 17:01:23,1,10.2,3,0,10,3,3,0,0,0,0.00,1,0.38,2.3,2.1,0.0,3.0,1.8,0.0,0.0,pro_optimized_v1_origin,bot_standard
2026-07-26 17:01:25,0,10.9,0,1,6,2,5,3,0,0,0.00,3,1.16,2.1,0.8,0.0,1.6,2.1,0.0,3.4,pro_learned_v4,bot_standard
2026-07-26 17:01:28,1,10.8,3,0,7,3,7,0,0,0,0.00,1,0.18,4.2,0.0,0.0,0.0,4.9,0.0,0.7,pro_optimized_v1_origin,bot_standard
2026-07-26 17:01:30,0,11.5,0,1,3,2,5,3,0,0,0.00,0,0.00,0.0,0.0,0.0,0.0,0.0,0.0,0.0,base,bot_standard
2026-07-26 17:01:34,0,20.1,0,3,10,0,8,3,2,0,0.00,4,1.17,10.1,0.0,0.0,2.2,2.1,2.6,3.1,pro_learned_v5,bot_standard
2026-07-26 17:01:38,0,24.2,0,1,12,2,9,3,4,4,1.31,6,0.60,9.6,0.0,0.0,3.4,3.1,4.2,2.9,pro_optimized_v3,bot_standard
2026-07-26 17:01:40,0,13.2,0,1,6,2,3,3,1,0,0.00,6,0.61,3.1,0.3,0.8,0.8,1.0,1.3,5.0,pro_learned_v4,bot_standard
2026-07-26 17:01:43,0,13.3,0,2,5,1,5,3,0,0,0.00,4,1.22,4.9,0.0,0.0,2.9,1.3,0.0,4.2,chaos,bot_standard
2026-07-26 17:01:47,0,21.4,0,3,0,0,11,3,0,0,0.00,0,0.00,0.0,0.0,0.0,0.0,0.0,0.0,0.0,base,bot_standard
2026-07-26 17:01:49,0,10.3,0,2,4,1,10,3,0,0,0.00,0,0.00,0.0,0.0,0.0,0.0,0.0,0.0,0.0,base,bot_standard
2026-07-26 17:01:52,0,13.6,0,2,9,1,5,3,2,2,1.24,3,0.87,2.1,0.3,0.0,2.9,2.7,2.1,3.1,pro_learned_v4,bot_standard
2026-07-26 17:01:56,0,24.1,0,1,9,2,5,3,1,0,0.00,7,1.16,6.0,0.0,0.5,5.5,2.1,1.3,7.8,pro,bot_standard
2026-07-26 17:02:01,0,27.5,0,1,15,2,8,3,1,1,3.34,7,1.03,3.4,0.0,1.8,5.5,3.6,1.3,10.9,pro,bot_standard
2026-07-26 17:02:03,0,11.9,0,3,3,0,7,3,0,0,0.00,0,0.00,0.0,0.0,0.0,0.0,0.0,0.0,0.0,base,bot_standard
2026-07-26 17:02:06,0,15.1,0,3,9,0,6,3,1,1,1.04,3,1.10,2.6,1.0,0.8,2.6,3.1,1.3,3.7,pro_optimized_v1,bot_standard
2026-07-26 17:02:09,0,16.7,0,3,4,0,3,3,1,1,2.20,3,1.18,5.2,0.3,0.0,1.6,1.0,1.3,7.3,chaos,bot_standard
2026-07-26 17:02:16,1,43.6,1,0,20,3,16,2,1,0,0.00,13,1.04,12.0,0.0,0.0,4.9,8.3,1.3,16.1,pro_optimized_v3,bot_standard
2026-07-26 17:02:19,1,16.9,2,0,10,3,5,1,2,1,0.46,2,1.74,4.2,0.0,0.0,2.1,3.2,3.1,3.4,chaos,bot_standard
2026-07-26 17:02:21,0,10.4,0,2,6,1,4,3,1,0,0.00,3,0.88,2.6,0.0,0.0,1.6,1.6,1.3,3.1,pro_optimized_v1,bot_standard
2026-07-26 17:02:26,1,33.6,1,0,24,3,12,2,4,4,1.11,6,1.55,10.7,0.0,0.5,5.5,3.9,4.8,7.3,pro_optimized_v2,bot_standard
2026-07-26 17:02:31,0,28.6,0,1,20,2,15,3,4,4,1.49,5,0.86,7.3,1.3,0.0,5.2,5.5,5.2,3.1,pro_learned_v5,bot_standard
2026-07-26 17:02:34,0,14.4,0,3,4,0,4,3,1,0,0.00,4,1.26,3.4,0.0,0.8,1.8,1.6,1.3,5.5,pro,bot_standard
2026-07-26 17:02:37,0,13.3,0,1,6,2,5,3,1,1,1.10,4,0.95,5.8,0.0,0.0,1.0,1.3,1.3,2.9,pro_learned_v5,bot_standard
2026-07-26 17:02:39,1,13.5,3,0,7,3,5,0,1,0,0.00,2,1.72,2.1,1.3,0.0,2.3,3.4,1.3,2.2,pro_optimized_v1,bot_standard
2026-07-26 17:02:42,0,10.2,0,3,3,0,4,3,0,0,0.00,2,2.15,2.6,1.0,0.5,1.6,1.4,0.0,3.1,pro_learned_v4,bot_standard
2026-07-26 17:02:45,0,17.9,0,2,10,1,9,3,0,0,0.00,7,0.65,3.1,1.6,0.0,2.3,5.0,0.0,5.5,pro_learned_v4,bot_standard
2026-07-26 17:02:48,0,12.0,0,1,5,2,3,3,1,1,3.78,1,2.62,4.2,0.0,0.3,2.1,0.6,1.3,3.1,pro,bot_standard
2026-07-26 17:02:51,1,20.1,1,0,15,3,4,2,0,0,0.00,5,1.33,2.1,0.5,1.3,1.2,1.8,0.0,12.2,pro,bot_standard
2026-07-26 17:02:55,1,19.4,1,0,11,3,7,2,0,0,0.00,8,0.91,4.9,0.0,0.0,2.1,3.6,0.0,7.8,pro_learned_v4,bot_standard
2026-07-26 17:02:57,1,13.1,1,0,6,3,8,2,0,0,0.00,0,0.00,0.0,0.0,0.0,0.0,0.0,0.0,0.0,base,bot_standard
2026-07-26 17:03:01,0,17.9,0,2,10,1,7,3,3,3,0.68,5,0.47,6.0,1.0,0.0,2.3,2.3,2.9,2.9,pro_optimized_v3,bot_standard
2026-07-26 17:03:03,0,12.9,0,2,8,1,7,3,0,0,0.00,0,0.00,0.0,0.0,0.0,0.0,0.0,0.0,0.0,base,bot_standard
2026-07-26 17:03:06,0,13.4,0,2,3,1,5,3,1,1,1.14,5,0.56,3.6,0.5,0.5,0.8,2.5,1.3,3.6,pro_optimized_v1,bot_standard
2026-07-26 17:03:09,0,11.2,0,2,5,1,4,3,1,0,0.00,4,0.75,3.9,0.0,0.0,1.3,1.0,1.3,3.1,pro_learned_v5,bot_standard
2026-07-26 17:03:13,0,25.0,0,3,4,0,4,3,2,2,2.62,8,1.02,2.9,0.0,0.5,4.2,1.4,3.4,12.7,pro,bot_standard
2026-07-26 17:03:16,1,17.7,1,0,7,3,6,2,2,3,0.63,5,0.68,8.3,0.0,0.0,1.0,1.9,2.6,2.9,pro_learned_v5,bot_standard
2026-07-26 17:03:19,1,12.6,2,0,6,3,1,1,0,0,0.00,4,1.11,4.7,0.0,0.0,0.4,0.3,0.0,6.2,pro,bot_standard
2026-07-26 17:03:23,1,22.8,1,0,12,3,8,2,3,3,1.13,5,0.87,6.2,0.3,1.0,5.2,2.3,3.9,2.9,pro_optimized_v2,bot_standard
2026-07-26 17:03:25,1,13.6,2,0,11,3,4,1,3,2,0.99,2,0.65,0.3,0.0,0.0,3.6,2.6,4.6,1.6,pro_optimized_v1,bot_standard
2026-07-26 17:03:28,0,12.0,0,3,2,0,5,3,0,0,0.00,4,0.80,3.9,0.0,0.0,1.3,2.1,0.0,4.7,pro_learned_v4,bot_standard
2026-07-26 17:03:31,0,19.5,0,1,7,2,6,3,1,2,2.10,2,1.81,5.7,0.0,1.0,3.4,2.9,1.3,4.2,pro_learned_v4,bot_standard
2026-07-26 17:03:34,0,12.1,0,3,6,0,5,3,2,2,1.54,2,0.75,4.7,0.0,0.5,0.8,1.5,1.6,3.1,pro_optimized_v2,bot_standard
2026-07-26 17:03:38,0,21.6,0,2,8,1,7,3,1,0,0.00,9,1.06,2.3,0.3,0.0,4.4,1.9,1.3,10.9,pro_optimized_v1,bot_standard
2026-07-26 17:03:42,0,23.9,0,2,14,1,9,3,0,0,0.00,7,1.17,2.6,2.1,0.0,3.9,4.7,0.0,10.1,chaos,bot_standard
2026-07-26 17:03:45,0,19.7,0,2,12,1,10,3,2,2,1.18,4,0.82,8.8,0.0,0.0,1.8,3.1,2.6,2.9,pro_learned_v5,bot_standard
2026-07-26 17:03:49,0,23.9,0,3,23,0,12,3,3,2,0.58,6,1.06,4.4,2.1,0.0,4.7,5.7,3.9,3.1,pro_learned_v5,bot_standard
2026-07-26 17:03:52,0,12.3,0,2,3,1,3,3,0,0,0.00,4,1.00,5.2,0.3,0.0,3.1,0.6,0.0,2.6,pro_optimized_v1_origin,bot_standard
2026-07-26 17:03:56,1,21.7,2,0,13,3,13,1,0,0,0.00,0,0.00,0.0,0.0,0.0,0.0,0.0,0.0,0.0,base,bot_standard
2026-07-26 17:03:58,0,9.0,0,3,2,0,6,3,0,0,0.00,0,0.00,0.0,0.0,0.0,0.0,0.0,0.0,0.0,base,bot_standard
2026-07-26 17:04:00,1,9.8,2,0,10,3,8,1,0,0,0.00,0,0.00,0.0,0.0,0.0,0.0,0.0,0.0,0.0,base,bot_standard
2026-07-26 17:04:03,0,16.6,0,1,7,2,7,3,1,1,0.70,3,2.24,4.4,0.0,0.0,4.7,2.8,1.3,2.3,pro_learned_v5,bot_standard
2026-07-26 17:04:07,1,19.4,3,0,15,3,5,0,0,0,0.00,9,0.68,3.1,0.8,0.0,0.3,3.4,0.0,10.8,pro_optimized_v1_origin,bot_standard
2026-07-26 17:04:10,0,14.6,0,2,5,1,4,3,1,1,0.28,2,2.70,3.9,0.0,0.0,4.2,1.6,1.3,3.1,pro_optimized_v1,bot_standard
2026-07-26 17:04:13,0,16.0,0,2,6,1,6,3,3,3,0.57,3,0.73,7.0,0.0,0.0,1.0,1.5,2.9,3.1,pro_learned_v5,bot_standard
2026-07-26 17:04:16,0,19.7,0,2,8,1,6,3,2,1,1.10,4,1.15,8.3,0.0,0.0,3.1,2.3,2.6,2.9,pro_optimized_v2,bot_standard
2026-07-26 17:04:19,0,15.3,0,2,6,1,5,3,1,2,1.49,2,1.52,3.9,0.0,0.0,2.9,2.4,1.3,4.4,pro_optimized_v1,bot_standard
2026-07-26 17:04:22,0,15.9,0,1,8,2,5,3,0,0,0.00,6,1.06,7.1,0.0,0.0,2.9,1.8,0.0,3.1,pro_learned_v5,bot_standard
2026-07-26 17:04:27,0,28.5,0,1,19,2,6,3,2,2,0.71,7,1.90,3.6,0.0,1.0,6.0,2.8,2.6,11.4,pro,bot_standard
2026-07-26 17:04:30,0,16.9,0,2,8,1,5,3,1,1,0.74,4,0.90,9.6,0.0,0.0,0.8,1.6,1.3,3.1,pro_learned_v5,bot_standard
2026-07-26 17:04:34,0,24.4,0,1,13,2,8,3,3,4,1.13,3,1.53,9.1,0.0,0.0,3.4,2.3,3.9,4.7,pro_optimized_v3,bot_standard
2026-07-26 17:04:36,0,7.6,0,3,2,0,3,3,0,0,0.00,3,0.83,1.6,1.0,0.0,1.0,0.8,0.0,3.1,pro_learned_v5,bot_standard
2026-07-26 17:04:39,1,10.3,2,0,7,3,6,1,1,1,0.32,2,1.18,2.6,0.5,0.0,1.5,1.8,1.3,1.6,pro_learned_v5,bot_standard
2026-07-26 17:04:41,1,12.1,1,0,6,3,5,2,2,1,0.76,2,1.27,2.9,0.0,0.0,1.3,1.5,2.6,2.9,pro_optimized_v3,bot_standard
2026-07-26 17:04:43,1,10.0,2,0,7,3,3,1,1,1,0.78,1,1.06,4.4,0.5,0.0,0.5,1.2,1.3,1.0,pro_optimized_v3,bot_standard
2026-07-26 17:04:48,0,25.4,0,1,10,2,9,3,0,0,0.00,9,1.14,4.7,0.0,0.0,4.4,4.9,0.0,10.4,pro_optimized_v1_origin,bot_standard
2026-07-26 17:04:52,1,26.2,1,0,11,3,7,2,1,0,0.00,12,0.90,3.9,0.3,0.0,3.6,4.1,1.3,12.0,chaos,bot_standard
2026-07-26 17:04:55,0,11.9,0,3,2,0,4,3,0,0,0.00,3,1.16,3.6,0.0,0.0,3.4,1.8,0.0,3.1,pro_optimized_v1_origin,bot_standard
2026-07-26 17:04:58,0,16.2,0,2,9,1,3,3,3,4,0.66,1,1.98,8.1,0.0,0.0,0.4,1.0,3.1,3.1,pro_learned_v5,bot_standard
2026-07-26 17:05:01,0,15.0,0,2,7,1,3,3,2,2,0.54,6,0.73,6.0,0.0,0.0,2.3,1.0,2.6,2.6,pro_optimized_v3,bot_standard
2026-07-26 17:05:03,0,14.3,0,2,8,1,8,3,0,0,0.00,0,0.00,0.0,0.0,0.0,0.0,0.0,0.0,0.0,base,bot_standard
2026-07-26 17:05:06,0,13.6,0,2,5,1,5,3,0,0,0.00,8,0.65,2.9,0.0,0.0,3.6,2.1,0.0,4.5,pro_learned_v4,bot_standard
2026-07-26 17:05:10,0,18.9,0,1,9,2,8,3,1,1,1.52,3,0.60,10.4,0.0,0.0,1.3,2.8,1.3,2.1,pro_learned_v5,bot_standard
2026-07-26 17:05:13,0,22.0,0,1,8,2,6,3,1,0,0.00,6,1.19,5.7,0.0,0.0,1.8,2.3,1.3,9.8,pro_optimized_v3,bot_standard
2026-07-26 17:05:17,0,23.1,0,2,5,1,5,3,1,1,0.96,4,1.06,13.0,0.3,0.0,3.6,1.6,1.3,2.9,pro_optimized_v1,bot_standard
2026-07-26 17:05:20,0,11.8,0,1,7,2,4,3,2,2,0.66,3,0.71,1.6,0.5,0.0,2.1,1.4,2.6,2.6,pro_optimized_v1,bot_standard
2026-07-26 17:05:23,0,18.9,0,1,8,2,10,3,1,0,0.00,5,1.08,6.8,0.0,0.3,3.6,3.1,1.3,2.9,pro_optimized_v2,bot_standard
2026-07-26 17:05:26,0,15.8,0,1,8,2,6,3,1,0,0.00,3,1.55,2.6,1.8,0.0,3.1,2.8,1.3,3.1,pro_optimized_v1_origin,bot_standard
2026-07-26 17:05:30,1,20.0,2,0,9,3,6,1,0,0,0.00,1,8.96,4.4,0.0,0.5,5.2,3.4,0.0,5.5,pro,bot_standard
2026-07-26 17:05:33,0,13.7,0,1,7,2,7,3,0,0,0.00,0,0.00,0.0,0.0,0.0,0.0,0.0,0.0,0.0,base,bot_standard
2026-07-26 17:05:36,0,20.5,0,1,9,2,5,3,3,4,0.91,7,0.88,5.5,1.8,0.0,4.7,1.8,2.9,2.9,pro_learned_v5,bot_standard
2026-07-26 17:05:40,0,21.8,0,3,12,0,9,3,1,1,0.30,7,0.87,2.1,0.0,0.0,2.9,4.1,1.3,11.4,pro_optimized_v1,bot_standard
2026-07-26 17:05:43,0,15.2,0,1,8,2,7,3,2,3,0.80,4,0.63,2.3,1.3,0.5,2.1,3.5,2.6,1.8,pro_optimized_v1,bot_standard
2026-07-26 17:05:46,1,10.9,2,0,4,3,4,1,1,0,0.00,2,0.50,3.6,0.3,0.3,0.8,2.6,1.3,1.0,pro_optimized_v1,bot_standard
2026-07-26 17:05:49,1,15.7,1,0,6,3,4,2,0,0,0.00,5,1.05,4.4,0.0,0.0,5.2,1.2,0.0,3.9,pro_optimized_v1_origin,bot_standard
2026-07-26 17:05:52,0,16.1,0,2,9,1,16,3,0,0,0.00,0,0.00,0.0,0.0,0.0,0.0,0.0,0.0,0.0,base,bot_standard
2026-07-26 17:05:57,0,37.2,0,1,27,2,17,3,4,1,0.30,12,0.97,10.7,0.0,0.8,6.8,5.5,5.2,7.3,pro_optimized_v2,bot_standard
2026-07-26 17:05:59,1,8.6,2,0,6,3,3,1,0,0,0.00,1,0.36,4.9,0.0,0.0,0.3,1.3,0.0,1.0,pro_optimized_v2,bot_standard
2026-07-26 17:06:02,0,9.4,0,3,1,0,3,3,0,0,0.00,3,0.71,1.8,1.3,0.0,2.9,0.6,0.0,2.9,pro_learned_v4,bot_standard
2026-07-26 17:06:05,0,17.1,0,2,3,1,4,3,2,1,0.54,3,1.40,7.0,0.0,0.0,2.6,1.3,2.6,3.1,pro_optimized_v2,bot_standard
2026-07-26 17:06:10,0,30.3,0,1,10,2,5,3,2,2,1.33,6,0.66,15.9,0.5,0.0,3.9,2.5,2.6,3.9,pro_optimized_v1,bot_standard
2026-07-26 17:06:14,1,25.9,1,0,14,3,6,2,4,3,1.44,5,1.60,8.3,0.0,0.0,7.5,1.8,4.3,2.9,pro_optimized_v2,bot_standard
2026-07-26 17:06:17,1,17.5,1,0,10,3,14,2,0,0,0.00,0,0.00,0.0,0.0,0.0,0.0,0.0,0.0,0.0,base,bot_standard
2026-07-26 17:06:20,0,12.9,0,1,7,2,6,3,0,0,0.00,0,0.00,0.0,0.0,0.0,0.0,0.0,0.0,0.0,base,bot_standard
2026-07-26 17:06:22,0,11.8,0,3,2,0,5,3,0,0,0.00,4,0.93,3.1,1.6,0.0,1.0,2.7,0.0,3.4,pro_optimized_v1_origin,bot_standard
2026-07-26 17:06:25,0,15.1,0,3,8,0,4,3,1,0,0.00,6,1.27,2.9,0.0,0.8,2.1,1.6,0.0,7.8,pro,bot_standard
2026-07-26 17:06:28,0,16.1,0,3,9,0,6,3,0,0,0.00,4,1.46,2.9,1.0,0.0,3.6,3.6,0.0,4.9,pro_optimized_v1_origin,bot_standard
2026-07-26 17:06:32,0,22.9,0,2,12,1,7,3,3,3,2.18,3,1.81,5.2,0.3,0.0,7.3,2.6,3.9,3.1,pro_optimized_v3,bot_standard
2026-07-26 17:06:36,0,16.3,0,1,8,2,10,3,0,0,0.00,0,0.00,0.0,0.0,0.0,0.0,0.0,0.0,0.0,base,bot_standard
2026-07-26 17:06:38,0,15.5,0,2,3,1,5,3,1,0,0.00,4,0.77,6.8,0.0,0.0,2.1,1.5,1.3,3.4,pro_learned_v4,bot_standard
2026-07-26 17:06:41,1,12.4,1,0,11,3,4,2,0,0,0.00,0,0.00,0.0,0.0,0.0,0.0,0.0,0.0,0.0,base,bot_standard
2026-07-26 17:06:44,0,12.5,0,1,8,2,4,3,1,0,0.00,3,1.65,1.6,0.3,0.0,3.6,1.9,1.3,3.1,pro_learned_v4,bot_standard
2026-07-26 17:06:47,0,19.1,0,2,8,1,17,3,0,0,0.00,0,0.00,0.0,0.0,0.0,0.0,0.0,0.0,0.0,base,bot_standard
2026-07-26 17:06:50,0,10.8,0,3,5,0,5,3,0,0,0.00,0,0.00,0.0,0.0,0.0,0.0,0.0,0.0,0.0,base,bot_standard
2026-07-26 17:06:52,0,9.4,0,3,2,0,3,3,1,1,1.58,4,0.76,2.3,0.0,0.5,1.6,0.8,1.3,2.9,pro_optimized_v2,bot_standard
2026-07-26 17:06:55,0,14.9,0,2,3,1,8,3,0,0,0.00,0,0.00,0.0,0.0,0.0,0.0,0.0,0.0,0.0,base,bot_standard
2026-07-26 17:06:58,0,11.2,0,1,7,2,4,3,2,2,1.92,2,0.39,1.3,0.5,0.0,1.0,1.6,2.6,3.1,chaos,bot_standard
2026-07-26 17:07:00,0,11.1,0,2,5,1,5,3,1,1,0.56,3,0.99,3.4,0.0,0.5,1.0,1.3,1.3,3.1,pro_optimized_v2,bot_standard
2026-07-26 17:07:03,1,13.5,1,0,6,3,3,2,1,1,0.22,3,0.87,7.0,0.0,0.0,1.3,0.5,1.3,2.3,pro_learned_v5,bot_standard
2026-07-26 17:07:06,0,17.0,0,2,11,1,5,3,1,2,1.40,3,0.62,3.1,0.8,1.0,1.8,1.6,3.4,4.9,pro_optimized_v1,bot_standard
2026-07-26 17:07:10,0,17.7,0,2,13,1,7,3,2,0,0.00,4,0.76,5.5,0.8,0.0,1.6,4.2,1.3,3.9,pro_optimized_v1,bot_standard
2026-07-26 17:07:13,0,19.6,0,3,4,0,6,3,2,2,1.45,6,0.87,3.9,0.5,0.0,2.3,2.5,2.6,7.8,pro_optimized_v1,bot_standard
2026-07-26 17:07:16,0,13.0,0,3,2,0,4,3,0,0,0.00,1,2.06,7.0,0.0,0.0,1.0,1.6,0.0,3.4,pro_optimized_v1_origin,bot_standard
2026-07-26 17:07:18,0,12.5,0,2,3,1,4,3,0,0,0.00,3,0.92,6.2,0.0,0.3,0.3,2.2,0.0,3.1,pro,bot_standard
2026-07-26 17:07:22,1,23.6,1,0,7,3,6,2,0,0,0.00,6,0.91,10.7,0.3,0.0,4.4,2.8,0.0,4.4,pro_optimized_v1_origin,bot_standard
2026-07-26 17:07:25,0,14.8,0,1,12,2,12,3,0,0,0.00,0,0.00,0.0,0.0,0.0,0.0,0.0,0.0,0.0,base,bot_standard
2026-07-26 17:07:28,0,12.4,0,2,8,1,3,3,0,0,0.00,3,1.55,2.9,1.0,1.0,2.1,0.8,0.0,4.2,pro_learned_v4,bot_standard
2026-07-26 17:07:31,1,17.9,2,0,5,3,3,1,1,1,0.86,7,0.78,3.4,0.0,0.8,1.0,1.3,1.6,8.9,pro,bot_standard
2026-07-26 17:07:34,0,13.8,0,2,3,1,9,3,0,0,0.00,0,0.00,0.0,0.0,0.0,0.0,0.0,0.0,0.0,base,bot_standard
2026-07-26 17:07:37,0,15.3,0,2,6,1,6,3,1,1,0.30,5,0.96,2.3,0.5,0.5,2.3,2.3,1.3,5.5,pro_learned_v4,bot_standard
2026-07-26 17:07:39,0,9.9,0,2,4,1,3,3,0,0,0.00,2,1.96,4.2,0.0,0.0,1.3,1.1,0.0,2.9,pro_learned_v4,bot_standard
2026-07-26 17:07:41,0,9.5,0,1,3,2,4,3,0,0,0.00,0,0.00,0.0,0.0,0.0,0.0,0.0,0.0,0.0,base,bot_standard
2026-07-26 17:07:44,1,11.7,1,0,6,3,3,2,3,5,0.75,0,0.00,2.9,0.0,0.0,0.8,1.3,3.2,2.6,pro_learned_v4,bot_standard
2026-07-26 17:07:47,0,16.8,0,1,5,2,4,3,0,0,0.00,3,1.99,5.7,0.5,0.0,4.7,1.8,0.0,3.1,pro_optimized_v1_origin,bot_standard
2026-07-26 17:07:51,0,25.8,0,3,11,0,8,3,1,1,1.60,9,0.93,4.7,2.9,0.0,3.1,3.4,1.3,10.4,pro_optimized_v1,bot_standard
2026-07-26 17:07:55,0,21.3,0,1,11,2,7,3,3,2,2.05,2,0.57,5.7,0.0,0.0,4.9,1.8,3.9,3.9,pro_learned_v5,bot_standard
2026-07-26 17:08:00,0,27.2,0,2,14,1,15,3,4,4,0.60,11,0.64,5.2,0.0,0.0,6.8,5.4,5.2,4.2,pro_learned_v5,bot_standard
2026-07-26 17:08:04,0,26.9,0,2,11,1,9,3,2,1,1.20,12,0.99,6.2,0.0,0.0,4.9,2.3,2.6,10.4,pro_optimized_v2,bot_standard
2026-07-26 17:08:07,0,14.5,0,2,8,1,6,3,2,1,2.56,4,1.04,1.3,0.3,0.0,3.9,2.8,2.6,3.1,pro_optimized_v1,bot_standard
2026-07-26 17:08:11,0,21.3,0,2,6,1,10,3,0,0,0.00,11,0.61,3.6,0.0,0.0,2.6,6.0,0.0,8.6,pro_learned_v4,bot_standard
2026-07-26 17:08:16,0,30.7,0,1,15,2,12,3,4,5,1.50,6,1.35,7.0,0.0,0.8,9.9,3.7,5.2,3.1,pro_optimized_v2,bot_standard
2026-07-26 17:08:21,0,37.2,0,2,26,1,10,3,2,2,1.01,12,0.64,1.0,3.6,0.0,6.5,5.7,3.6,16.2,pro_optimized_v1,bot_standard
2026-07-26 17:08:25,1,21.7,1,0,15,3,6,2,3,3,1.35,3,0.95,6.2,1.0,0.8,3.6,2.6,3.9,2.6,chaos,bot_standard
2026-07-26 17:08:28,0,17.2,0,2,5,1,6,3,1,1,1.24,4,1.01,8.3,0.0,0.0,2.1,1.8,1.3,3.1,pro_learned_v5,bot_standard
2026-07-26 17:08:32,0,19.5,0,2,12,1,7,3,1,1,0.36,9,0.83,2.1,0.3,0.0,4.4,2.9,1.6,7.8,pro_optimized_v1_origin,bot_standard
2026-07-26 17:08:35,0,16.6,0,1,4,2,4,3,0,0,0.00,6,1.09,4.9,0.0,0.5,0.8,1.9,0.0,7.5,pro,bot_standard
2026-07-26 17:08:39,0,25.2,0,2,12,1,10,3,2,1,0.86,5,0.97,10.7,0.0,0.0,3.6,3.4,2.6,4.4,pro_optimized_v3,bot_standard
2026-07-26 17:08:42,0,11.8,0,2,7,1,7,3,0,0,0.00,0,0.00,0.0,0.0,0.0,0.0,0.0,0.0,0.0,base,bot_standard
2026-07-26 17:08:46,0,24.3,0,3,8,0,5,3,2,2,3.28,8,0.60,7.3,0.0,0.8,3.4,1.2,2.6,9.1,pro_optimized_v2,bot_standard
2026-07-26 17:08:50,0,23.2,0,1,12,2,23,3,0,0,0.00,0,0.00,0.0,0.0,0.0,0.0,0.0,0.0,0.0,base,bot_standard
2026-07-26 17:08:53,0,16.2,0,1,11,2,8,3,2,2,0.78,4,0.84,3.4,0.0,0.0,2.9,3.1,2.6,3.3,pro_optimized_v1,bot_standard
2026-07-26 17:08:56,0,14.9,0,2,1,1,6,3,0,0,0.00,0,0.00,0.0,0.0,0.0,0.0,0.0,0.0,0.0,base,bot_standard
2026-07-26 17:09:00,0,22.9,0,2,6,1,6,3,0,0,0.00,9,0.71,9.1,0.0,0.0,5.0,3.4,0.0,4.9,pro_learned_v4,bot_standard
2026-07-26 17:09:03,0,13.5,0,2,1,1,6,3,0,0,0.00,2,1.57,5.5,0.0,0.0,1.6,2.9,0.0,3.1,pro_optimized_v1_origin,bot_standard
2026-07-26 17:09:06,0,16.7,0,3,3,0,3,3,1,0,0.00,4,0.89,10.7,0.0,0.0,1.1,0.8,1.3,2.9,pro_learned_v5,bot_standard
2026-07-26 17:09:10,0,22.1,0,1,8,2,5,3,1,1,2.34,3,3.11,7.5,1.8,0.0,6.0,1.8,1.3,2.6,pro_optimized_v1_origin,bot_standard
2026-07-26 17:09:12,0,14.7,0,2,8,1,3,3,1,1,1.10,5,0.66,7.8,0.0,0.0,1.6,0.9,1.3,3.1,pro_optimized_v2,bot_standard
2026-07-26 17:09:17,1,27.0,2,0,12,3,6,1,0,0,0.00,17,0.77,2.6,0.8,0.0,4.2,1.3,0.0,17.2,pro_optimized_v1_origin,bot_standard
2026-07-26 17:09:20,0,13.7,0,2,4,1,5,3,2,3,0.69,3,0.53,4.9,0.3,0.0,1.3,1.8,2.6,2.3,pro_optimized_v1,bot_standard
2026-07-26 17:09:24,0,23.6,0,1,14,2,11,3,1,1,0.48,6,0.66,11.2,0.0,0.0,3.4,3.9,1.3,2.9,pro_optimized_v3,bot_standard
2026-07-26 17:09:26,1,10.4,1,0,10,3,5,2,1,1,0.56,0,0.00,2.6,1.0,0.0,0.8,2.9,1.3,0.8,pro_optimized_v1,bot_standard
2026-07-26 17:09:29,1,11.8,1,0,4,3,7,2,0,0,0.00,0,0.00,0.0,0.0,0.0,0.0,0.0,0.0,0.0,base,bot_standard
2026-07-26 17:09:32,0,16.9,0,1,9,2,7,3,0,0,0.00,3,1.95,2.1,1.3,0.0,4.4,2.9,0.0,5.2,pro_optimized_v1,bot_standard
2026-07-26 17:09:35,0,15.4,0,2,6,1,5,3,2,2,0.82,3,0.73,6.8,0.0,0.0,1.3,1.3,2.6,2.9,pro_learned_v5,bot_standard
2026-07-26 17:09:39,1,26.0,1,0,9,3,5,2,2,1,1.86,7,1.03,6.5,0.0,0.0,3.9,2.1,1.6,10.9,pro_optimized_v1,bot_standard
2026-07-26 17:09:43,0,23.4,0,1,15,2,11,3,3,2,1.76,5,0.86,6.5,0.0,0.0,3.9,4.9,3.9,3.1,pro_learned_v5,bot_standard
2026-07-26 17:09:45,0,10.7,0,2,5,1,4,3,0,0,0.00,2,1.81,3.9,0.0,0.5,1.6,1.7,0.0,2.9,pro_learned_v4,bot_standard
2026-07-26 17:09:49,0,21.1,0,3,2,0,3,3,0,0,0.00,3,1.29,12.7,0.8,1.0,2.1,0.8,0.0,3.6,pro_learned_v4,bot_standard
2026-07-26 17:09:52,0,13.7,0,2,8,1,4,3,1,0,0.00,4,0.85,4.2,0.0,0.0,1.0,1.3,1.3,5.5,pro_optimized_v3,bot_standard
2026-07-26 17:09:55,0,14.1,0,2,4,1,3,3,1,0,0.00,2,1.56,3.6,1.3,0.0,3.6,0.9,1.3,2.9,pro_optimized_v1,bot_standard
2026-07-26 17:09:58,0,16.1,0,2,14,1,5,3,2,3,2.01,1,1.18,6.2,0.8,0.0,1.8,1.3,2.6,2.9,pro_optimized_v3,bot_standard
2026-07-26 17:10:01,1,18.4,2,0,5,3,7,1,0,0,0.00,2,1.11,10.9,0.0,0.0,0.5,4.5,0.0,1.6,pro_learned_v4,bot_standard
2026-07-26 17:10:04,0,16.8,0,2,3,1,3,3,2,2,1.92,1,1.56,7.3,1.0,0.0,1.3,1.0,2.6,3.1,pro_optimized_v1,bot_standard
2026-07-26 17:10:09,1,25.8,1,0,9,3,7,2,4,2,2.33,6,0.91,3.4,0.0,0.0,2.6,3.6,5.3,9.9,chaos,bot_standard
2026-07-26 17:10:13,0,23.2,0,1,15,2,13,3,0,0,0.00,0,0.00,0.0,0.0,0.0,0.0,0.0,0.0,0.0,base,bot_standard
2026-07-26 17:10:15,0,12.5,0,2,3,1,7,3,0,0,0.00,0,0.00,0.0,0.0,0.0,0.0,0.0,0.0,0.0,base,bot_standard
2026-07-26 17:10:18,1,9.3,1,0,3,3,2,2,0,0,0.00,3,1.37,1.8,1.3,0.0,3.1,1.0,0.0,1.0,pro_learned_v4,bot_standard
2026-07-26 17:10:20,0,10.6,0,1,6,2,6,3,0,0,0.00,0,0.00,0.0,0.0,0.0,0.0,0.0,0.0,0.0,base,bot_standard
2026-07-26 17:10:24,0,27.5,0,2,13,1,6,3,0,0,0.00,9,0.83,9.6,0.8,0.3,2.6,2.8,0.0,10.9,pro_learned_v4,bot_standard
2026-07-26 17:10:29,1,26.5,1,0,9,3,11,2,0,0,0.00,5,1.53,7.0,1.3,0.0,2.1,7.5,0.0,7.5,pro_optimized_v1_origin,bot_standard
2026-07-26 17:10:31,0,9.1,0,2,4,1,3,3,0,0,0.00,4,1.07,2.3,0.5,0.5,0.8,1.3,0.0,3.1,pro_learned_v4,bot_standard
2026-07-26 17:10:34,0,12.2,0,3,4,0,4,3,1,2,1.53,1,2.40,3.6,0.3,0.5,1.6,1.3,1.3,3.6,pro,bot_standard
2026-07-26 17:10:36,0,10.6,0,3,5,0,4,3,1,2,0.81,3,0.64,3.1,0.0,0.0,2.1,1.0,1.3,3.1,pro_optimized_v2,bot_standard
2026-07-26 17:10:43,0,47.6,0,2,15,1,13,3,2,1,1.32,17,1.18,8.1,0.0,1.8,8.1,7.1,2.9,19.2,pro,bot_standard
2026-07-26 17:10:46,0,13.0,0,2,7,1,6,3,0,0,0.00,5,1.04,0.8,1.6,0.0,4.9,2.3,0.0,2.9,pro_optimized_v1_origin,bot_standard
2026-07-26 17:10:48,0,11.6,0,2,5,1,5,3,0,0,0.00,7,0.44,3.4,0.0,0.5,0.0,2.2,0.0,4.9,pro_learned_v4,bot_standard
2026-07-26 17:10:51,0,15.1,0,3,9,0,6,3,1,1,0.90,5,0.41,7.0,0.0,0.0,0.8,3.1,1.3,2.9,pro_optimized_v1_origin,bot_standard
2026-07-26 17:10:56,0,33.0,0,1,10,2,7,3,1,0,0.00,10,0.93,9.4,1.8,0.0,3.4,3.7,1.8,12.0,chaos,bot_standard
2026-07-26 17:11:02,1,36.1,1,0,15,3,9,2,3,4,0.55,12,1.10,4.9,0.0,0.5,5.2,5.2,4.4,14.8,pro,bot_standard
2026-07-26 17:11:05,0,12.8,0,3,3,0,3,3,1,0,0.00,3,1.22,5.5,0.0,0.0,1.8,0.8,1.3,3.4,pro_optimized_v1,bot_standard
2026-07-26 17:11:08,1,15.8,2,0,9,3,5,1,2,2,1.22,3,0.80,3.1,0.3,0.0,4.7,2.6,2.6,1.6,chaos,bot_standard
2026-07-26 17:11:10,0,12.8,0,3,3,0,4,3,0,0,0.00,3,1.21,5.2,0.0,0.0,2.9,1.6,0.0,3.1,pro_learned_v4,bot_standard
2026-07-26 17:11:15,0,25.2,0,3,11,0,5,3,2,1,0.32,3,2.50,9.1,0.3,1.3,2.1,1.8,1.6,9.1,pro_optimized_v2,bot_standard
2026-07-26 17:11:18,1,16.0,1,0,9,3,5,2,1,1,0.72,6,0.65,0.3,0.3,0.0,6.8,3.1,1.6,3.1,pro_optimized_v1,bot_standard
2026-07-26 17:11:20,0,14.1,0,1,6,2,7,3,1,0,0.00,6,0.84,4.4,0.0,0.0,2.9,1.7,1.3,2.9,pro_learned_v5,bot_standard
2026-07-26 17:11:24,0,20.5,0,1,4,2,3,3,1,1,0.52,5,0.80,10.9,0.3,0.8,0.5,0.9,1.6,4.9,pro,bot_standard
2026-07-26 17:11:27,0,18.7,0,1,11,2,15,3,0,0,0.00,0,0.00,0.0,0.0,0.0,0.0,0.0,0.0,0.0,base,bot_standard
2026-07-26 17:11:30,0,14.0,0,3,9,0,5,3,0,0,0.00,6,0.77,1.8,1.0,0.8,1.6,2.1,0.0,6.8,pro_learned_v4,bot_standard
2026-07-26 17:11:33,0,15.0,0,2,2,1,4,3,2,4,0.82,1,2.16,6.5,0.0,0.0,1.0,1.0,2.9,3.1,chaos,bot_standard
2026-07-26 17:11:36,0,14.2,0,2,6,1,5,3,1,1,0.88,2,1.38,5.9,0.0,0.0,1.6,2.1,1.3,2.9,pro_optimized_v3,bot_standard
2026-07-26 17:11:39,0,16.6,0,1,7,2,9,3,3,1,2.74,5,0.46,4.9,0.0,0.0,2.9,2.6,2.9,2.3,pro_optimized_v3,bot_standard
2026-07-26 17:11:43,1,21.5,1,0,15,3,7,2,3,2,2.38,3,0.46,5.7,0.0,0.0,2.6,2.3,3.9,6.0,pro_optimized_v3,bot_standard
2026-07-26 17:11:47,0,21.3,0,1,9,2,6,3,0,0,0.00,11,0.76,1.6,0.0,0.0,4.4,2.6,0.0,11.7,pro_optimized_v1_origin,bot_standard
2026-07-26 17:11:50,1,18.9,2,0,8,3,2,1,2,2,0.87,2,0.99,13.8,0.0,0.0,0.8,0.5,1.7,1.0,pro_learned_v5,bot_standard
2026-07-26 17:11:54,0,19.0,0,3,5,0,4,3,1,0,0.00,3,1.18,9.4,0.3,0.0,2.9,1.1,2.3,3.1,pro_optimized_v1,bot_standard
2026-07-26 17:11:56,1,11.8,3,0,9,3,7,0,1,1,0.70,3,0.49,4.7,0.3,0.0,2.3,2.2,1.3,0.0,pro_optimized_v3,bot_standard
2026-07-26 17:11:59,0,13.9,0,2,4,1,5,3,0,0,0.00,5,1.38,1.8,1.3,0.0,4.4,1.3,0.0,4.5,pro_learned_v4,bot_standard
2026-07-26 17:12:02,0,19.6,0,1,14,2,7,3,3,1,0.62,2,0.61,6.5,0.0,0.3,2.1,2.7,3.9,3.1,pro_optimized_v2,bot_standard
2026-07-26 17:12:05,1,11.4,1,0,5,3,5,2,0,0,0.00,3,0.89,3.4,0.3,0.0,1.6,2.6,0.0,2.6,pro_learned_v4,bot_standard
2026-07-26 17:12:08,0,16.1,0,1,7,2,11,3,0,0,0.00,0,0.00,0.0,0.0,0.0,0.0,0.0,0.0,0.0,base,bot_standard
2026-07-26 17:12:11,0,13.4,0,2,5,1,6,3,2,2,0.55,4,0.68,4.2,0.0,0.0,1.6,1.7,2.6,2.9,pro_learned_v5,bot_standard
2026-07-26 17:12:13,0,13.0,0,2,3,1,3,3,2,1,4.06,1,3.42,1.0,0.3,0.0,4.9,0.5,2.6,3.1,pro,bot_standard
2026-07-26 17:12:16,0,8.8,0,2,4,1,3,3,0,0,0.00,4,0.50,3.9,0.0,0.0,0.8,0.8,0.0,2.9,pro_learned_v4,bot_standard
2026-07-26 17:13:00,1,19.7,2,0,8,3,3,1,3,2,1.84,5,1.02,6.0,0.0,0.3,5.5,1.5,3.9,1.6,pro_optimized_v2,bot_standard
2026-07-26 17:13:04,0,23.3,0,1,15,2,6,3,4,3,1.91,4,1.06,4.7,0.0,0.3,6.8,2.3,5.2,3.1,pro_optimized_v2,bot_standard
2026-07-26 17:13:07,0,14.7,0,1,7,2,4,3,1,2,1.27,5,0.37,5.2,0.0,0.5,2.6,1.3,1.3,3.1,pro_optimized_v2,bot_standard
2026-07-26 17:13:09,0,11.5,0,2,6,1,3,3,0,0,0.00,4,0.51,5.5,0.5,0.5,0.5,1.2,0.0,2.9,pro_learned_v4,bot_standard
2026-07-26 17:13:13,0,20.6,0,2,10,1,7,3,3,3,0.97,7,1.01,4.2,0.3,0.0,6.2,2.4,3.9,3.1,pro_optimized_v2,bot_standard
2026-07-26 17:13:16,1,18.2,1,0,8,3,3,2,1,1,2.58,6,0.62,3.1,0.0,1.0,0.3,1.6,1.3,9.9,pro,bot_standard
2026-07-26 17:13:19,0,8.8,0,3,4,0,3,3,0,0,0.00,3,1.03,3.1,0.5,0.5,0.0,1.3,0.0,3.4,pro_learned_v4,bot_standard
2026-07-26 17:13:33,0,16.7,0,2,7,1,3,3,1,1,3.04,3,0.89,4.5,0.0,0.3,6.8,0.8,1.3,2.6,pro_optimized_v2,bot_standard
2026-07-26 17:13:35,0,9.1,0,3,2,0,5,3,0,0,0.00,4,0.40,4.2,0.0,0.0,0.8,1.3,0.0,2.9,pro_optimized_v3,bot_standard
2026-07-26 17:13:38,0,13.0,0,3,3,0,5,3,0,0,0.00,3,1.92,4.9,0.0,0.0,3.1,1.3,0.0,3.6,pro_learned_v5,bot_standard
2026-07-26 17:13:40,0,12.2,0,1,5,2,9,3,0,0,0.00,0,0.00,0.0,0.0,0.0,0.0,0.0,0.0,0.0,base,bot_standard
2026-07-26 17:13:43,0,15.7,0,2,6,1,12,3,0,0,0.00,0,0.00,0.0,0.0,0.0,0.0,0.0,0.0,0.0,base,bot_standard
2026-07-26 17:13:46,0,10.8,0,2,4,1,3,3,1,1,3.06,3,1.27,1.6,0.3,0.5,2.9,0.7,1.3,3.1,pro,bot_standard
2026-07-26 17:13:49,0,20.3,0,1,8,2,8,3,2,3,0.61,2,2.41,5.7,0.0,0.0,6.0,2.1,2.6,2.9,pro_optimized_v3,bot_standard
2026-07-26 17:13:51,1,8.1,2,0,7,3,4,1,0,0,0.00,0,0.00,0.0,0.0,0.0,0.0,0.0,0.0,0.0,base,bot_standard
2026-07-26 17:13:54,0,12.7,0,2,5,1,4,3,0,0,0.00,3,1.44,4.9,0.5,0.0,2.3,1.5,0.0,2.9,pro_optimized_v1_origin,bot_standard
2026-07-26 17:13:57,0,20.0,0,2,10,1,3,3,0,0,0.00,10,0.85,3.9,0.3,1.6,0.5,1.1,0.0,12.2,pro,bot_standard
2026-07-26 17:14:01,1,19.4,1,0,7,3,5,2,2,3,1.01,2,4.47,8.0,0.0,0.0,3.9,1.3,2.6,2.6,pro_learned_v5,bot_standard
2026-07-26 17:14:04,1,13.8,3,0,11,3,5,0,2,0,0.00,0,0.00,3.4,0.0,1.0,2.1,3.5,2.9,0.0,chaos,bot_standard
2026-07-26 17:14:06,0,9.4,0,3,2,0,4,3,0,0,0.00,3,0.59,5.0,0.0,0.0,0.5,1.0,0.0,2.9,pro_learned_v5,bot_standard
2026-07-26 17:14:08,1,10.9,3,0,8,3,5,0,2,1,0.58,2,0.50,3.1,0.0,0.0,1.8,2.3,2.6,0.0,pro_optimized_v3,bot_standard
2026-07-26 17:14:12,0,19.5,0,1,7,2,9,3,0,0,0.00,5,1.47,1.8,0.8,0.0,4.9,5.0,0.0,6.0,pro_learned_v4,bot_standard
2026-07-26 17:14:15,0,15.3,0,1,7,2,4,3,0,0,0.00,5,1.09,5.5,0.0,0.0,4.2,1.3,0.0,3.4,pro_learned_v4,bot_standard
2026-07-26 17:14:19,1,21.7,2,0,9,3,9,1,0,0,0.00,2,1.09,10.7,0.5,0.0,1.6,6.4,0.0,1.6,pro_learned_v4,bot_standard
2026-07-26 17:14:21,1,12.9,3,0,6,3,1,0,1,0,0.00,0,0.00,6.2,0.8,0.0,2.5,0.8,1.6,0.0,chaos,bot_standard
2026-07-26 17:14:24,0,11.9,0,3,4,0,3,3,0,0,0.00,4,0.45,6.8,0.0,0.3,1.0,0.8,0.0,3.1,pro_optimized_v2,bot_standard
2026-07-26 17:14:27,1,14.9,2,0,11,3,5,1,2,2,0.39,4,0.40,5.5,0.0,0.3,1.8,2.4,2.6,1.3,pro_optimized_v1,bot_standard
2026-07-26 17:14:30,0,17.5,0,1,10,2,12,3,0,0,0.00,0,0.00,0.0,0.0,0.0,0.0,0.0,0.0,0.0,base,bot_standard
2026-07-26 17:14:33,1,14.9,2,0,8,3,3,1,0,0,0.00,6,0.95,2.9,0.3,0.0,2.1,1.1,0.0,7.5,chaos,bot_standard
2026-07-26 17:14:35,0,11.3,0,2,6,1,4,3,1,0,0.00,3,0.52,5.2,0.0,0.0,0.3,1.2,1.3,2.9,pro_optimized_v3,bot_standard
2026-07-26 17:14:38,0,14.6,0,2,6,1,6,3,2,1,1.32,3,0.79,5.0,0.0,0.0,1.6,1.8,2.6,3.1,pro_optimized_v3,bot_standard
2026-07-26 17:14:44,0,40.8,0,1,20,2,14,3,2,2,1.92,5,1.23,22.9,0.0,0.0,4.4,7.0,2.6,2.9,pro_learned_v5,bot_standard
2026-07-26 17:14:47,1,11.2,2,0,5,3,8,1,0,0,0.00,0,0.00,0.0,0.0,0.0,0.0,0.0,0.0,0.0,base,bot_standard
2026-07-26 17:14:51,0,27.9,0,3,12,0,9,3,2,2,0.63,6,1.96,5.5,0.0,1.6,2.3,4.5,3.1,10.9,pro,bot_standard
2026-07-26 17:14:55,0,17.9,0,3,5,0,4,3,2,1,3.92,2,1.60,4.7,0.3,0.5,3.1,1.0,3.1,5.2,pro,bot_standard
2026-07-26 17:14:59,1,24.1,1,0,12,3,9,2,1,0,0.00,9,0.88,2.3,0.3,0.3,4.2,4.2,1.3,10.6,pro_learned_v4,bot_standard
2026-07-26 17:15:01,0,11.4,0,3,1,0,7,3,0,0,0.00,0,0.00,0.0,0.0,0.0,0.0,0.0,0.0,0.0,base,bot_standard
2026-07-26 17:15:04,0,11.0,0,3,4,0,6,3,0,0,0.00,4,0.47,3.4,0.0,0.0,1.3,3.0,0.0,3.4,pro_learned_v4,bot_standard
2026-07-26 17:15:07,0,15.3,0,3,3,0,6,3,0,0,0.00,0,0.00,0.0,0.0,0.0,0.0,0.0,0.0,0.0,base,bot_standard
2026-07-26 17:15:10,1,17.7,1,0,14,3,8,2,1,1,0.44,3,0.53,8.3,0.0,0.0,1.6,2.9,1.3,2.6,pro_optimized_v3,bot_standard
2026-07-26 17:20:35,0,21.4,0,2,8,1,7,3,2,2,0.65,4,2.27,3.9,0.0,1.6,2.9,3.5,2.6,6.5,pro,bot_standard
2026-07-26 17:20:38,0,14.8,0,3,3,0,4,3,0,0,0.00,5,1.22,3.4,0.0,0.5,4.7,1.8,0.0,4.4,pro,bot_standard
2026-07-26 17:20:44,0,38.5,0,1,19,2,8,3,3,4,3.57,4,0.86,16.1,0.0,1.0,8.8,3.5,3.9,4.2,pro_optimized_v2,bot_standard
2026-07-26 17:20:48,1,18.2,1,0,6,3,11,2,1,1,1.10,7,0.45,7.3,0.0,0.0,2.9,3.1,1.3,2.6,pro_optimized_v3,bot_standard
2026-07-26 17:20:50,1,7.2,3,0,5,3,5,0,0,0,0.00,1,0.60,1.6,1.3,0.0,0.5,2.9,0.0,0.0,pro_learned_v4,bot_standard
2026-07-26 17:20:52,0,11.9,0,3,3,0,3,3,0,0,0.00,5,1.00,3.4,0.0,1.0,1.0,0.7,0.0,5.7,pro,bot_standard
2026-07-26 17:20:55,0,17.7,0,2,8,1,4,3,0,0,0.00,5,1.43,4.9,0.0,0.0,4.7,1.3,0.0,6.3,pro_optimized_v1,bot_standard
2026-07-26 17:20:58,1,11.7,2,0,7,3,5,1,0,0,0.00,4,0.69,5.2,0.0,0.0,3.1,1.1,0.0,1.3,pro_optimized_v3,bot_standard
2026-07-26 17:21:01,1,18.5,2,0,7,3,5,1,3,1,1.56,3,0.95,6.0,0.0,0.5,3.9,2.2,3.9,1.0,pro_optimized_v2,bot_standard
2026-07-26 17:21:04,0,11.7,0,2,8,1,7,3,0,0,0.00,0,0.00,0.0,0.0,0.0,0.0,0.0,0.0,0.0,base,bot_standard
2026-07-26 17:21:08,1,24.1,1,0,10,3,5,2,2,0,0.00,4,1.89,7.8,0.3,0.5,5.4,3.1,2.9,3.1,pro,bot_standard
2026-07-26 17:21:13,1,30.3,1,0,14,3,8,2,0,0,0.00,12,1.20,3.1,0.5,0.0,6.7,3.4,0.0,15.6,pro_optimized_v1_origin,bot_standard
2026-07-26 17:21:15,0,12.6,0,3,2,0,3,3,0,0,0.00,6,0.55,3.9,0.0,0.0,1.6,1.1,0.0,6.0,pro_optimized_v1_origin,bot_standard
2026-07-26 17:21:18,0,9.1,0,3,3,0,3,3,0,0,0.00,3,0.91,3.4,0.0,0.0,1.6,0.8,0.0,3.4,pro_optimized_v1_origin,bot_standard
2026-07-26 17:21:20,0,12.3,0,1,4,2,6,3,2,1,2.94,3,0.39,3.9,0.0,0.0,1.6,1.6,1.5,2.9,pro_learned_v5,bot_standard
2026-07-26 17:21:23,0,14.6,0,1,6,2,5,3,0,0,0.00,5,0.98,3.6,0.0,1.0,1.3,2.6,0.0,5.5,pro,bot_standard
2026-07-26 17:21:26,0,17.1,0,1,9,2,4,3,2,2,0.84,5,0.84,7.6,0.0,0.0,2.1,1.3,2.6,2.6,pro_optimized_v3,bot_standard
2026-07-26 17:21:32,0,34.3,0,2,18,1,9,3,3,3,0.66,5,3.14,10.4,0.0,0.8,13.8,3.6,2.6,2.6,pro_optimized_v2,bot_standard
2026-07-26 17:21:36,1,24.6,1,0,10,3,5,2,1,1,1.90,5,0.95,12.7,0.0,0.8,3.4,2.6,1.3,2.9,pro_optimized_v2,bot_standard
2026-07-26 17:21:39,0,14.5,0,2,6,1,7,3,0,0,0.00,6,0.57,6.5,0.0,0.0,1.6,2.9,0.0,3.1,pro_learned_v5,bot_standard
2026-07-26 17:21:42,0,16.2,0,1,8,2,14,3,0,0,0.00,0,0.00,0.0,0.0,0.0,0.0,0.0,0.0,0.0,base,bot_standard
2026-07-26 17:21:46,1,24.5,2,0,9,3,7,1,1,1,5.32,3,0.62,11.3,0.0,0.8,5.2,2.9,1.3,2.1,chaos,bot_standard
2026-07-26 17:21:49,0,16.3,0,3,8,0,4,3,0,0,0.00,5,1.10,2.3,0.8,2.1,1.6,1.7,0.0,7.8,pro_learned_v4,bot_standard
2026-07-26 17:21:52,0,13.3,0,2,9,1,4,3,1,0,0.00,3,1.18,5.7,0.0,0.0,1.8,1.2,1.3,3.1,pro_optimized_v3,bot_standard
2026-07-26 17:21:54,0,14.0,0,2,8,1,4,3,1,1,3.68,2,1.01,5.5,0.0,0.5,2.3,1.0,1.3,2.9,chaos,bot_standard
2026-07-26 17:21:59,1,26.1,3,0,12,3,5,0,2,3,0.51,2,0.87,18.2,0.0,0.0,2.5,1.8,2.6,0.0,pro_learned_v5,bot_standard
2026-07-26 17:22:02,0,20.8,0,2,11,1,7,3,2,2,1.21,6,0.52,8.6,0.0,0.0,4.2,2.4,2.6,2.6,pro_optimized_v3,bot_standard
2026-07-26 17:22:06,1,19.8,1,0,9,3,6,2,1,1,1.70,10,0.54,5.5,0.3,0.0,2.1,2.6,1.3,7.1,pro_learned_v4,bot_standard
2026-07-26 17:22:09,0,14.5,0,1,6,2,6,3,2,2,0.41,3,0.80,4.7,0.0,0.8,0.3,2.9,2.6,2.3,chaos,bot_standard
2026-07-26 17:22:12,1,20.8,2,0,6,3,5,1,0,0,0.00,9,0.51,7.5,0.0,0.0,1.0,2.9,0.0,8.3,pro_optimized_v1_origin,bot_standard
2026-07-26 17:22:15,0,11.2,0,2,7,1,4,3,0,0,0.00,3,0.84,3.1,1.3,0.0,1.0,1.8,0.0,3.4,pro_optimized_v1_origin,bot_standard
2026-07-26 17:22:19,0,25.9,0,2,5,1,8,3,2,1,0.46,9,0.65,14.3,0.0,0.0,2.9,2.0,2.6,3.6,pro_learned_v5,bot_standard
2026-07-26 17:22:22,0,15.0,0,3,6,0,6,3,2,3,0.69,2,0.92,6.0,0.0,0.0,1.0,2.2,2.6,3.1,pro_optimized_v3,bot_standard
2026-07-26 17:22:25,1,15.5,1,0,10,3,6,2,2,1,1.60,3,1.13,4.2,0.3,0.0,2.6,2.6,2.1,2.9,pro_optimized_v3,bot_standard
2026-07-26 17:22:28,0,17.3,0,2,8,1,10,3,0,0,0.00,6,0.52,3.1,0.5,0.8,1.0,5.4,0.0,6.0,pro_learned_v4,bot_standard
2026-07-26 17:22:31,0,12.8,0,1,7,2,7,3,0,0,0.00,0,0.00,0.0,0.0,0.0,0.0,0.0,0.0,0.0,base,bot_standard
2026-07-26 17:22:33,0,11.6,0,3,3,0,9,3,0,0,0.00,0,0.00,0.0,0.0,0.0,0.0,0.0,0.0,0.0,base,bot_standard
2026-07-26 17:22:36,0,9.4,0,3,5,0,3,3,0,0,0.00,3,1.05,3.1,0.0,0.8,1.6,0.8,0.0,3.1,pro_learned_v4,bot_standard
2026-07-26 17:22:38,0,10.4,0,2,4,1,5,3,0,0,0.00,3,0.62,3.6,0.0,0.0,1.6,1.6,0.0,3.1,pro_learned_v4,bot_standard
2026-07-26 17:22:43,0,33.3,0,1,7,2,6,3,3,1,1.40,8,0.99,16.1,0.0,0.0,2.1,2.3,2.6,9.1,pro_optimized_v1,bot_standard
2026-07-26 17:22:51,0,50.1,0,1,18,2,8,3,3,2,1.79,11,1.11,20.5,0.3,1.0,3.1,3.9,4.4,15.9,pro,bot_standard
2026-07-26 17:22:54,0,16.6,0,2,3,1,7,3,0,0,0.00,2,1.07,9.9,0.0,0.0,1.0,2.3,0.0,2.9,pro_optimized_v3,bot_standard
2026-07-26 17:22:57,0,18.0,0,1,6,2,5,3,2,4,1.03,3,1.25,3.6,0.5,0.3,5.7,1.1,2.6,3.1,pro_optimized_v1,bot_standard
2026-07-26 17:23:02,0,27.8,0,3,5,0,3,3,0,0,0.00,5,0.91,16.6,0.8,0.3,2.6,0.8,0.0,6.8,pro_optimized_v1,bot_standard
2026-07-26 17:23:04,1,12.1,1,0,7,3,2,2,0,0,0.00,5,1.09,3.1,0.0,1.0,2.0,0.5,0.0,4.4,pro,bot_standard
2026-07-26 17:23:08,0,27.0,0,2,11,1,11,3,2,1,0.30,9,1.48,3.4,0.0,0.0,6.5,4.6,2.6,9.4,pro,bot_standard
2026-07-26 17:23:11,0,14.6,0,1,3,2,3,3,1,0,0.00,4,1.59,1.8,0.0,0.3,3.1,0.6,1.3,6.5,pro,bot_standard
2026-07-26 17:23:17,0,32.9,0,2,18,1,7,3,1,1,0.42,19,0.86,2.3,0.3,1.0,4.2,3.1,1.3,20.3,pro,bot_standard
2026-07-26 17:23:20,1,16.0,1,0,11,3,8,2,2,2,0.67,4,0.38,5.7,0.5,0.0,0.8,2.5,2.6,2.9,pro_learned_v5,bot_standard
2026-07-26 17:23:22,1,11.9,2,0,7,3,10,1,0,0,0.00,0,0.00,0.0,0.0,0.0,0.0,0.0,0.0,0.0,base,bot_standard
2026-07-26 17:23:25,0,15.8,0,2,9,1,7,3,1,1,0.56,6,0.85,2.6,0.3,0.0,4.2,3.3,1.3,3.6,pro_optimized_v1,bot_standard
2026-07-26 17:23:28,1,13.6,2,0,11,3,5,1,2,1,1.20,2,1.08,3.1,0.0,0.8,2.1,2.2,3.1,1.3,pro_optimized_v1,bot_standard
2026-07-26 17:23:31,0,12.7,0,3,4,0,5,3,0,0,0.00,0,0.00,0.0,0.0,0.0,0.0,0.0,0.0,0.0,base,bot_standard
2026-07-26 17:23:36,0,33.7,0,2,12,1,5,3,3,2,2.80,5,0.56,21.1,0.0,0.0,3.9,1.2,3.9,3.1,pro_optimized_v2,bot_standard
2026-07-26 17:23:39,0,14.6,0,2,6,1,4,3,2,2,0.65,3,1.09,4.4,0.0,0.3,2.4,1.6,2.6,2.9,pro_optimized_v2,bot_standard
2026-07-26 17:23:41,0,10.4,0,2,5,1,3,3,1,0,0.00,4,0.72,3.7,0.0,0.8,0.8,0.8,1.3,2.6,pro_optimized_v2,bot_standard
2026-07-26 17:23:44,0,13.9,0,2,6,1,6,3,0,0,0.00,4,0.99,3.9,0.0,0.0,2.6,3.5,0.0,3.4,pro_learned_v4,bot_standard
2026-07-26 17:23:47,0,19.3,0,3,7,0,5,3,2,1,0.32,4,0.62,10.9,0.0,0.0,1.4,1.6,2.6,2.9,pro_learned_v5,bot_standard
2026-07-26 17:23:51,0,18.0,0,2,4,1,6,3,2,1,3.16,1,2.42,9.4,0.0,0.0,1.6,1.8,1.6,3.1,pro_optimized_v3,bot_standard
2026-07-26 17:23:53,0,12.3,0,3,8,0,5,3,1,0,0.00,2,1.77,4.2,0.0,1.6,0.5,1.9,1.3,2.9,pro_optimized_v2,bot_standard
2026-07-26 17:23:57,1,19.5,1,0,9,3,5,2,1,1,0.58,4,1.90,3.6,0.3,0.5,0.8,3.1,0.8,9.4,pro,bot_standard
2026-07-26 17:23:59,0,12.2,0,2,5,1,5,3,0,0,0.00,4,0.93,3.9,0.0,0.0,3.1,1.6,0.0,3.1,pro_optimized_v1_origin,bot_standard
2026-07-26 17:24:02,0,16.8,0,1,7,2,4,3,1,1,4.26,5,1.08,2.6,0.3,1.0,2.6,1.5,1.3,6.5,chaos,bot_standard
2026-07-26 17:24:05,0,9.9,0,2,5,1,5,3,0,0,0.00,0,0.00,0.0,0.0,0.0,0.0,0.0,0.0,0.0,base,bot_standard
2026-07-26 17:24:08,0,20.0,0,1,8,2,6,3,1,1,0.72,7,0.81,6.8,0.5,0.0,1.8,2.6,1.3,6.0,pro_optimized_v1_origin,bot_standard
2026-07-26 17:24:12,0,20.3,0,1,8,2,3,3,0,0,0.00,7,1.20,3.1,1.0,1.6,2.1,1.1,0.0,10.4,pro,bot_standard
2026-07-26 17:24:15,1,15.9,2,0,6,3,1,1,0,0,0.00,5,1.43,1.0,0.0,0.0,4.4,0.3,0.0,9.1,pro,bot_standard
2026-07-26 17:24:18,0,13.8,0,1,10,2,5,3,0,0,0.00,4,0.72,0.8,4.2,0.0,2.9,1.9,0.0,3.1,pro_optimized_v1_origin,bot_standard
2026-07-26 17:24:21,0,14.6,0,3,4,0,3,3,0,0,0.00,5,1.28,3.1,0.0,0.0,3.4,1.0,0.0,7.0,pro_optimized_v1_origin,bot_standard
2026-07-26 17:24:25,0,28.1,0,1,11,2,9,3,3,2,2.29,4,1.65,7.0,1.3,0.0,3.1,3.9,2.9,8.8,pro_optimized_v1,bot_standard
2026-07-26 17:24:30,0,26.5,0,2,10,1,5,3,1,1,0.60,7,1.20,9.1,0.0,0.3,5.2,2.4,1.3,7.8,pro,bot_standard
2026-07-26 17:24:33,0,18.2,0,2,15,1,9,3,2,2,0.51,5,0.74,6.8,0.0,0.0,2.1,2.8,2.6,3.4,pro_learned_v5,bot_standard
2026-07-26 17:24:35,0,12.3,0,2,6,1,4,3,0,0,0.00,3,1.08,3.9,0.5,0.0,2.9,1.6,0.0,2.9,pro_optimized_v1,bot_standard
2026-07-26 17:24:39,0,17.3,0,2,9,1,17,3,0,0,0.00,0,0.00,0.0,0.0,0.0,0.0,0.0,0.0,0.0,base,bot_standard
2026-07-26 17:24:41,0,10.5,0,3,6,0,5,3,0,0,0.00,3,0.94,4.8,0.0,0.0,0.8,1.8,0.0,3.1,pro_optimized_v3,bot_standard
2026-07-26 17:24:43,0,8.6,0,3,1,0,3,3,0,0,0.00,2,1.38,3.9,0.0,0.0,0.8,1.1,0.0,2.9,pro_learned_v4,bot_standard
2026-07-26 17:24:47,1,20.2,2,0,9,3,4,1,2,1,0.80,8,0.60,5.2,0.0,0.0,4.7,1.8,2.6,4.9,chaos,bot_standard
2026-07-26 17:24:52,0,37.0,0,2,14,1,13,3,0,0,0.00,5,1.93,15.1,1.0,0.0,6.2,6.8,0.0,7.3,chaos,bot_standard
2026-07-26 17:24:55,0,11.1,0,2,4,1,7,3,0,0,0.00,0,0.00,0.0,0.0,0.0,0.0,0.0,0.0,0.0,base,bot_standard
2026-07-26 17:24:59,0,22.8,0,2,7,1,4,3,1,0,0.00,4,0.80,11.4,0.0,1.0,1.3,1.3,1.3,6.0,pro_optimized_v2,bot_standard
2026-07-26 17:25:01,0,12.6,0,3,4,0,5,3,0,0,0.00,3,1.51,3.9,0.5,0.5,1.6,3.0,0.0,3.1,pro_optimized_v1,bot_standard
2026-07-26 17:25:04,0,11.9,0,2,5,1,4,3,0,0,0.00,6,0.74,2.1,0.5,0.0,2.9,1.7,0.0,4.7,pro_optimized_v1_origin,bot_standard
2026-07-26 17:25:06,1,9.4,3,0,6,3,4,0,0,0,0.00,3,0.64,3.4,0.0,0.0,2.3,2.7,0.0,0.0,pro_optimized_v1_origin,bot_standard
2026-07-26 17:25:11,0,28.3,0,3,11,0,8,3,3,3,0.80,6,0.53,15.1,0.0,0.0,3.1,3.3,3.9,2.9,pro_learned_v5,bot_standard
2026-07-26 17:25:13,0,13.0,0,2,5,1,5,3,0,0,0.00,4,0.99,3.4,0.0,0.0,3.6,1.3,0.0,4.2,pro_optimized_v1_origin,bot_standard
2026-07-26 17:25:16,0,15.5,0,2,4,1,6,3,0,0,0.00,5,0.89,5.5,0.0,0.0,1.8,2.3,0.0,5.5,pro_optimized_v1,bot_standard
2026-07-26 17:25:19,1,10.4,2,0,5,3,2,1,1,1,1.10,2,0.33,5.0,0.0,0.0,1.0,1.0,1.3,1.0,pro_optimized_v3,bot_standard
2026-07-26 17:25:22,0,13.3,0,2,8,1,10,3,0,0,0.00,0,0.00,0.0,0.0,0.0,0.0,0.0,0.0,0.0,base,bot_standard
2026-07-26 17:25:24,0,10.4,0,1,3,2,4,3,0,0,0.00,2,1.37,3.6,0.0,0.8,0.8,1.6,0.0,2.6,pro_learned_v4,bot_standard
2026-07-26 17:25:28,0,22.8,0,1,14,2,5,3,1,1,0.56,8,1.08,3.1,0.0,1.0,4.7,1.5,1.6,9.9,pro,bot_standard
2026-07-26 17:25:32,1,25.7,1,0,12,3,5,2,3,3,2.04,4,0.95,4.9,1.6,0.0,3.1,1.9,5.2,8.1,pro_optimized_v1,bot_standard
2026-07-26 17:25:37,0,31.4,0,1,14,2,7,3,1,1,3.16,8,1.65,4.7,0.0,0.0,9.1,3.6,1.3,11.7,chaos,bot_standard
2026-07-26 17:25:41,0,25.7,0,1,11,2,9,3,4,3,0.97,4,1.01,8.6,0.0,0.0,4.0,3.6,5.2,3.4,chaos,bot_standard
2026-07-26 17:25:44,0,11.7,0,1,5,2,8,3,0,0,0.00,0,0.00,0.0,0.0,0.0,0.0,0.0,0.0,0.0,base,bot_standard
2026-07-26 17:25:46,0,8.9,0,3,6,0,4,3,0,0,0.00,3,0.55,2.6,0.8,0.0,0.3,2.4,0.0,2.9,pro_learned_v4,bot_standard
2026-07-26 17:25:49,0,11.7,0,2,9,1,5,3,0,0,0.00,6,0.89,0.8,1.6,0.0,2.3,2.3,0.0,4.2,pro_learned_v4,bot_standard
2026-07-26 17:25:51,0,15.2,0,3,5,0,5,3,1,1,1.30,3,1.57,4.4,0.0,0.0,1.6,2.7,1.3,5.2,pro,bot_standard
2026-07-26 17:25:54,1,12.3,2,0,10,3,3,1,2,3,1.06,1,1.54,2.1,1.3,0.0,0.5,1.6,3.5,2.3,chaos,bot_standard
2026-07-26 17:25:57,0,17.2,0,2,11,1,14,3,0,0,0.00,0,0.00,0.0,0.0,0.0,0.0,0.0,0.0,0.0,base,bot_standard
2026-07-26 17:26:00,0,13.5,0,3,2,0,3,3,0,0,0.00,4,0.54,4.7,0.3,0.0,4.4,0.8,0.0,3.4,pro_optimized_v1_origin,bot_standard
2026-07-26 17:26:05,0,31.0,0,2,12,1,9,3,0,0,0.00,20,0.77,2.9,0.3,0.0,5.2,2.9,0.0,19.3,pro_optimized_v1_origin,bot_standard
2026-07-26 17:26:09,0,21.1,0,2,9,1,8,3,0,0,0.00,4,2.95,3.9,0.0,0.0,7.0,3.5,0.0,6.2,pro_optimized_v1_origin,bot_standard
2026-07-26 17:26:13,0,26.3,0,2,7,1,7,3,0,0,0.00,4,1.55,13.0,1.0,0.5,3.9,3.2,0.0,4.2,pro_learned_v4,bot_standard
2026-07-26 17:26:21,0,55.9,0,1,24,2,6,3,0,0,0.00,19,1.37,4.4,0.0,0.0,20.3,2.1,0.0,28.1,chaos,bot_standard
2026-07-26 17:26:23,0,10.5,0,2,3,1,4,3,0,0,0.00,3,1.25,2.3,0.3,0.0,2.9,1.2,0.0,3.6,pro_optimized_v1_origin,bot_standard
2026-07-26 17:26:27,0,19.2,0,2,7,1,7,3,2,3,0.48,3,0.81,9.1,0.0,0.0,2.3,2.1,2.6,2.6,pro_optimized_v3,bot_standard
2026-07-26 17:26:29,1,9.8,3,0,8,3,6,0,0,0,0.00,0,0.00,0.0,0.0,0.0,0.0,0.0,0.0,0.0,base,bot_standard
2026-07-26 17:26:34,0,30.7,0,2,10,1,7,3,2,3,1.18,1,1.50,20.0,0.0,0.0,2.3,2.1,2.6,3.1,pro_learned_v5,bot_standard
2026-07-26 17:26:37,0,11.5,0,3,4,0,3,3,1,0,0.00,3,0.35,3.6,0.0,0.5,0.8,0.8,2.6,3.1,pro_optimized_v1,bot_standard
2026-07-26 17:26:39,0,13.8,0,1,8,2,10,3,0,0,0.00,0,0.00,0.0,0.0,0.0,0.0,0.0,0.0,0.0,base,bot_standard
2026-07-26 17:26:44,1,27.2,3,0,11,3,6,0,1,1,0.92,3,0.83,16.9,0.0,0.3,4.2,3.6,1.3,0.0,pro_optimized_v1,bot_standard
2026-07-26 17:26:46,0,11.7,0,3,6,0,4,3,0,0,0.00,0,0.00,0.0,0.0,0.0,0.0,0.0,0.0,0.0,base,bot_standard
2026-07-26 17:26:49,0,10.8,0,3,4,0,9,3,0,0,0.00,0,0.00,0.0,0.0,0.0,0.0,0.0,0.0,0.0,base,bot_standard
2026-07-26 17:26:52,0,20.0,0,2,5,1,10,3,0,0,0.00,0,0.00,0.0,0.0,0.0,0.0,0.0,0.0,0.0,base,bot_standard
2026-07-26 17:26:55,0,16.6,0,1,6,2,4,3,2,2,0.90,4,0.84,7.3,0.0,0.0,1.6,1.0,2.6,3.1,pro_optimized_v3,bot_standard
2026-07-26 17:26:58,0,13.3,0,3,3,0,3,3,0,0,0.00,3,1.77,4.9,2.3,0.8,1.1,0.8,0.0,3.4,pro_learned_v4,bot_standard
2026-07-26 17:27:02,1,25.4,1,0,11,3,12,2,4,4,1.26,4,0.74,9.1,0.0,0.0,3.1,4.1,5.2,2.9,pro_learned_v5,bot_standard
2026-07-26 17:27:05,0,10.9,0,3,1,0,5,3,1,1,0.92,3,0.57,4.9,0.0,0.0,0.3,1.8,1.3,2.6,pro_learned_v5,bot_standard
2026-07-26 17:27:07,0,11.7,0,2,4,1,4,3,2,1,2.20,2,1.14,4.7,0.0,0.0,1.3,0.8,1.6,3.1,pro_learned_v5,bot_standard
2026-07-26 17:27:10,0,14.5,0,1,4,2,5,3,0,0,0.00,0,0.00,0.0,0.0,0.0,0.0,0.0,0.0,0.0,base,bot_standard
2026-07-26 17:27:16,0,37.1,0,1,17,2,12,3,3,3,1.17,8,1.09,8.8,0.3,0.0,3.9,5.9,4.9,12.2,pro_optimized_v1,bot_standard
2026-07-26 17:27:18,0,10.8,0,2,5,1,4,3,0,0,0.00,5,0.64,4.7,0.0,0.0,1.0,1.3,0.0,3.6,pro_optimized_v1_origin,bot_standard
2026-07-26 17:27:20,0,8.3,0,2,3,1,3,3,0,0,0.00,4,0.57,2.9,0.0,0.0,1.6,0.8,0.0,2.6,pro_learned_v4,bot_standard
2026-07-26 17:27:23,0,12.1,0,3,8,0,4,3,1,2,0.72,4,0.71,4.2,0.3,0.0,2.6,0.9,1.3,2.9,pro_learned_v5,bot_standard
2026-07-26 17:27:25,1,10.1,2,0,8,3,2,1,1,0,0.00,4,0.86,2.1,1.3,0.3,2.6,0.3,1.3,1.3,pro_optimized_v1,bot_standard
2026-07-26 17:27:32,1,42.0,2,0,17,3,11,1,0,0,0.00,20,1.12,2.6,1.5,0.0,7.3,5.2,0.0,24.4,pro_optimized_v1_origin,bot_standard
2026-07-26 17:27:35,0,15.8,0,2,7,1,4,3,0,0,0.00,2,3.11,4.7,0.0,0.0,3.9,1.3,0.0,5.5,chaos,bot_standard
2026-07-26 17:27:38,1,15.0,1,0,5,3,12,2,0,0,0.00,0,0.00,0.0,0.0,0.0,0.0,0.0,0.0,0.0,base,bot_standard
2026-07-26 17:27:41,0,22.1,0,2,11,1,4,3,2,2,2.01,7,1.38,3.1,0.0,0.0,1.3,2.1,2.6,12.5,chaos,bot_standard
2026-07-26 17:27:44,1,13.9,3,0,7,3,5,0,1,0,0.00,1,1.00,7.5,0.3,0.0,1.0,2.7,1.3,0.0,pro_optimized_v1_origin,bot_standard
2026-07-26 17:27:47,1,16.1,2,0,8,3,6,1,1,1,1.62,5,0.46,2.9,0.5,0.3,0.5,3.9,1.3,5.7,pro_optimized_v1,bot_standard
2026-07-26 17:27:50,0,15.1,0,2,9,1,6,3,3,1,3.78,2,0.73,5.0,0.0,0.3,2.1,1.6,2.9,2.9,pro_optimized_v2,bot_standard
2026-07-26 17:27:54,0,20.5,0,1,8,2,5,3,1,2,0.60,9,0.85,2.6,0.0,0.8,2.9,2.3,1.3,9.6,pro,bot_standard
2026-07-26 17:27:57,0,19.5,0,2,12,1,6,3,0,0,0.00,7,0.83,1.6,1.8,0.0,1.8,2.3,0.0,11.5,pro_optimized_v1_origin,bot_standard
2026-07-26 17:28:00,1,12.4,2,0,5,3,3,1,0,0,0.00,2,0.41,5.2,1.3,0.0,1.6,1.3,0.0,2.1,chaos,bot_standard
2026-07-26 17:28:05,0,28.9,0,1,16,2,13,3,0,0,0.00,11,1.09,3.1,0.8,0.0,8.6,6.0,0.0,9.4,chaos,bot_standard
2026-07-26 17:28:09,1,29.8,1,0,14,3,4,2,2,2,1.76,10,1.06,1.0,0.3,1.0,4.4,1.8,2.6,17.6,pro,bot_standard
2026-07-26 17:28:12,0,14.3,0,2,5,1,4,3,0,0,0.00,4,1.64,3.4,0.0,0.0,5.5,0.8,0.0,4.2,pro_optimized_v1,bot_standard
2026-07-26 17:28:14,0,9.5,0,2,4,1,3,3,0,0,0.00,4,0.53,2.3,2.6,0.0,0.8,0.7,0.0,2.6,pro_optimized_v1_origin,bot_standard
2026-07-26 17:28:18,0,19.7,0,1,9,2,8,3,2,2,3.90,2,0.34,6.5,0.0,0.5,3.2,2.1,2.6,3.9,pro_optimized_v2,bot_standard
2026-07-26 17:28:21,1,12.1,2,0,6,3,6,1,0,0,0.00,3,0.87,3.6,0.0,0.0,2.1,3.8,0.0,1.6,pro,bot_standard
2026-07-26 17:28:24,0,23.1,0,1,13,2,8,3,4,3,1.66,5,0.64,10.1,0.0,0.0,3.4,2.1,4.2,2.6,pro_learned_v5,bot_standard
2026-07-26 17:28:27,0,8.0,0,2,4,1,3,3,0,0,0.00,4,0.61,3.1,0.0,0.0,0.8,1.0,0.0,2.6,pro_optimized_v1_origin,bot_standard
2026-07-26 17:28:29,1,14.3,2,0,7,3,12,1,0,0,0.00,0,0.00,0.0,0.0,0.0,0.0,0.0,0.0,0.0,base,bot_standard
2026-07-26 17:28:32,1,15.0,2,0,9,3,5,1,2,3,0.85,2,0.43,5.2,0.0,0.0,1.8,3.1,2.6,1.3,chaos,bot_standard
2026-07-26 17:28:36,1,22.7,1,0,12,3,6,2,1,1,4.48,8,0.87,2.9,0.0,0.8,2.3,2.2,1.3,12.2,chaos,bot_standard
2026-07-26 17:28:51,1,16.7,1,0,8,3,6,2,2,3,1.63,2,1.47,2.3,0.0,0.8,3.6,1.9,3.1,3.9,pro,bot_standard
2026-07-26 17:28:55,0,23.1,0,1,11,2,8,3,3,3,1.63,1,0.24,10.4,0.0,0.0,1.0,3.4,3.9,3.4,pro_learned_v5,bot_standard
2026-07-26 17:28:57,1,9.9,1,0,7,3,4,2,0,0,0.00,0,0.00,0.0,0.0,0.0,0.0,0.0,0.0,0.0,base,bot_standard
2026-07-26 17:29:00,1,12.9,2,0,9,3,2,1,0,0,0.00,4,0.55,4.4,0.0,0.3,0.0,1.3,0.0,5.9,pro,bot_standard
2026-07-26 17:29:03,1,20.7,1,0,8,3,7,2,3,3,0.94,7,1.03,2.9,0.0,0.3,4.4,3.4,4.7,4.2,pro,bot_standard
2026-07-26 17:29:08,0,30.4,0,2,19,1,13,3,3,3,0.99,7,1.05,3.9,0.0,0.0,3.9,6.8,3.9,11.4,pro_optimized_v1,bot_standard
2026-07-26 17:29:11,0,13.6,0,1,7,2,7,3,1,2,0.54,3,1.10,4.8,0.3,0.0,1.6,1.8,1.3,2.9,pro_optimized_v3,bot_standard
2026-07-26 17:29:14,0,16.6,0,1,8,2,6,3,1,1,2.06,3,1.27,3.1,0.3,0.0,2.3,2.6,1.3,6.0,pro_optimized_v1,bot_standard
2026-07-26 17:29:17,1,14.2,2,0,8,3,5,1,0,0,0.00,7,0.55,2.6,0.0,1.3,0.5,2.5,0.0,6.2,chaos,bot_standard
2026-07-26 17:29:20,0,12.5,0,2,4,1,4,3,1,1,1.06,2,2.30,3.6,0.5,0.8,0.5,1.6,1.3,3.6,pro_optimized_v1,bot_standard
2026-07-26 17:29:23,0,14.6,0,2,7,1,6,3,0,0,0.00,7,0.68,2.9,0.3,1.3,0.8,2.4,0.0,6.5,pro_learned_v4,bot_standard
2026-07-26 17:29:26,0,14.5,0,2,4,1,5,3,0,0,0.00,6,0.98,4.2,0.3,0.0,4.9,1.8,0.0,2.9,pro_optimized_v1_origin,bot_standard
2026-07-26 17:29:29,0,16.3,0,1,3,2,3,3,0,0,0.00,3,0.85,11.4,0.0,0.0,0.5,0.9,0.0,2.9,pro_optimized_v1_origin,bot_standard
2026-07-26 17:29:32,0,14.3,0,2,5,1,5,3,1,2,0.64,2,2.17,6.3,0.0,0.5,1.3,1.6,1.3,2.9,pro_optimized_v2,bot_standard
2026-07-26 17:29:36,0,20.6,0,2,10,1,11,3,2,1,4.28,5,0.49,6.0,0.0,0.3,2.1,4.2,2.6,4.9,pro_optimized_v2,bot_standard
2026-07-26 17:29:39,1,18.9,2,0,13,3,5,1,1,0,0.00,11,0.47,2.9,0.3,0.0,2.3,2.9,1.3,8.3,pro_optimized_v1,bot_standard
2026-07-26 17:29:43,0,23.4,0,3,9,0,4,3,2,2,2.44,9,0.86,3.4,0.0,1.0,2.1,1.3,2.6,13.0,pro,bot_standard
2026-07-26 17:29:46,1,10.8,2,0,5,3,4,1,2,1,1.44,1,1.60,3.1,0.0,0.0,1.6,1.3,2.6,1.3,pro_optimized_v3,bot_standard
2026-07-26 17:29:49,0,16.0,0,1,11,2,7,3,1,0,0.00,3,1.49,3.6,0.3,0.0,2.3,3.0,1.3,4.4,pro_learned_v5,bot_standard
2026-07-26 17:29:52,0,15.8,0,2,5,1,11,3,0,0,0.00,0,0.00,0.0,0.0,0.0,0.0,0.0,0.0,0.0,base,bot_standard
2026-07-26 17:29:55,1,13.3,2,0,13,3,6,1,0,0,0.00,2,1.08,3.6,0.0,0.0,1.4,4.7,0.0,2.6,pro_learned_v4,bot_standard
2026-07-26 17:29:57,0,14.8,0,1,8,2,5,3,2,1,1.46,3,1.33,3.2,0.3,0.0,3.4,1.6,2.6,2.9,chaos,bot_standard
2026-07-26 17:30:01,1,20.4,2,0,7,3,5,1,0,0,0.00,9,0.70,5.5,0.3,0.0,2.3,1.7,0.0,9.6,pro_learned_v4,bot_standard
2026-07-26 17:30:03,0,10.4,0,3,4,0,4,3,0,0,0.00,2,0.62,3.1,1.6,0.0,0.8,2.1,0.0,2.9,pro_learned_v4,bot_standard
2026-07-26 17:30:07,1,17.6,1,0,7,3,5,2,1,2,0.62,4,1.16,5.2,0.8,0.8,1.6,2.0,1.3,4.9,pro,bot_standard
2026-07-26 17:30:11,0,25.6,0,2,5,1,7,3,0,0,0.00,6,1.53,8.3,0.0,0.5,3.6,2.5,0.0,10.1,pro_learned_v4,bot_standard
2026-07-26 17:30:14,1,16.5,1,0,7,3,4,2,1,1,0.38,6,1.00,4.9,0.3,1.3,2.8,1.8,1.3,3.1,pro_optimized_v1,bot_standard
2026-07-26 17:30:21,1,46.0,1,0,20,3,7,2,6,5,3.43,4,1.28,16.9,0.0,0.5,15.1,2.1,6.8,3.6,pro_optimized_v2,bot_standard
2026-07-26 17:30:25,0,21.0,0,2,9,1,8,3,1,2,1.68,3,1.95,6.5,0.0,1.0,3.9,3.9,2.1,3.1,chaos,bot_standard
2026-07-26 17:30:28,0,18.7,0,2,7,1,8,3,2,2,0.53,3,0.65,9.1,0.0,0.0,1.8,2.9,1.4,3.1,pro_optimized_v3,bot_standard
2026-07-26 17:30:30,0,10.0,0,2,4,1,4,3,0,0,0.00,3,1.23,3.1,0.0,0.0,2.3,1.5,0.0,2.6,pro_optimized_v1_origin,bot_standard
2026-07-26 17:30:33,1,13.6,1,0,10,3,10,2,0,0,0.00,0,0.00,0.0,0.0,0.0,0.0,0.0,0.0,0.0,base,bot_standard
2026-07-26 17:30:36,0,13.0,0,3,3,0,3,3,2,2,1.65,2,1.83,2.9,0.5,0.0,3.1,0.8,2.6,3.1,pro_optimized_v1,bot_standard
2026-07-26 17:30:38,0,11.1,0,2,3,1,8,3,0,0,0.00,0,0.00,0.0,0.0,0.0,0.0,0.0,0.0,0.0,base,bot_standard
2026-07-26 17:30:41,1,15.9,1,0,6,3,5,2,0,0,0.00,3,1.89,5.2,0.0,0.0,2.9,1.9,0.0,4.9,pro_optimized_v1_origin,bot_standard
2026-07-26 17:34:23,0,14.8,0,2,7,1,6,3,0,0,0.00,6,1.05,4.2,0.3,0.0,4.2,2.6,0.0,3.1,pro_learned_v4,bot_standard
2026-07-26 17:34:26,1,13.3,2,0,8,3,5,1,1,0,0.00,2,0.84,6.8,0.0,0.0,1.6,1.8,1.3,0.9,pro_optimized_v2,bot_standard
2026-07-26 17:34:28,1,11.4,1,0,8,3,2,2,1,2,1.62,2,0.48,4.2,0.0,0.8,1.0,0.5,1.3,2.6,pro_optimized_v2,bot_standard
2026-07-26 17:34:31,0,11.2,0,2,2,1,3,3,0,0,0.00,3,0.78,6.5,0.0,0.0,0.3,1.0,0.0,3.1,pro_optimized_v1_origin,bot_standard
2026-07-26 17:34:38,0,45.0,0,1,25,2,14,3,1,1,1.50,18,1.12,2.6,1.6,0.0,8.1,6.5,1.3,24.0,pro_optimized_v1_origin,bot_standard
2026-07-26 17:34:40,0,12.1,0,1,6,2,6,3,0,0,0.00,0,0.00,0.0,0.0,0.0,0.0,0.0,0.0,0.0,base,bot_standard
2026-07-26 17:34:43,0,17.5,0,2,8,1,5,3,2,1,0.60,5,1.13,2.9,0.0,1.0,0.3,2.5,2.6,7.8,pro,bot_standard
2026-07-26 17:34:46,0,9.7,0,3,7,0,3,3,0,0,0.00,5,0.54,2.6,0.5,0.5,1.6,0.9,0.0,3.6,pro_learned_v4,bot_standard
2026-07-26 17:34:48,1,13.7,2,0,6,3,5,1,2,2,1.01,2,1.39,3.9,0.0,0.0,0.8,2.6,2.6,2.9,chaos,bot_standard
2026-07-26 17:34:51,0,14.4,0,1,6,2,10,3,0,0,0.00,0,0.00,0.0,0.0,0.0,0.0,0.0,0.0,0.0,base,bot_standard
2026-07-26 17:34:55,1,17.6,2,0,12,3,4,1,3,3,1.47,5,0.62,1.8,1.0,0.0,4.9,1.8,5.5,1.6,chaos,bot_standard
2026-07-26 17:34:57,0,14.8,0,2,5,1,5,3,2,1,3.78,3,0.81,4.4,0.3,0.0,2.3,1.6,2.6,3.4,pro_learned_v5,bot_standard
2026-07-26 17:35:00,0,9.4,0,3,2,0,5,3,0,0,0.00,3,0.83,2.9,0.3,0.0,1.3,1.8,0.0,3.1,pro_optimized_v1_origin,bot_standard
2026-07-26 17:35:03,0,18.9,0,2,7,1,5,3,1,0,0.00,6,1.34,1.8,0.3,0.0,3.9,2.0,1.3,9.1,pro_learned_v4,bot_standard
2026-07-26 17:35:06,0,13.3,0,3,5,0,3,3,1,1,0.56,3,1.43,2.6,0.3,1.0,0.8,1.0,1.3,6.2,pro,bot_standard
2026-07-26 17:35:09,1,16.5,3,0,7,3,3,0,2,2,2.09,1,0.78,8.1,0.0,0.8,2.9,1.2,2.6,0.0,pro_optimized_v2,bot_standard
2026-07-26 17:35:11,0,10.1,0,1,3,2,4,3,0,0,0.00,4,0.40,3.1,0.5,0.0,1.0,1.8,0.0,2.6,pro_learned_v4,bot_standard
2026-07-26 17:35:14,0,13.1,0,2,3,1,6,3,0,0,0.00,4,0.93,4.2,0.3,0.5,1.0,3.1,0.0,3.6,pro_optimized_v1,bot_standard
2026-07-26 17:35:17,0,14.9,0,1,8,2,5,3,2,2,1.29,1,1.96,3.1,0.0,0.5,2.3,1.9,2.9,3.4,pro_optimized_v1,bot_standard
2026-07-26 17:35:20,0,16.8,0,2,10,1,6,3,2,4,0.46,4,0.94,6.2,0.0,0.0,2.1,2.3,2.6,3.1,pro_learned_v5,bot_standard
2026-07-26 17:35:24,1,20.1,1,0,7,3,5,2,2,2,1.93,4,0.96,9.4,0.0,0.0,3.0,1.3,2.6,2.9,pro_optimized_v3,bot_standard
2026-07-26 17:35:27,0,18.4,0,2,11,1,3,3,2,2,1.22,4,1.01,3.4,0.0,0.8,0.3,0.8,2.6,10.1,pro,bot_standard
2026-07-26 17:35:29,0,8.9,0,3,2,0,3,3,0,0,0.00,3,0.95,2.6,0.3,0.5,1.9,0.8,0.0,2.9,chaos,bot_standard
2026-07-26 17:35:32,0,13.6,0,2,5,1,5,3,0,0,0.00,4,0.78,4.7,1.6,0.0,1.0,2.2,0.0,3.6,pro_optimized_v1_origin,bot_standard
2026-07-26 17:35:35,0,16.9,0,2,10,1,4,3,0,0,0.00,8,0.84,1.8,1.0,0.0,1.1,1.8,0.0,10.7,pro_optimized_v1_origin,bot_standard
2026-07-26 17:35:38,0,14.3,0,1,9,2,5,3,0,0,0.00,6,0.93,2.9,0.5,0.5,2.1,2.2,0.0,5.2,pro_learned_v4,bot_standard
2026-07-26 17:35:41,0,14.2,0,1,7,2,8,3,0,0,0.00,4,0.41,3.1,0.0,0.0,2.1,4.7,0.0,3.3,chaos,bot_standard
2026-07-26 17:35:44,1,13.9,1,0,8,3,5,2,1,0,0.00,4,0.99,5.8,0.0,0.0,1.8,1.3,1.3,2.6,pro_optimized_v3,bot_standard
2026-07-26 17:35:47,0,15.6,0,1,6,2,3,3,2,2,1.71,3,0.66,6.5,0.0,0.0,1.8,0.8,2.6,2.9,pro_learned_v5,bot_standard
2026-07-26 17:35:50,0,17.7,0,3,7,0,8,3,1,1,1.08,4,0.46,9.6,0.0,0.0,1.3,2.6,1.3,2.9,pro_optimized_v3,bot_standard
2026-07-26 17:35:53,1,20.4,2,0,4,3,2,1,3,3,2.04,5,0.69,7.5,0.0,0.5,6.0,0.5,3.3,1.6,pro_optimized_v2,bot_standard
2026-07-26 17:35:57,0,20.0,0,2,10,1,4,3,4,5,0.91,6,0.56,5.8,0.0,1.0,4.4,1.0,4.2,3.1,pro_optimized_v2,bot_standard
2026-07-26 17:36:00,0,11.9,0,3,3,0,6,3,0,0,0.00,0,0.00,0.0,0.0,0.0,0.0,0.0,0.0,0.0,base,bot_standard
2026-07-26 17:36:04,0,25.3,0,1,13,2,7,3,3,2,4.45,4,1.07,2.3,0.3,0.3,6.5,2.6,4.2,8.6,pro,bot_standard
2026-07-26 17:36:07,1,15.7,1,0,8,3,5,2,0,0,0.00,6,0.74,2.6,1.8,0.5,1.3,2.3,0.0,6.2,pro_learned_v4,bot_standard
2026-07-26 17:36:10,0,19.8,0,1,7,2,4,3,2,0,0.00,1,0.42,8.1,1.3,1.0,0.8,1.0,4.4,2.6,chaos,bot_standard
2026-07-26 17:36:14,0,24.6,0,1,8,2,6,3,3,3,1.15,2,1.79,11.2,0.0,0.0,3.4,2.1,3.9,3.1,pro_learned_v5,bot_standard
2026-07-26 17:36:17,1,11.5,2,0,11,3,2,1,2,3,2.05,0,0.00,2.2,0.0,1.0,1.3,0.8,2.6,2.6,pro_optimized_v2,bot_standard
2026-07-26 17:36:21,0,23.4,0,3,7,0,5,3,0,0,0.00,5,1.83,6.2,0.0,0.0,6.0,1.8,0.0,9.4,chaos,bot_standard
2026-07-26 17:36:24,1,13.3,3,0,8,3,6,0,1,0,0.00,4,0.83,1.8,0.3,0.0,2.9,2.6,1.3,3.4,pro_optimized_v1,bot_standard
2026-07-26 17:36:26,1,11.1,2,0,7,3,6,1,0,0,0.00,2,0.34,2.3,1.0,0.0,0.0,4.4,0.0,2.3,pro_learned_v4,bot_standard
2026-07-26 17:36:31,0,27.8,0,1,10,2,9,3,0,0,0.00,11,1.02,8.1,0.0,0.3,3.6,3.6,0.0,11.3,pro_learned_v4,bot_standard
2026-07-26 17:36:34,0,15.2,0,3,7,0,5,3,2,2,1.35,1,1.40,7.2,0.0,0.0,0.8,1.6,2.6,3.1,pro_learned_v5,bot_standard
2026-07-26 17:36:36,0,9.1,0,3,2,0,3,3,0,0,0.00,3,1.10,3.6,0.0,0.0,1.3,1.3,0.0,2.9,pro_learned_v4,bot_standard
2026-07-26 17:36:39,1,17.6,1,0,11,3,6,2,1,1,0.78,5,0.68,8.3,0.0,0.0,1.8,2.6,1.3,2.6,pro_learned_v5,bot_standard
2026-07-26 17:36:42,0,13.3,0,1,8,2,3,3,0,0,0.00,5,1.10,2.9,1.0,0.3,3.7,1.0,0.0,3.4,pro_learned_v4,bot_standard
2026-07-26 17:36:45,0,15.3,0,1,9,2,8,3,0,0,0.00,0,0.00,0.0,0.0,0.0,0.0,0.0,0.0,0.0,base,bot_standard
2026-07-26 17:36:49,1,23.0,1,0,7,3,11,2,0,0,0.00,0,0.00,0.0,0.0,0.0,0.0,0.0,0.0,0.0,base,bot_standard
2026-07-26 17:36:54,0,31.1,0,2,16,1,7,3,1,1,0.80,13,1.08,3.6,0.8,1.3,4.4,3.1,1.3,16.1,pro,bot_standard
2026-07-26 17:36:56,0,14.8,0,1,2,2,3,3,2,1,2.88,1,0.72,9.1,0.0,0.0,0.3,0.7,1.6,2.6,pro_optimized_v3,bot_standard
2026-07-26 17:37:01,1,28.4,1,0,13,3,7,2,0,0,0.00,6,2.29,3.1,3.1,0.0,5.2,3.2,0.0,12.7,chaos,bot_standard
2026-07-26 17:37:03,0,10.8,0,2,4,1,4,3,0,0,0.00,3,1.37,4.2,0.0,0.0,2.1,1.4,0.0,2.6,pro_learned_v5,bot_standard
2026-07-26 17:37:06,0,14.3,0,2,5,1,4,3,0,0,0.00,4,1.01,3.6,1.8,0.5,3.4,1.6,0.0,2.9,pro_learned_v4,bot_standard
2026-07-26 17:37:10,1,22.0,1,0,8,3,3,2,0,0,0.00,5,0.99,9.9,0.3,0.0,3.4,0.8,0.0,6.8,pro_optimized_v1_origin,bot_standard
2026-07-26 17:37:14,1,23.9,2,0,11,3,6,1,2,1,0.54,8,1.15,8.3,0.0,1.3,7.1,2.1,2.6,1.6,pro_optimized_v2,bot_standard
2026-07-26 17:37:18,0,19.0,0,1,9,2,6,3,2,1,2.92,5,1.09,4.7,0.0,1.0,5.2,1.6,2.6,2.9,pro_optimized_v2,bot_standard
2026-07-26 17:37:21,1,14.6,2,0,5,3,3,1,0,0,0.00,4,1.31,5.7,0.3,0.0,3.7,1.8,0.0,2.1,pro_optimized_v1_origin,bot_standard
2026-07-26 17:37:24,1,16.0,2,0,10,3,8,1,0,0,0.00,4,1.45,3.1,0.0,0.0,4.2,4.4,0.0,3.4,pro_optimized_v1_origin,bot_standard
2026-07-26 17:37:27,0,17.0,0,1,5,2,7,3,2,1,0.78,4,1.40,3.1,0.0,0.0,2.1,3.7,2.6,4.4,pro_optimized_v1,bot_standard
2026-07-26 17:37:29,0,12.0,0,2,4,1,3,3,1,1,2.20,2,0.67,5.5,0.0,0.3,1.0,0.6,1.3,3.1,pro_optimized_v2,bot_standard
2026-07-26 17:37:32,0,13.3,0,2,3,1,5,3,1,1,2.56,4,0.54,6.8,0.0,0.3,0.8,1.1,1.3,2.6,pro_optimized_v2,bot_standard
2026-07-26 17:37:35,0,12.5,0,2,4,1,3,3,1,1,0.56,2,0.89,5.2,0.8,1.0,0.8,0.5,1.3,2.3,pro_optimized_v1,bot_standard
2026-07-26 17:37:38,1,18.5,2,0,12,3,5,1,0,0,0.00,8,0.91,3.1,0.0,0.0,4.9,2.3,0.0,7.1,pro_optimized_v1_origin,bot_standard
2026-07-26 17:37:40,0,11.4,0,3,0,0,3,3,1,0,0.00,4,0.36,6.0,0.0,0.0,0.5,0.7,1.3,2.9,pro_learned_v5,bot_standard
2026-07-26 17:37:44,0,20.8,0,1,9,2,6,3,2,2,1.59,3,1.04,10.7,0.0,0.0,2.1,1.6,2.6,2.9,pro_optimized_v3,bot_standard
2026-07-26 17:37:46,0,9.0,0,3,2,0,3,3,0,0,0.00,4,0.83,3.6,0.0,0.0,1.8,0.7,0.0,2.9,pro_optimized_v3,bot_standard
2026-07-26 17:37:51,1,28.6,1,0,13,3,4,2,3,3,0.99,8,1.50,13.3,0.0,0.3,6.8,0.9,3.9,2.6,pro_optimized_v2,bot_standard
2026-07-26 17:37:54,0,13.8,0,1,6,2,5,3,2,1,1.42,1,0.84,4.7,0.3,0.0,0.3,3.0,2.1,2.6,pro_learned_v4,bot_standard
2026-07-26 17:37:58,0,26.0,0,1,7,2,8,3,2,1,1.52,8,1.15,3.9,0.3,0.0,4.7,3.7,2.6,9.9,pro_optimized_v1,bot_standard
2026-07-26 17:38:01,0,18.5,0,2,8,1,6,3,0,0,0.00,6,1.20,3.1,0.5,0.5,4.9,2.9,0.0,6.0,pro_learned_v4,bot_standard
2026-07-26 17:38:08,0,41.8,0,1,15,2,11,3,3,3,0.61,13,1.23,3.6,0.0,0.0,8.1,5.5,4.9,18.7,pro,bot_standard
2026-07-26 17:38:10,0,9.6,0,2,4,1,3,3,0,0,0.00,3,0.83,4.4,0.0,0.5,0.5,0.8,0.0,2.9,pro_learned_v4,bot_standard
2026-07-26 17:38:13,0,19.0,0,2,7,1,7,3,3,2,1.42,4,1.21,6.8,0.0,0.3,2.9,1.8,3.9,2.9,pro_optimized_v2,bot_standard
2026-07-26 17:38:17,0,17.8,0,1,9,2,8,3,1,0,0.00,4,0.46,8.8,0.0,0.3,0.5,2.5,1.3,3.4,pro_optimized_v2,bot_standard
2026-07-26 17:38:20,0,15.4,0,2,9,1,7,3,2,1,0.26,4,1.06,4.5,0.0,0.0,2.9,1.8,2.6,3.1,pro_learned_v5,bot_standard
2026-07-26 17:38:22,0,7.8,0,2,2,1,3,3,0,0,0.00,4,0.57,3.6,0.0,0.0,0.3,0.6,0.0,2.9,pro_optimized_v1,bot_standard
2026-07-26 17:38:25,0,17.0,0,3,4,0,6,3,2,1,1.08,6,0.66,4.2,0.8,0.0,3.1,2.4,3.4,3.1,pro_optimized_v1,bot_standard
2026-07-26 17:38:27,1,12.4,2,0,5,3,1,1,1,1,1.12,3,0.75,6.0,0.5,0.0,1.8,0.5,1.3,1.3,chaos,bot_standard
2026-07-26 17:38:31,1,20.1,2,0,9,3,3,1,1,1,0.68,8,1.23,4.2,0.0,1.0,2.6,0.6,1.6,9.1,pro,bot_standard
2026-07-26 17:38:34,1,17.5,1,0,4,3,3,2,0,0,0.00,6,0.91,6.2,0.0,0.0,1.0,0.8,0.0,8.4,pro_optimized_v1_origin,bot_standard
2026-07-26 17:38:38,1,23.6,1,0,13,3,2,2,2,2,0.71,9,1.06,3.4,0.0,0.3,2.6,0.5,3.6,12.2,pro,bot_standard
2026-07-26 17:38:42,0,24.5,0,1,6,2,7,3,0,0,0.00,1,0.26,14.0,0.0,0.0,1.0,4.0,0.0,4.4,pro_learned_v4,bot_standard
2026-07-26 17:38:45,0,15.0,0,1,5,2,4,3,2,2,1.70,3,0.47,6.8,0.0,0.0,1.6,1.0,1.6,3.1,chaos,bot_standard
2026-07-26 17:38:49,0,24.2,0,2,4,1,4,3,1,1,0.48,3,1.10,16.4,1.0,0.0,1.8,0.8,1.3,2.9,pro_optimized_v3,bot_standard
2026-07-26 17:38:54,0,24.4,0,2,6,1,8,3,0,0,0.00,10,1.06,3.9,0.0,0.0,5.5,3.4,0.0,11.2,pro_learned_v4,bot_standard
2026-07-26 17:38:56,1,10.3,3,0,7,3,7,0,0,0,0.00,3,0.42,3.4,0.0,0.0,1.8,4.1,0.0,0.0,pro_optimized_v1_origin,bot_standard
2026-07-26 17:38:59,0,16.5,0,2,5,1,5,3,2,1,1.10,6,1.01,2.9,0.0,0.0,0.8,1.7,3.1,7.5,pro,bot_standard
2026-07-26 17:39:05,0,38.9,0,2,5,1,4,3,2,1,0.74,5,0.68,28.1,0.0,0.0,3.4,1.5,2.6,2.9,pro_learned_v5,bot_standard
2026-07-26 17:39:08,1,15.9,1,0,7,3,8,2,0,0,0.00,4,1.51,4.4,0.3,0.0,1.6,2.4,0.0,6.2,pro_optimized_v3,bot_standard
2026-07-26 17:39:11,1,12.4,2,0,6,3,9,1,0,0,0.00,0,0.00,0.0,0.0,0.0,0.0,0.0,0.0,0.0,base,bot_standard
2026-07-26 17:39:13,0,13.3,0,2,7,1,3,3,2,1,0.92,2,0.88,4.7,0.0,0.3,1.8,0.8,2.6,2.6,pro_optimized_v2,bot_standard
2026-07-26 17:39:17,1,21.3,2,0,12,3,6,1,0,0,0.00,10,0.76,2.1,1.3,0.0,3.4,3.4,0.0,10.2,pro_optimized_v1_origin,bot_standard
2026-07-26 17:39:20,0,11.3,0,2,7,1,5,3,0,0,0.00,3,1.57,2.3,0.8,0.0,2.1,2.5,0.0,3.1,pro_optimized_v1_origin,bot_standard
2026-07-26 17:39:23,0,17.4,0,1,8,2,6,3,2,2,1.31,4,0.50,2.3,1.3,0.3,3.4,2.6,4.2,2.3,pro_optimized_v1,bot_standard
2026-07-26 17:39:26,1,17.2,1,0,13,3,6,2,1,1,0.66,7,0.94,2.1,1.3,0.0,5.7,2.4,1.6,3.1,pro_optimized_v1_origin,bot_standard
2026-07-26 17:39:29,0,13.8,0,1,4,2,4,3,0,0,0.00,5,0.81,8.1,0.0,0.0,1.8,0.8,0.0,2.6,pro_optimized_v3,bot_standard
2026-07-26 17:39:33,0,28.9,0,1,11,2,8,3,2,1,1.94,10,0.89,4.2,0.0,1.6,1.6,4.2,2.6,13.8,pro,bot_standard
2026-07-26 17:39:39,1,32.2,1,0,10,3,12,2,0,0,0.00,11,1.19,6.2,0.0,0.0,9.4,6.3,0.0,9.4,pro_optimized_v1_origin,bot_standard
2026-07-26 17:39:41,0,11.7,0,3,3,0,4,3,0,0,0.00,3,1.08,3.4,2.9,0.0,0.5,1.5,0.0,3.4,pro_optimized_v1_origin,bot_standard
2026-07-26 17:39:44,0,14.4,0,2,6,1,6,3,1,1,1.30,4,0.74,6.5,0.0,0.0,1.3,1.8,1.3,3.1,pro_learned_v5,bot_standard
2026-07-26 17:39:46,0,10.4,0,2,4,1,3,3,2,2,1.06,2,0.63,3.9,0.0,0.0,1.0,0.6,1.6,2.9,pro_learned_v5,bot_standard
2026-07-26 17:39:50,0,21.8,0,3,12,0,9,3,0,0,0.00,6,1.53,2.9,0.0,0.0,7.3,4.1,0.0,7.5,pro_learned_v4,bot_standard
2026-07-26 17:39:53,0,11.6,0,1,8,2,7,3,0,0,0.00,0,0.00,0.0,0.0,0.0,0.0,0.0,0.0,0.0,base,bot_standard
2026-07-26 17:39:57,0,26.7,0,1,16,2,9,3,3,4,0.57,7,1.31,8.1,0.0,0.3,7.0,3.4,3.9,3.1,pro_optimized_v2,bot_standard
2026-07-26 17:40:00,1,14.3,1,0,9,3,4,2,2,2,0.64,2,2.16,4.9,0.0,0.0,1.8,1.6,2.4,2.6,pro_optimized_v3,bot_standard
2026-07-26 17:40:03,1,16.3,1,0,5,3,3,2,2,2,0.60,3,1.79,4.9,0.0,0.3,4.2,0.8,2.3,2.9,pro_optimized_v2,bot_standard
2026-07-26 17:40:06,0,15.8,0,1,7,2,5,3,2,1,1.48,5,0.87,4.9,0.0,0.0,2.9,1.3,2.6,3.1,pro_learned_v5,bot_standard
2026-07-26 17:40:09,0,12.4,0,1,7,2,4,3,1,1,2.08,1,1.10,3.9,0.3,0.0,1.6,1.8,1.3,2.6,pro_optimized_v1_origin,bot_standard
2026-07-26 17:40:11,0,13.0,0,1,6,2,7,3,0,0,0.00,0,0.00,0.0,0.0,0.0,0.0,0.0,0.0,0.0,base,bot_standard
2026-07-26 17:40:14,0,13.8,0,2,8,1,5,3,1,1,0.42,3,0.78,6.2,0.0,0.0,1.8,1.3,1.3,2.6,pro_optimized_v3,bot_standard
2026-07-26 17:40:17,0,14.3,0,2,3,1,3,3,1,0,0.00,5,0.74,5.5,0.3,0.0,2.9,0.6,2.1,2.9,pro_optimized_v1,bot_standard
2026-07-26 17:40:20,1,15.1,1,0,12,3,5,2,2,2,1.45,3,0.99,3.6,0.0,0.0,1.3,2.1,3.6,3.4,pro_optimized_v1,bot_standard
2026-07-26 17:40:22,1,8.7,2,0,4,3,3,1,0,0,0.00,3,0.85,4.4,0.0,0.0,1.2,1.0,0.0,1.0,pro_optimized_v1_origin,bot_standard
2026-07-26 17:40:27,1,28.5,1,0,12,3,3,2,1,0,0.00,9,1.50,4.4,0.8,0.0,2.9,1.0,1.3,17.2,pro_optimized_v1,bot_standard
2026-07-26 17:40:29,0,11.2,0,1,5,2,5,3,0,0,0.00,0,0.00,0.0,0.0,0.0,0.0,0.0,0.0,0.0,base,bot_standard
2026-07-26 17:40:32,1,14.9,1,0,6,3,4,2,2,1,1.68,3,0.65,3.6,0.0,0.0,1.0,1.8,2.0,5.5,pro_optimized_v1,bot_standard
2026-07-26 17:40:35,0,14.6,0,1,7,2,7,3,1,0,0.00,3,0.57,5.7,0.0,0.3,1.0,2.6,1.3,2.7,pro_optimized_v2,bot_standard
2026-07-26 17:40:38,0,20.2,0,3,7,0,9,3,0,0,0.00,7,1.11,6.0,0.0,0.0,3.1,5.2,0.0,6.0,pro_learned_v4,bot_standard
2026-07-26 17:40:41,0,13.1,0,2,3,1,7,3,0,0,0.00,0,0.00,0.0,0.0,0.0,0.0,0.0,0.0,0.0,base,bot_standard
2026-07-26 17:40:44,0,15.8,0,1,8,2,4,3,1,0,0.00,4,1.53,4.2,0.0,0.0,4.9,1.3,1.6,2.9,pro_optimized_v1_origin,bot_standard
2026-07-26 17:40:47,1,13.1,2,0,10,3,1,1,2,1,0.42,2,2.19,4.0,0.0,0.3,3.4,0.3,2.6,1.6,pro_optimized_v2,bot_standard
2026-07-26 17:40:50,1,21.1,1,0,9,3,3,2,3,4,1.01,4,0.34,6.8,0.5,2.6,2.4,0.8,3.9,3.1,chaos,bot_standard
2026-07-26 17:40:54,0,15.8,0,2,3,1,5,3,2,2,1.32,4,1.14,4.2,0.0,0.0,3.9,1.8,2.6,2.9,chaos,bot_standard
2026-07-26 17:40:58,0,29.9,0,2,6,1,5,3,0,0,0.00,4,0.66,21.1,0.0,0.0,1.6,2.3,0.0,4.4,pro_learned_v4,bot_standard
2026-07-26 17:41:01,0,16.4,0,1,9,2,7,3,2,3,1.09,1,0.92,6.5,0.0,0.0,0.8,2.4,2.6,3.1,pro_optimized_v3,bot_standard
2026-07-26 17:41:04,0,15.6,0,2,6,1,4,3,2,3,0.35,6,0.69,4.9,0.0,0.3,3.9,1.6,1.6,2.9,pro_optimized_v2,bot_standard
2026-07-26 17:41:09,0,24.2,0,3,14,0,10,3,3,3,0.94,4,0.91,11.2,0.0,0.0,2.6,3.4,3.9,3.1,pro_optimized_v3,bot_standard
2026-07-26 17:41:13,0,23.7,0,1,8,2,6,3,1,1,0.52,3,0.79,16.1,0.0,0.0,1.0,1.6,1.3,2.9,pro_learned_v5,bot_standard
2026-07-26 17:41:15,0,8.6,0,3,1,0,3,3,1,0,0.00,2,0.59,2.9,0.0,0.3,0.0,1.4,1.3,2.9,pro,bot_standard
2026-07-26 17:41:17,1,12.5,2,0,5,3,3,1,0,0,0.00,0,0.00,0.0,0.0,0.0,0.0,0.0,0.0,0.0,base,bot_standard
2026-07-26 17:41:20,0,14.2,0,2,6,1,3,3,1,2,1.37,2,1.49,3.6,0.0,0.3,4.2,0.9,1.3,3.4,pro,bot_standard
2026-07-26 17:41:24,0,22.6,0,2,12,1,4,3,1,1,0.54,10,0.83,3.9,0.3,1.6,3.6,1.0,1.3,10.4,pro,bot_standard
2026-07-26 17:41:26,0,8.9,0,3,1,0,6,3,0,0,0.00,0,0.00,0.0,0.0,0.0,0.0,0.0,0.0,0.0,base,bot_standard
2026-07-26 17:41:29,0,15.8,0,1,6,2,4,3,2,2,0.72,7,0.66,4.4,0.0,0.0,4.2,1.1,2.6,2.6,pro_optimized_v2,bot_standard
2026-07-26 17:41:33,0,22.4,0,1,9,2,5,3,0,0,0.00,8,1.46,3.4,0.0,0.3,2.6,1.6,0.0,13.5,pro,bot_standard
2026-07-26 17:41:36,0,12.4,0,1,5,2,3,3,1,0,0.00,3,0.58,4.9,0.0,0.0,1.3,0.8,1.3,3.1,pro_learned_v5,bot_standard
2026-07-26 17:41:39,0,14.9,0,3,5,0,5,3,0,0,0.00,4,1.07,4.9,0.5,1.0,0.8,2.7,0.0,4.9,pro_learned_v4,bot_standard
2026-07-26 17:41:42,0,15.4,0,1,10,2,6,3,0,0,0.00,2,2.77,2.3,1.3,0.0,3.1,2.7,0.0,5.2,pro_optimized_v1_origin,bot_standard
2026-07-26 17:41:46,0,25.4,0,1,10,2,4,3,2,1,0.86,5,3.13,11.2,0.8,0.5,3.4,1.3,2.6,4.7,pro,bot_standard
2026-07-26 17:41:49,1,14.0,1,0,8,3,15,2,0,0,0.00,0,0.00,0.0,0.0,0.0,0.0,0.0,0.0,0.0,base,bot_standard
2026-07-26 17:41:54,0,27.2,0,2,6,1,6,3,1,1,2.70,3,1.53,17.7,0.0,0.0,3.1,1.5,1.3,3.1,pro_optimized_v2,bot_standard
2026-07-26 17:41:57,0,14.9,0,1,5,2,5,3,2,2,0.93,3,0.81,5.5,0.0,0.0,1.8,1.5,2.6,2.6,pro_learned_v5,bot_standard
2026-07-26 17:42:00,0,20.5,0,2,5,1,3,3,0,0,0.00,4,1.89,7.0,0.3,0.0,5.5,0.8,0.0,6.5,pro,bot_standard
2026-07-26 17:42:06,0,27.8,0,2,12,1,7,3,2,1,0.54,7,2.08,7.8,0.8,0.0,10.9,2.1,2.6,3.1,chaos,bot_standard
2026-07-26 17:42:09,0,21.5,0,2,11,1,5,3,1,1,4.00,5,1.41,3.9,0.0,0.8,1.0,2.3,1.3,11.7,pro_optimized_v2,bot_standard
2026-07-26 17:42:12,1,10.4,1,0,4,3,2,2,0,0,0.00,5,0.54,4.2,0.5,0.0,1.6,0.5,0.0,2.6,pro_learned_v4,bot_standard
2026-07-26 17:42:14,0,12.8,0,2,8,1,6,3,0,0,0.00,0,0.00,0.0,0.0,0.0,0.0,0.0,0.0,0.0,base,bot_standard
2026-07-26 17:42:17,0,14.3,0,1,5,2,6,3,1,1,0.40,2,1.26,3.4,0.0,0.0,1.8,3.1,2.3,2.7,pro_optimized_v1,bot_standard
2026-07-26 17:48:08,0,17.7,0,1,7,2,5,3,3,2,1.14,5,0.86,5.5,0.0,0.0,3.2,1.6,3.9,2.6,pro_learned_v5,bot_standard
2026-07-26 17:48:11,0,12.6,0,2,7,1,6,3,1,1,0.62,4,1.01,1.3,0.5,0.0,3.4,2.5,1.3,3.1,chaos,bot_standard
2026-07-26 17:48:13,1,10.2,2,0,8,3,3,1,0,0,0.00,3,0.59,3.6,0.0,0.3,1.0,1.3,0.0,3.0,chaos,bot_slippery
2026-07-26 17:48:16,0,12.9,0,3,6,0,6,3,1,1,0.26,4,1.04,3.4,0.0,1.0,1.3,2.8,1.3,3.1,pro_optimized_v2,bot_standard
2026-07-26 17:48:19,1,19.6,2,0,13,3,2,1,0,0,0.00,10,0.66,2.3,1.3,0.5,2.9,1.0,0.0,10.5,pro,bot_rusher
2026-07-26 17:48:23,0,20.5,0,1,11,2,7,3,0,0,0.00,12,0.69,4.7,0.0,0.0,1.6,3.5,0.0,10.1,pro,bot_slippery
2026-07-26 17:48:25,0,10.1,0,1,5,2,4,3,0,0,0.00,2,1.14,2.9,0.5,0.0,1.6,1.6,0.0,2.6,pro_learned_v4,bot_rusher
2026-07-26 17:48:28,0,12.0,0,2,5,1,5,3,0,0,0.00,0,0.00,0.0,0.0,0.0,0.0,0.0,0.0,0.0,base,bot_rookie
2026-07-26 17:48:31,0,14.9,0,1,9,2,7,3,1,1,1.26,5,1.11,2.6,0.5,0.5,2.1,2.7,1.3,4.2,pro,bot_rusher
2026-07-26 17:48:34,0,16.2,0,1,13,2,13,3,0,0,0.00,0,0.00,0.0,0.0,0.0,0.0,0.0,0.0,0.0,base,bot_rusher
2026-07-26 17:48:37,1,14.8,1,0,7,3,3,2,1,0,0.00,6,0.58,2.9,0.0,0.0,1.0,1.6,1.3,7.1,pro_optimized_v1,bot_rookie
2026-07-26 17:48:42,1,8.5,3,0,6,3,3,0,1,0,0.00,3,0.57,3.4,0.0,0.0,1.3,1.5,1.3,0.0,chaos,bot_standard
2026-07-26 17:48:45,1,16.0,2,0,5,3,3,1,2,2,0.79,2,0.73,8.1,0.0,0.0,2.3,1.0,2.6,1.0,pro_learned_v5,bot_rookie
2026-07-26 17:48:47,0,11.0,0,3,4,0,3,3,1,0,0.00,3,1.15,5.2,0.0,0.0,1.8,0.8,0.1,3.1,pro_optimized_v2,bot_standard
2026-07-26 17:48:53,0,11.0,0,3,2,0,5,3,1,1,2.22,1,1.08,4.5,0.0,0.0,0.8,1.3,1.3,3.1,pro_optimized_v3,bot_rookie
2026-07-26 17:48:57,0,20.8,0,2,11,1,9,3,3,3,0.87,6,1.13,2.1,0.5,0.0,3.1,4.7,3.9,6.0,chaos,bot_rookie
2026-07-26 17:49:00,1,17.5,2,0,10,3,8,1,1,1,0.52,5,1.05,3.1,0.0,0.3,3.4,3.9,1.3,4.5,pro_optimized_v1,bot_slippery
2026-07-26 17:49:03,0,15.6,0,3,4,0,6,3,2,3,0.57,2,0.97,7.5,0.0,0.0,0.8,1.8,2.6,2.9,pro_learned_v5,bot_slippery
2026-07-26 17:49:06,1,17.6,1,0,9,3,5,2,1,1,1.16,6,1.03,2.1,0.3,1.3,1.8,2.3,1.6,7.3,chaos,bot_slippery
2026-07-26 17:49:11,0,9.9,0,2,5,1,4,3,0,0,0.00,3,1.05,2.1,0.3,0.0,2.4,1.3,0.0,3.4,pro_optimized_v1_origin,bot_rookie
2026-07-26 17:49:14,0,13.4,0,1,9,2,13,3,0,0,0.00,0,0.00,0.0,0.0,0.0,0.0,0.0,0.0,0.0,base,bot_slippery
2026-07-26 17:49:20,1,18.9,3,0,12,3,9,0,1,0,0.00,5,1.31,2.6,0.0,0.0,5.2,4.9,1.3,3.9,pro_learned_v4,bot_rookie
2026-07-26 17:49:25,0,25.5,0,1,13,2,14,3,2,2,0.87,6,1.43,7.5,0.0,0.0,5.5,3.8,2.6,5.5,pro_optimized_v2,bot_slippery
2026-07-26 17:49:27,1,12.1,2,0,7,3,6,1,0,0,0.00,0,0.00,0.0,0.0,0.0,0.0,0.0,0.0,0.0,base,bot_rusher
2026-07-26 17:49:35,0,31.1,0,1,10,2,7,3,3,3,2.97,2,1.59,11.7,0.0,0.5,3.6,3.6,3.9,6.8,pro,bot_slippery
2026-07-26 17:49:41,0,21.4,0,1,7,2,9,3,2,1,1.92,5,0.89,8.8,0.0,0.0,3.1,2.8,2.6,3.1,pro_learned_v5,bot_standard
2026-07-26 17:49:45,0,21.5,0,2,6,1,8,3,0,0,0.00,5,0.88,10.9,0.3,0.0,1.0,4.6,0.0,4.2,pro_learned_v4,bot_standard
2026-07-26 17:49:47,0,8.8,0,2,3,1,3,3,1,1,1.88,2,0.65,2.3,1.0,0.0,1.6,0.5,1.3,1.6,pro_optimized_v1,bot_standard
2026-07-26 17:49:50,1,13.3,2,0,6,3,11,1,0,0,0.00,0,0.00,0.0,0.0,0.0,0.0,0.0,0.0,0.0,base,bot_rusher
2026-07-26 17:49:53,0,18.6,0,3,7,0,5,3,2,2,3.75,3,0.72,4.7,0.0,0.8,4.5,2.1,2.6,3.9,pro_optimized_v2,bot_rookie
2026-07-26 17:49:57,0,17.7,0,2,10,1,14,3,0,0,0.00,0,0.00,0.0,0.0,0.0,0.0,0.0,0.0,0.0,base,bot_rookie
2026-07-26 17:50:05,1,15.2,2,0,11,3,7,1,0,0,0.00,4,1.13,4.2,0.0,0.0,3.9,4.4,0.0,1.8,pro_learned_v4,bot_standard
2026-07-26 17:50:07,1,11.3,1,0,5,3,4,2,0,0,0.00,3,0.94,3.9,0.5,0.3,1.3,1.5,0.0,2.9,pro_learned_v4,bot_rusher
2026-07-26 17:50:12,0,31.4,0,2,11,1,11,3,1,1,2.14,12,0.80,3.6,0.0,0.0,3.4,5.7,1.3,16.9,pro_optimized_v1_origin,bot_standard
2026-07-26 17:50:14,1,10.2,1,0,5,3,3,2,0,0,0.00,5,0.44,4.2,0.0,0.0,0.9,0.8,0.0,3.4,pro_optimized_v1_origin,bot_standard
2026-07-26 17:50:18,1,18.1,1,0,10,3,5,2,0,0,0.00,11,0.43,4.4,0.0,0.0,1.3,2.6,0.0,8.8,pro_optimized_v1_origin,bot_rookie
2026-07-26 17:50:21,0,14.1,0,1,7,2,7,3,0,0,0.00,0,0.00,0.0,0.0,0.0,0.0,0.0,0.0,0.0,base,bot_standard
2026-07-26 17:50:23,0,9.5,0,3,4,0,4,3,1,0,0.00,4,0.67,2.6,0.5,0.0,1.6,1.0,0.1,3.6,pro_optimized_v1,bot_rookie
2026-07-26 17:50:26,1,14.9,2,0,9,3,5,1,1,0,0.00,3,1.64,5.1,0.0,0.0,3.4,2.6,1.3,1.6,pro_optimized_v3,bot_rookie
2026-07-26 17:50:29,1,16.8,1,0,7,3,4,2,0,0,0.00,7,0.94,2.3,0.5,0.0,1.8,1.3,0.0,9.9,pro_optimized_v1_origin,bot_rusher
2026-07-26 17:50:40,1,23.8,2,0,10,3,4,1,0,0,0.00,2,1.36,15.1,0.8,0.0,3.1,2.3,0.0,1.6,pro_optimized_v1_origin,bot_slippery
2026-07-26 17:50:43,0,12.7,0,2,5,1,4,3,0,0,0.00,2,2.87,3.6,0.8,0.0,2.9,1.3,0.0,3.6,pro_optimized_v1_origin,bot_standard
2026-07-26 17:50:46,1,13.5,1,0,7,3,5,2,1,1,1.04,4,0.45,4.5,0.3,0.0,2.1,1.6,1.3,2.9,pro_optimized_v3,bot_standard
2026-07-26 17:50:48,0,11.7,0,2,8,1,5,3,1,1,1.18,1,0.46,4.9,0.0,0.0,0.8,1.3,1.3,2.9,pro_learned_v5,bot_rusher
2026-07-26 17:50:50,0,9.2,0,3,3,0,4,3,0,0,0.00,4,0.74,2.9,0.3,0.0,1.0,1.7,0.0,3.4,pro_optimized_v1_origin,bot_rusher
2026-07-26 17:50:53,0,11.9,0,3,8,0,4,3,0,0,0.00,3,1.04,1.8,1.8,0.0,3.5,1.6,0.0,3.1,pro_learned_v4,bot_rookie
2026-07-26 17:50:57,0,24.2,0,1,8,2,6,3,1,0,0.00,3,1.31,16.1,0.3,0.0,0.8,2.1,1.3,2.6,pro_optimized_v3,bot_rusher
2026-07-26 17:51:01,0,21.8,0,2,9,1,4,3,2,3,0.89,7,0.85,4.9,0.0,0.0,4.2,1.0,2.6,8.6,chaos,bot_slippery
2026-07-26 17:51:05,0,26.7,0,1,17,2,26,3,0,0,0.00,0,0.00,0.0,0.0,0.0,0.0,0.0,0.0,0.0,base,bot_rookie
2026-07-26 17:51:08,0,12.3,0,3,3,0,3,3,1,2,0.46,1,1.48,5.5,0.0,0.0,2.9,0.8,1.3,1.8,pro_optimized_v1,bot_rookie
2026-07-26 17:51:15,0,46.0,0,1,25,2,13,3,2,2,0.77,16,1.42,4.2,0.3,1.0,6.8,6.5,2.6,23.7,pro,bot_rookie
2026-07-26 17:51:17,1,13.6,2,0,8,3,9,1,0,0,0.00,0,0.00,0.0,0.0,0.0,0.0,0.0,0.0,0.0,base,bot_rusher
2026-07-26 17:51:20,0,12.0,0,2,3,1,7,3,0,0,0.00,0,0.00,0.0,0.0,0.0,0.0,0.0,0.0,0.0,base,bot_rusher
2026-07-26 17:51:22,0,10.5,0,2,7,1,3,3,0,0,0.00,3,0.32,5.5,0.0,0.0,0.8,0.7,0.0,3.1,pro_learned_v4,bot_rusher
2026-07-26 17:51:25,0,13.1,0,3,4,0,4,3,1,1,2.16,2,0.63,6.8,0.0,0.0,1.3,0.9,1.3,2.9,pro_optimized_v3,bot_rookie
2026-07-26 17:51:35,1,13.7,2,0,9,3,11,1,0,0,0.00,0,0.00,0.0,0.0,0.0,0.0,0.0,0.0,0.0,base,bot_rusher
2026-07-26 17:51:37,0,13.1,0,3,8,0,5,3,0,0,0.00,2,1.15,6.5,0.0,0.0,0.8,2.7,0.0,3.1,pro_learned_v4,bot_rusher
2026-07-26 17:51:40,0,10.4,0,2,4,1,4,3,0,0,0.00,4,0.75,4.9,0.0,0.0,0.5,1.3,0.0,3.1,pro_optimized_v3,bot_rookie
2026-07-26 17:51:42,0,10.8,0,3,4,0,10,3,0,0,0.00,0,0.00,0.0,0.0,0.0,0.0,0.0,0.0,0.0,base,bot_rookie
2026-07-26 17:51:45,0,13.7,0,1,9,2,4,3,1,0,0.00,5,1.51,3.6,0.0,0.0,3.1,1.3,0.0,4.7,chaos,bot_slippery
2026-07-26 17:51:47,0,9.6,0,2,4,1,3,3,1,1,1.38,4,1.03,0.8,1.0,0.0,2.1,0.5,1.6,3.1,pro_learned_v4,bot_rusher
2026-07-26 17:51:50,0,15.4,0,3,5,0,5,3,1,1,0.30,7,0.65,5.2,0.3,0.0,3.9,1.6,1.3,3.1,pro_optimized_v1,bot_slippery
2026-07-26 17:52:02,0,20.6,0,3,7,0,9,3,1,1,3.22,5,0.99,9.4,0.0,0.0,2.6,4.3,1.3,3.1,pro_learned_v5,bot_rookie
2026-07-26 17:52:04,0,8.0,0,2,5,1,3,3,0,0,0.00,5,0.56,0.8,1.3,0.0,2.1,0.8,0.0,2.6,pro_optimized_v1_origin,bot_rookie
2026-07-26 17:52:08,1,26.8,1,0,13,3,9,2,0,0,0.00,9,1.01,4.2,2.6,0.0,3.1,5.2,0.0,10.8,chaos,bot_standard
2026-07-26 17:52:13,0,30.7,0,3,20,0,14,3,0,0,0.00,19,0.69,2.9,0.5,0.0,4.9,6.3,0.0,16.1,pro_learned_v4,bot_rookie
2026-07-26 17:52:15,0,9.4,0,2,6,1,3,3,0,0,0.00,3,1.02,4.2,0.0,0.3,1.3,0.9,0.0,2.3,pro_optimized_v2,bot_rusher
2026-07-26 17:52:21,0,14.8,0,1,7,2,7,3,1,1,1.32,3,1.27,6.0,0.0,0.0,1.3,2.1,1.3,3.1,pro_learned_v5,bot_slippery
2026-07-26 17:52:27,0,32.6,0,1,19,2,14,3,5,5,1.78,6,0.84,6.8,0.0,0.5,10.0,4.4,6.5,3.4,pro_optimized_v2,bot_rookie
2026-07-26 17:52:29,0,8.4,0,3,2,0,3,3,0,0,0.00,3,0.75,3.4,0.0,0.8,0.3,0.9,0.0,3.1,pro_learned_v4,bot_standard
2026-07-26 17:52:34,0,11.4,0,2,5,1,5,3,1,1,1.48,3,0.53,4.4,0.0,0.0,0.5,2.0,1.3,2.6,pro_learned_v5,bot_rookie
2026-07-26 17:52:38,0,26.3,0,2,7,1,7,3,0,0,0.00,9,0.98,10.1,0.0,0.5,2.1,2.9,0.0,10.2,pro_learned_v4,bot_rookie
2026-07-26 17:52:42,0,22.7,0,1,12,2,10,3,3,0,0.00,6,0.89,3.4,0.3,0.5,5.2,5.6,4.7,2.1,pro,bot_rusher
2026-07-26 17:52:45,0,13.8,0,3,7,0,7,3,1,1,1.94,4,0.38,5.7,0.0,0.0,1.0,2.6,1.3,3.1,pro_learned_v5,bot_slippery
2026-07-26 17:52:49,1,26.1,1,0,17,3,5,2,0,0,0.00,8,1.10,5.7,0.0,1.8,0.3,2.9,0.0,14.4,chaos,bot_rusher
2026-07-26 17:52:52,0,10.7,0,3,4,0,5,3,0,0,0.00,0,0.00,0.0,0.0,0.0,0.0,0.0,0.0,0.0,base,bot_rookie
2026-07-26 17:52:54,0,8.0,0,3,3,0,3,3,0,0,0.00,6,0.36,2.6,0.8,0.0,0.5,0.9,0.0,3.1,pro_learned_v4,bot_rookie
2026-07-26 17:53:01,1,17.9,1,0,11,3,7,2,1,1,0.74,4,0.79,7.0,0.0,0.3,0.5,2.4,1.3,5.5,pro_optimized_v2,bot_rusher
2026-07-26 17:53:07,1,15.7,2,0,9,3,2,1,0,0,0.00,7,0.68,3.4,0.0,0.3,0.8,0.8,0.0,9.5,pro,bot_rusher
2026-07-26 17:53:12,0,14.6,0,3,9,0,6,3,1,1,0.70,3,0.59,7.4,0.0,0.0,0.3,2.9,1.3,2.9,pro_optimized_v2,bot_rusher
2026-07-26 17:53:15,1,16.1,2,0,10,3,3,1,1,1,0.32,6,0.65,7.6,0.0,0.0,3.4,1.3,1.3,1.6,pro_optimized_v3,bot_slippery
2026-07-26 17:53:18,0,16.3,0,3,6,0,4,3,1,1,0.48,6,0.92,3.4,0.0,0.0,1.6,1.5,1.3,8.6,pro,bot_rusher
2026-07-26 17:53:25,0,11.7,0,2,8,1,5,3,2,1,0.02,1,1.28,4.2,0.0,0.3,0.3,2.1,1.4,3.1,pro_optimized_v2,bot_rusher
2026-07-26 17:53:28,0,16.6,0,2,5,1,3,3,3,1,0.46,2,2.65,2.1,0.0,0.0,7.3,0.8,2.6,3.4,chaos,bot_standard
2026-07-26 17:53:33,0,15.4,0,3,7,0,6,3,2,2,2.05,1,0.34,4.9,0.0,0.0,1.4,2.1,2.6,4.4,pro_learned_v5,bot_rookie
2026-07-26 17:53:36,0,14.4,0,1,6,2,4,3,0,0,0.00,2,3.24,4.7,0.0,0.0,5.2,0.8,0.0,3.1,pro_optimized_v1_origin,bot_rusher
2026-07-26 17:53:40,0,25.3,0,2,11,1,9,3,2,2,1.97,4,1.47,10.1,0.0,0.0,5.8,3.1,2.6,3.1,pro_optimized_v3,bot_rookie
2026-07-26 17:53:43,0,13.7,0,1,6,2,4,3,2,3,1.08,1,1.94,4.7,0.0,0.0,1.3,1.0,2.6,3.1,pro_learned_v5,bot_standard
2026-07-26 17:53:46,0,12.5,0,1,4,2,7,3,0,0,0.00,0,0.00,0.0,0.0,0.0,0.0,0.0,0.0,0.0,base,bot_slippery
2026-07-26 17:53:50,0,24.4,0,3,5,0,9,3,3,2,4.90,4,0.36,10.7,0.0,0.0,3.4,3.1,3.9,3.4,pro_learned_v5,bot_rookie
2026-07-26 17:53:57,0,25.3,0,1,14,2,7,3,1,0,0.00,7,1.55,3.9,0.0,0.8,1.8,3.7,1.8,12.2,pro,bot_rusher
2026-07-26 17:53:59,0,10.5,0,2,4,1,7,3,0,0,0.00,0,0.00,0.0,0.0,0.0,0.0,0.0,0.0,0.0,base,bot_rusher
2026-07-26 17:54:09,0,32.7,0,3,9,0,6,3,0,0,0.00,9,1.39,9.9,1.3,0.0,15.9,1.6,0.0,4.2,chaos,bot_rookie
2026-07-26 17:54:11,0,11.5,0,2,5,1,3,3,0,0,0.00,2,2.08,3.9,0.8,0.0,2.6,0.9,0.0,2.9,chaos,bot_slippery
2026-07-26 17:54:14,1,11.0,1,0,7,3,3,2,1,0,0.00,3,0.45,2.9,0.0,0.5,1.6,1.6,1.3,2.2,pro,bot_standard
2026-07-26 17:54:17,0,15.1,0,2,6,1,4,3,2,3,1.57,2,0.54,4.8,0.3,1.0,0.8,1.3,2.6,3.9,pro_optimized_v2,bot_slippery
2026-07-26 17:54:21,0,24.9,0,1,16,2,6,3,2,2,1.78,10,0.50,7.3,0.8,0.0,1.9,2.3,2.6,9.1,pro_optimized_v1,bot_slippery
2026-07-26 17:54:33,0,12.4,0,2,2,1,5,3,0,0,0.00,2,1.58,7.0,0.0,0.0,0.3,1.5,0.0,3.1,pro_learned_v5,bot_rookie
2026-07-26 17:54:36,0,11.0,0,1,7,2,4,3,0,0,0.00,4,0.58,4.2,0.0,0.0,0.5,1.9,0.0,3.4,pro_learned_v4,bot_rusher
2026-07-26 17:54:53,1,9.5,1,0,3,3,2,2,0,0,0.00,3,0.51,4.4,0.0,0.0,1.3,0.5,0.0,2.3,pro_optimized_v1_origin,bot_slippery
2026-07-26 17:55:03,1,36.9,2,0,15,3,5,1,3,2,1.29,6,0.79,7.3,1.8,0.0,13.5,2.1,3.4,7.8,chaos,bot_standard
2026-07-26 17:55:08,0,35.0,0,1,16,2,5,3,1,1,0.48,17,0.92,2.9,0.0,0.5,1.8,2.3,1.3,25.2,pro,bot_rusher
2026-07-26 17:55:20,0,9.9,0,1,7,2,3,3,0,0,0.00,4,0.76,2.3,1.0,0.0,1.6,0.9,0.0,3.1,pro_learned_v4,bot_rusher
2026-07-26 17:55:26,1,15.8,1,0,6,3,4,2,2,2,1.27,1,0.62,6.2,0.0,0.0,0.8,2.1,2.6,3.1,chaos,bot_slippery
2026-07-26 17:55:29,1,13.9,1,0,9,3,5,2,0,0,0.00,5,0.84,5.5,0.0,0.0,2.3,1.8,0.0,3.4,pro_learned_v4,bot_standard
2026-07-26 17:55:33,0,23.6,0,1,6,2,4,3,0,0,0.00,0,0.00,0.0,0.0,0.0,0.0,0.0,0.0,0.0,base,bot_rusher
2026-07-26 17:55:35,0,14.2,0,1,4,2,10,3,0,0,0.00,0,0.00,0.0,0.0,0.0,0.0,0.0,0.0,0.0,base,bot_slippery
2026-07-26 17:55:40,0,24.7,0,2,10,1,6,3,3,5,1.12,4,0.45,10.9,0.0,1.3,3.4,1.6,3.9,3.1,pro_optimized_v2,bot_standard
2026-07-26 17:55:44,1,23.7,2,0,10,3,4,1,0,0,0.00,4,1.63,11.4,1.0,0.5,6.2,1.3,0.0,2.1,chaos,bot_slippery
2026-07-26 17:55:47,0,20.1,0,2,6,1,5,3,2,1,2.82,4,1.31,7.4,0.0,0.3,4.9,1.3,2.6,3.1,pro_optimized_v2,bot_rookie
2026-07-26 17:55:54,0,16.4,0,2,5,1,4,3,2,1,2.58,1,1.68,9.4,0.0,0.0,0.8,1.1,1.6,3.1,pro_optimized_v3,bot_slippery
2026-07-26 17:55:57,0,14.0,0,2,5,1,3,3,1,0,0.00,3,1.88,5.2,0.0,0.0,2.9,1.0,1.3,3.1,pro_learned_v5,bot_standard
2026-07-26 17:56:00,0,15.6,0,1,7,2,5,3,2,1,1.44,2,1.55,6.0,0.0,0.0,2.3,1.4,2.6,2.3,pro_learned_v5,bot_slippery
2026-07-26 17:56:08,0,27.1,0,2,11,1,8,3,3,3,1.41,10,0.91,5.2,0.0,0.0,6.0,4.2,4.4,6.8,chaos,bot_slippery
2026-07-26 17:56:11,0,14.0,0,1,6,2,5,3,2,3,0.39,4,0.92,5.7,0.0,0.0,0.5,1.5,2.6,3.1,pro_learned_v5,bot_rookie
2026-07-26 17:56:14,0,14.7,0,1,7,2,6,3,1,1,1.38,6,0.69,6.2,0.0,0.0,1.8,1.8,1.3,2.6,pro_optimized_v3,bot_slippery
2026-07-26 17:56:22,0,32.2,0,1,10,2,5,3,4,2,1.69,5,1.36,14.8,0.0,0.0,7.3,1.3,5.2,2.6,pro_optimized_v3,bot_rookie
2026-07-26 17:56:39,1,17.7,2,0,12,3,3,1,0,0,0.00,9,0.56,0.3,0.5,0.0,5.7,1.3,0.0,8.9,chaos,bot_rusher
2026-07-26 17:56:43,0,26.2,0,1,10,2,7,3,1,1,0.24,12,0.92,2.6,0.5,0.5,4.4,2.6,1.3,13.3,pro_optimized_v1,bot_standard
2026-07-26 17:56:46,0,19.3,0,3,3,0,3,3,0,0,0.00,3,1.11,12.0,0.3,0.0,3.9,0.6,0.0,2.6,pro_optimized_v1_origin,bot_rookie
2026-07-26 17:56:54,1,27.2,2,0,11,3,7,1,2,3,0.65,14,0.67,3.6,0.0,0.0,3.1,3.6,2.6,13.2,pro,bot_slippery
2026-07-26 17:57:00,1,10.5,2,0,6,3,3,1,2,1,0.66,2,0.67,3.4,0.0,0.0,1.6,1.3,1.7,1.6,pro_optimized_v1,bot_standard
2026-07-26 17:57:02,0,13.4,0,1,8,2,7,3,0,0,0.00,4,1.09,3.1,0.0,0.0,1.6,3.8,0.0,3.9,pro_learned_v4,bot_standard
2026-07-26 17:57:05,1,13.9,2,0,9,3,8,1,1,1,0.62,2,1.07,3.1,0.0,0.0,3.6,3.5,1.3,1.3,pro_optimized_v2,bot_slippery
2026-07-26 17:57:11,1,19.2,1,0,13,3,7,2,0,0,0.00,9,1.05,1.8,0.5,0.0,3.1,2.9,0.0,9.9,pro_optimized_v1_origin,bot_rusher
2026-07-26 17:57:15,1,21.3,1,0,11,3,8,2,0,0,0.00,7,1.28,2.9,0.8,0.0,3.1,4.4,0.0,9.2,pro_optimized_v1_origin,bot_rookie
2026-07-26 17:57:20,0,28.0,0,3,13,0,11,3,2,2,2.98,11,0.77,3.9,1.0,0.3,6.5,4.4,2.9,9.1,pro_optimized_v1,bot_rookie
2026-07-26 17:57:24,0,27.0,0,1,15,2,7,3,0,0,0.00,10,1.22,2.1,0.0,1.3,9.9,3.4,0.0,9.4,chaos,bot_rookie
2026-07-26 17:57:27,0,17.6,0,1,11,2,6,3,3,4,0.64,3,0.79,6.5,0.0,0.0,1.3,2.1,3.9,2.9,pro_optimized_v3,bot_slippery
2026-07-26 17:57:34,1,41.6,1,0,14,3,7,2,4,6,1.48,2,1.29,21.8,0.0,0.5,7.3,3.6,4.7,2.6,pro_optimized_v2,bot_standard
2026-07-26 17:57:38,0,24.7,0,1,12,2,3,3,1,0,0.00,11,1.07,2.1,0.0,0.8,3.1,0.8,1.3,15.6,pro,bot_rusher
2026-07-26 17:57:41,0,16.4,0,2,8,1,5,3,2,1,0.44,7,0.89,2.9,0.0,0.8,1.3,2.1,1.3,7.5,pro,bot_slippery
2026-07-26 17:57:44,0,15.6,0,1,7,2,5,3,0,0,0.00,7,0.97,4.4,0.0,0.0,1.6,1.6,0.0,7.0,pro_learned_v4,bot_rusher
2026-07-26 17:57:46,0,10.7,0,3,2,0,3,3,0,0,0.00,3,1.94,1.8,1.0,0.8,3.1,0.8,0.0,3.1,pro_learned_v4,bot_standard
2026-07-26 17:57:51,0,28.0,0,1,14,2,6,3,0,0,0.00,10,1.11,4.2,0.0,0.0,2.9,2.6,0.0,17.4,pro_optimized_v1_origin,bot_slippery
2026-07-26 17:57:55,0,27.0,0,1,10,2,10,3,3,2,2.31,5,1.38,4.9,0.3,0.3,4.4,4.7,4.2,7.3,chaos,bot_standard
2026-07-26 17:57:59,1,21.1,1,0,10,3,13,2,3,1,1.04,4,0.49,8.1,0.0,0.0,0.8,5.2,3.9,2.1,pro_optimized_v2,bot_slippery
2026-07-26 17:58:03,1,22.6,1,0,12,3,7,2,3,3,0.93,5,1.67,5.2,0.0,1.0,5.2,3.4,3.9,2.9,pro_optimized_v2,bot_rookie
2026-07-26 17:58:07,0,22.5,0,2,8,1,5,3,1,1,0.32,7,0.87,13.3,0.0,0.0,3.4,1.6,1.3,2.9,pro_learned_v5,bot_rookie
2026-07-26 17:58:10,1,13.5,1,0,9,3,2,2,1,1,2.68,5,0.83,2.9,0.8,0.0,0.5,0.5,2.1,5.8,chaos,bot_rusher
2026-07-26 17:58:13,0,15.7,0,3,3,0,5,3,1,1,1.98,3,0.97,6.5,0.0,0.3,1.6,2.4,1.3,3.6,pro,bot_rookie
2026-07-26 17:58:15,1,7.7,2,0,6,3,2,1,1,0,0.00,1,0.84,3.6,0.0,0.0,0.3,0.5,1.3,1.0,pro_optimized_v3,bot_rusher
2026-07-26 17:58:25,0,12.2,0,2,7,1,3,3,1,1,2.20,3,0.49,5.7,0.0,0.0,0.3,1.1,1.3,3.4,pro_optimized_v1,bot_slippery
2026-07-26 17:58:29,0,21.8,0,1,13,2,7,3,3,2,2.41,3,1.60,5.7,0.0,0.5,4.9,1.9,3.9,3.9,pro_optimized_v2,bot_rusher
2026-07-26 17:58:32,0,17.9,0,2,7,1,5,3,2,2,1.45,4,0.87,3.9,0.3,0.8,3.4,1.8,4.2,3.1,pro_optimized_v1,bot_standard
2026-07-26 17:58:35,0,19.8,0,2,2,1,6,3,0,0,0.00,4,1.10,13.8,0.0,0.0,1.6,1.4,0.0,2.6,pro_optimized_v2,bot_rusher
2026-07-26 17:58:41,0,13.1,0,3,4,0,9,3,0,0,0.00,0,0.00,0.0,0.0,0.0,0.0,0.0,0.0,0.0,base,bot_slippery
2026-07-26 17:58:46,0,16.1,0,2,4,1,9,3,0,0,0.00,4,1.12,3.1,0.0,0.0,2.6,4.9,0.0,5.0,pro_optimized_v1_origin,bot_rookie
2026-07-26 17:58:49,0,12.4,0,1,7,2,6,3,0,0,0.00,4,0.80,4.9,0.0,0.0,1.6,2.3,0.0,2.6,pro_optimized_v1,bot_rusher
2026-07-26 17:58:57,1,35.8,1,0,16,3,5,2,1,0,0.00,11,0.96,9.1,2.1,0.0,4.9,2.3,1.3,15.1,chaos,bot_rusher
2026-07-26 17:59:00,0,11.7,0,3,1,0,3,3,0,0,0.00,6,0.48,4.7,0.3,0.8,0.8,0.8,0.0,4.4,pro_learned_v4,bot_slippery
2026-07-26 17:59:03,0,16.8,0,1,5,2,3,3,1,1,0.58,4,0.70,8.1,0.0,0.3,0.5,0.7,1.6,4.7,pro,bot_rusher
2026-07-26 17:59:07,1,23.7,2,0,8,3,4,1,1,1,0.70,7,1.69,2.9,0.0,0.5,4.4,2.3,0.6,12.0,pro,bot_standard
2026-07-26 17:59:11,0,20.7,0,3,4,0,4,3,0,0,0.00,5,1.18,10.4,0.0,1.3,1.8,1.8,0.0,5.5,pro,bot_standard
2026-07-26 17:59:14,0,18.2,0,3,7,0,5,3,0,0,0.00,8,1.04,4.4,0.3,0.8,4.2,1.6,0.0,7.0,chaos,bot_rookie
2026-07-26 17:59:17,0,15.4,0,1,4,2,7,3,2,2,0.42,4,0.86,5.6,0.0,0.0,1.6,1.8,2.6,2.9,pro_learned_v5,bot_slippery
2026-07-26 17:59:21,0,19.5,0,1,10,2,4,3,2,2,2.38,3,0.53,11.7,0.0,0.0,0.8,0.8,2.6,3.1,pro_optimized_v3,bot_rusher
2026-07-26 17:59:23,0,10.5,0,1,9,2,3,3,1,0,0.00,3,0.49,4.2,0.0,0.0,0.8,0.6,1.3,2.6,pro_optimized_v2,bot_rusher
2026-07-26 17:59:31,0,15.5,0,2,3,1,4,3,1,0,0.00,3,1.70,4.4,0.0,0.8,3.4,2.0,1.3,3.1,pro,bot_rookie
2026-07-26 17:59:41,1,24.3,2,0,12,3,10,1,2,3,0.63,3,1.31,4.7,0.0,0.0,6.5,5.2,3.1,3.9,chaos,bot_rookie
2026-07-26 17:59:43,0,11.2,0,1,4,2,3,3,2,2,2.15,2,0.93,1.8,0.0,0.0,2.6,0.6,2.6,2.6,pro_optimized_v1,bot_rusher
2026-07-26 17:59:45,1,9.8,2,0,6,3,3,1,1,0,0.00,2,1.00,3.1,0.3,0.3,0.5,1.8,1.3,1.6,pro_optimized_v1,bot_rusher
2026-07-26 17:59:48,1,14.1,1,0,8,3,2,2,2,2,1.13,4,0.55,3.1,0.0,0.5,0.5,0.5,2.7,5.7,chaos,bot_rusher
2026-07-26 17:59:51,0,11.1,0,2,3,1,3,3,2,1,1.04,2,1.62,1.6,0.3,0.0,2.9,0.8,2.6,2.6,pro_optimized_v2,bot_rookie
2026-07-26 17:59:55,1,23.5,2,0,10,3,7,1,2,1,0.50,8,1.14,4.7,0.0,0.5,4.4,2.9,2.0,8.1,pro_optimized_v2,bot_rookie
2026-07-26 18:00:01,1,21.2,1,0,11,3,5,2,0,0,0.00,11,0.81,2.1,0.3,0.0,3.1,2.3,0.0,12.5,pro_optimized_v1_origin,bot_rusher
2026-07-26 18:00:04,0,8.5,0,3,5,0,4,3,0,0,0.00,0,0.00,0.0,0.0,0.0,0.0,0.0,0.0,0.0,base,bot_slippery
2026-07-26 18:00:15,0,41.5,0,1,9,2,4,3,1,0,0.00,9,3.11,7.0,1.3,0.0,25.5,1.1,1.3,4.7,chaos,bot_rookie
2026-07-26 18:00:19,0,22.4,0,1,7,2,8,3,0,0,0.00,0,0.00,0.0,0.0,0.0,0.0,0.0,0.0,0.0,base,bot_slippery
2026-07-26 18:00:22,0,14.1,0,3,5,0,4,3,0,0,0.00,5,0.87,6.2,0.0,0.5,2.1,1.8,0.0,3.4,chaos,bot_rookie
2026-07-26 18:00:24,0,11.5,0,2,7,1,8,3,0,0,0.00,0,0.00,0.0,0.0,0.0,0.0,0.0,0.0,0.0,base,bot_slippery
2026-07-26 18:00:31,0,45.8,0,1,27,2,3,3,1,1,1.88,24,0.79,3.4,0.0,0.8,0.8,0.9,2.6,36.4,pro,bot_rusher
2026-07-26 18:00:34,0,14.8,0,1,11,2,12,3,0,0,0.00,0,0.00,0.0,0.0,0.0,0.0,0.0,0.0,0.0,base,bot_standard
2026-07-26 18:00:37,0,14.7,0,2,5,1,6,3,2,1,2.38,2,0.90,1.8,0.0,0.5,3.1,3.3,2.6,2.9,pro,bot_rookie
2026-07-26 18:00:42,0,31.7,0,1,18,2,15,3,4,4,1.16,9,0.96,9.1,0.0,0.0,8.6,4.7,5.2,3.1,pro_learned_v5,bot_rookie
2026-07-26 18:00:45,0,14.2,0,2,6,1,5,3,2,3,0.90,2,1.20,3.4,0.0,0.0,2.1,2.6,2.6,3.1,pro_optimized_v1,bot_rookie
2026-07-26 18:00:47,0,11.5,0,2,7,1,4,3,2,3,0.53,1,1.48,4.9,0.0,0.0,0.3,1.1,1.6,3.1,pro_optimized_v2,bot_slippery
2026-07-26 18:00:55,1,25.3,2,0,13,3,8,1,3,3,0.91,8,0.68,3.4,2.1,0.0,3.9,3.8,4.7,6.5,chaos,bot_standard
2026-07-26 18:00:58,0,12.5,0,1,8,2,4,3,1,0,0.00,4,0.83,2.3,0.3,0.3,0.8,1.4,1.3,5.2,pro_optimized_v2,bot_rusher
2026-07-26 18:01:05,0,21.6,0,1,12,2,10,3,1,0,0.00,3,2.01,1.3,2.3,0.0,3.4,5.2,1.8,6.5,pro_optimized_v1_origin,bot_rookie
2026-07-26 18:01:07,0,9.8,0,1,5,2,3,3,1,0,0.00,2,1.37,2.9,0.3,0.5,0.3,0.5,1.6,2.9,pro_optimized_v1,bot_rusher
2026-07-26 18:01:13,0,41.0,0,1,15,2,8,3,0,0,0.00,16,1.37,5.5,0.3,0.0,5.2,3.9,0.0,25.2,pro_optimized_v1_origin,bot_standard
2026-07-26 18:01:17,0,16.7,0,3,4,0,5,3,3,2,0.49,5,0.59,6.8,0.0,0.0,2.1,1.8,2.9,3.1,pro_learned_v5,bot_slippery
2026-07-26 18:01:21,0,23.7,0,3,4,0,6,3,0,0,0.00,8,0.89,10.7,0.8,0.0,2.1,2.6,0.0,7.5,pro_learned_v4,bot_slippery
2026-07-26 18:01:25,1,27.9,1,0,9,3,8,2,1,1,0.66,6,1.02,11.4,0.0,0.0,1.0,4.6,1.3,8.6,chaos,bot_standard
2026-07-26 18:01:29,0,21.0,0,2,11,1,11,3,0,0,0.00,6,0.98,2.6,0.5,1.0,3.6,6.8,0.0,6.0,pro_learned_v4,bot_rookie
2026-07-26 18:01:32,0,12.9,0,2,4,1,5,3,1,1,0.66,3,1.11,5.5,0.0,0.0,1.8,1.2,1.3,2.6,pro_optimized_v3,bot_rookie
2026-07-26 18:01:34,0,8.4,0,2,2,1,4,3,0,0,0.00,3,0.37,3.9,0.0,0.0,0.3,1.2,0.0,2.6,pro_learned_v5,bot_rusher
2026-07-26 18:01:46,0,11.4,0,3,4,0,3,3,2,1,0.36,4,1.07,3.4,0.3,0.0,3.1,0.8,1.3,2.6,pro_optimized_v2,bot_slippery
2026-07-26 18:01:48,0,8.5,0,2,4,1,4,3,1,1,1.08,2,0.52,2.3,0.0,0.0,0.3,1.2,1.3,2.9,pro_learned_v5,bot_rusher
2026-07-26 18:01:53,0,28.8,0,1,15,2,6,3,0,0,0.00,14,0.98,2.9,3.1,0.0,6.8,1.8,0.0,13.3,pro_optimized_v1_origin,bot_standard
2026-07-26 18:01:55,1,9.2,2,0,5,3,1,1,1,1,1.76,2,0.75,3.9,0.0,0.3,0.7,0.5,1.3,1.6,pro,bot_rookie
2026-07-26 18:02:01,0,9.7,0,2,4,1,4,3,0,0,0.00,3,0.96,3.9,0.0,0.0,1.0,1.7,0.0,2.6,pro_learned_v4,bot_rusher
2026-07-26 18:02:09,0,24.1,0,1,17,2,21,3,0,0,0.00,0,0.00,0.0,0.0,0.0,0.0,0.0,0.0,0.0,base,bot_standard
2026-07-26 18:02:12,0,14.5,0,3,3,0,7,3,0,0,0.00,0,0.00,0.0,0.0,0.0,0.0,0.0,0.0,0.0,base,bot_rusher
2026-07-26 18:02:16,0,18.5,0,3,6,0,5,3,2,3,0.97,4,0.66,9.4,0.0,0.0,2.1,1.4,2.6,3.1,pro_learned_v5,bot_slippery
2026-07-26 18:02:21,0,32.5,0,1,16,2,9,3,4,4,1.80,4,1.83,8.8,0.0,1.8,9.9,2.9,5.2,2.9,pro_optimized_v2,bot_rookie
2026-07-26 18:02:25,0,26.1,0,2,9,1,6,3,1,1,0.92,6,1.04,12.0,0.0,0.0,6.5,3.0,1.3,2.9,pro_optimized_v1_origin,bot_standard
2026-07-26 18:02:29,0,22.3,0,3,6,0,5,3,1,2,0.32,5,0.71,13.8,0.0,0.0,2.3,1.8,1.3,3.1,pro_learned_v5,bot_rookie
2026-07-26 18:02:33,0,21.6,0,2,11,1,14,3,2,2,2.36,2,0.51,8.9,0.0,0.0,1.3,5.5,2.6,2.9,pro_optimized_v3,bot_rookie
2026-07-26 18:02:40,0,47.1,0,1,17,2,9,3,5,4,1.89,5,1.88,25.2,0.0,0.0,9.1,3.1,5.5,3.1,pro_optimized_v2,bot_rookie
2026-07-26 18:02:43,0,21.6,0,2,10,1,8,3,0,0,0.00,0,0.00,0.0,0.0,0.0,0.0,0.0,0.0,0.0,base,bot_standard
2026-07-26 18:02:46,0,15.1,0,2,4,1,5,3,2,1,1.82,4,0.72,6.0,0.0,0.0,1.6,1.3,2.6,3.1,pro_learned_v5,bot_rookie
2026-07-26 18:02:49,0,16.7,0,1,8,2,12,3,0,0,0.00,0,0.00,0.0,0.0,0.0,0.0,0.0,0.0,0.0,base,bot_standard
2026-07-26 18:02:58,1,13.8,1,0,13,3,7,2,0,0,0.00,6,0.64,1.8,1.0,0.8,1.6,3.9,0.0,3.6,pro_learned_v4,bot_standard
2026-07-26 18:03:03,1,32.0,2,0,17,3,5,1,0,0,0.00,14,1.21,3.4,0.0,0.0,3.4,2.1,0.0,22.2,chaos,bot_standard
2026-07-26 18:03:06,1,17.3,1,0,7,3,4,2,2,1,1.06,4,1.03,6.5,0.0,0.5,2.6,1.3,2.6,2.9,pro_optimized_v2,bot_slippery
2026-07-26 18:03:12,0,19.9,0,2,3,1,4,3,2,1,8.26,2,1.03,3.4,0.0,0.3,4.7,1.2,2.9,7.0,pro,bot_standard
2026-07-26 18:03:15,0,16.1,0,1,11,2,8,3,2,1,0.24,5,0.57,4.4,0.0,0.0,2.1,3.4,2.6,2.6,pro_learned_v5,bot_slippery
2026-07-26 18:03:20,1,31.8,1,0,19,3,9,2,3,1,2.04,13,0.62,6.8,0.0,0.0,4.4,3.5,4.2,12.0,chaos,bot_slippery
2026-07-26 18:03:27,0,19.8,0,2,9,1,5,3,2,2,1.27,8,1.08,1.8,0.8,0.5,5.2,1.3,2.9,6.8,pro,bot_rookie
2026-07-26 18:03:35,1,34.3,1,0,15,3,12,2,3,3,1.51,11,1.05,3.1,0.0,0.0,5.2,4.9,4.4,15.6,pro_optimized_v1,bot_standard
2026-07-26 18:03:37,0,14.1,0,3,6,0,3,3,3,1,4.10,2,1.14,4.5,0.0,0.0,2.9,0.8,2.9,3.1,pro_learned_v5,bot_standard
2026-07-26 18:03:40,0,10.1,0,2,3,1,3,3,0,0,0.00,2,1.34,4.9,0.0,0.0,1.0,0.5,0.0,3.1,pro_learned_v4,bot_rusher
2026-07-26 18:03:43,1,17.4,1,0,13,3,9,2,2,1,0.88,4,1.29,5.5,0.8,0.0,1.6,2.9,2.6,3.1,pro_optimized_v3,bot_slippery
2026-07-26 18:03:48,0,31.4,0,3,10,0,7,3,1,2,0.74,10,1.32,6.8,0.0,0.8,6.2,3.3,1.3,13.0,pro,bot_rookie
2026-07-26 18:03:53,0,12.3,0,2,8,1,6,3,0,0,0.00,4,0.57,4.9,0.0,0.0,0.3,3.4,0.0,3.1,pro_learned_v4,bot_rusher
2026-07-26 18:04:00,1,19.0,3,0,5,3,3,0,1,0,0.00,1,0.88,12.0,0.0,0.0,3.4,1.4,1.3,0.0,pro_learned_v4,bot_standard
2026-07-26 18:04:03,1,16.9,1,0,13,3,8,2,0,0,0.00,4,1.63,2.6,0.8,0.8,2.6,3.7,0.0,5.5,pro_learned_v4,bot_slippery
2026-07-26 18:04:06,0,20.4,0,2,10,1,4,3,3,4,1.57,4,0.73,7.0,0.0,0.3,4.4,1.0,2.8,4.4,chaos,bot_rookie
2026-07-26 18:04:09,0,10.2,0,3,6,0,5,3,0,0,0.00,3,1.63,2.1,0.8,0.0,2.9,1.6,0.0,2.9,pro_learned_v4,bot_standard
2026-07-26 18:04:12,0,17.7,0,1,6,2,5,3,2,2,0.39,3,0.49,8.1,0.0,0.0,0.0,2.6,2.9,3.1,pro_optimized_v1,bot_rusher
2026-07-26 18:04:18,0,39.2,0,1,10,2,5,3,1,1,1.42,6,1.02,26.5,0.0,0.0,5.5,1.3,1.3,3.6,pro_optimized_v3,bot_rookie
2026-07-26 18:04:21,0,16.4,0,3,5,0,4,3,2,1,0.56,3,0.89,6.0,0.0,0.0,2.6,1.4,4.2,2.3,pro_optimized_v1,bot_rookie
2026-07-26 18:04:27,0,11.7,0,3,4,0,6,3,0,0,0.00,4,0.79,3.6,0.0,0.0,1.3,3.1,0.0,3.6,pro_optimized_v1_origin,bot_rookie
2026-07-26 18:04:38,0,33.0,0,1,13,2,14,3,3,2,2.02,9,0.67,6.0,0.0,0.0,5.5,6.8,3.9,9.9,chaos,bot_standard
2026-07-26 18:04:40,0,12.4,0,2,9,1,6,3,0,0,0.00,2,1.84,4.9,0.0,0.0,1.3,2.8,0.0,2.9,pro_learned_v5,bot_slippery
2026-07-26 18:04:44,0,21.4,0,1,14,2,9,3,2,1,4.04,7,0.66,6.8,0.0,0.0,5.5,2.7,2.6,2.9,pro_learned_v5,bot_rookie
2026-07-26 18:04:49,0,30.6,0,2,6,1,6,3,2,2,1.05,2,2.14,20.3,0.0,0.0,2.9,1.5,2.6,3.1,pro_learned_v5,bot_standard
2026-07-26 18:04:52,0,14.3,0,2,4,1,5,3,0,0,0.00,3,2.39,4.9,0.0,0.0,4.7,1.6,0.0,3.1,pro_learned_v4,bot_rookie
2026-07-26 18:04:57,0,11.5,0,3,3,0,6,3,1,1,0.24,5,0.44,3.4,0.0,0.0,1.6,2.1,1.3,3.1,pro_optimized_v1,bot_standard
2026-07-26 18:05:01,0,17.1,0,2,8,1,6,3,2,3,0.61,7,0.83,6.0,0.0,0.0,3.1,1.8,2.6,3.1,pro_learned_v5,bot_rookie
2026-07-26 18:05:03,0,8.6,0,3,3,0,3,3,2,1,2.20,1,0.42,3.1,0.0,0.0,0.0,0.8,1.6,3.1,pro_optimized_v3,bot_rusher
2026-07-26 18:05:05,1,12.3,2,0,10,3,6,1,1,1,0.70,1,2.86,2.3,1.0,0.0,2.1,3.0,1.3,1.6,pro_optimized_v1,bot_slippery
2026-07-26 18:05:09,1,18.3,1,0,11,3,5,2,2,0,0.00,8,0.73,3.9,0.0,0.0,1.6,2.9,2.9,6.1,chaos,bot_slippery
2026-07-26 18:05:12,0,14.4,0,2,7,1,3,3,2,2,3.30,1,2.14,1.0,3.4,0.0,4.9,0.7,2.6,1.3,chaos,bot_rusher
2026-07-26 18:05:14,0,12.7,0,1,10,2,4,3,0,0,0.00,5,0.84,1.3,1.6,0.0,3.4,2.3,0.0,3.1,pro_learned_v4,bot_slippery
2026-07-26 18:05:17,1,9.6,1,0,5,3,3,2,0,0,0.00,2,1.41,3.4,0.5,0.0,1.0,0.8,0.0,2.9,pro_learned_v4,bot_rusher
2026-07-26 18:05:22,0,12.9,0,2,7,1,11,3,0,0,0.00,0,0.00,0.0,0.0,0.0,0.0,0.0,0.0,0.0,base,bot_standard
2026-07-26 18:05:27,0,24.4,0,1,11,2,5,3,1,1,4.60,5,1.15,3.6,2.9,0.0,2.9,2.1,1.3,10.7,chaos,bot_standard
2026-07-26 18:05:29,0,13.6,0,2,3,1,4,3,0,0,0.00,4,0.93,5.5,0.0,0.0,1.0,1.2,0.0,5.5,pro_optimized_v1,bot_rookie
2026-07-26 18:05:33,1,24.8,1,0,15,3,20,2,0,0,0.00,0,0.00,0.0,0.0,0.0,0.0,0.0,0.0,0.0,base,bot_rookie
2026-07-26 18:05:36,0,8.9,0,3,2,0,3,3,1,1,1.16,3,0.44,3.4,0.0,0.0,0.0,1.1,1.3,3.1,pro,bot_slippery
2026-07-26 18:05:47,0,20.6,0,2,13,1,7,3,1,1,0.36,8,1.07,3.6,0.0,0.5,1.3,3.0,2.1,9.6,pro,bot_rusher
2026-07-26 18:05:50,0,13.3,0,2,5,1,4,3,1,1,0.50,2,1.13,7.3,0.0,0.0,0.3,0.9,1.3,3.1,pro_learned_v5,bot_rusher
2026-07-26 18:05:52,0,10.6,0,2,5,1,4,3,1,1,0.48,3,0.57,3.9,0.0,0.0,0.8,1.0,1.3,3.1,pro_optimized_v3,bot_rusher
2026-07-26 18:05:59,1,13.0,2,0,8,3,5,1,1,1,1.50,4,0.94,1.3,0.5,0.0,1.6,2.1,2.1,4.4,pro_learned_v4,bot_rusher
2026-07-26 18:06:07,0,55.1,0,1,10,2,10,3,1,1,5.02,13,1.16,27.6,0.3,0.0,10.1,4.2,1.6,10.4,pro_optimized_v1_origin,bot_rookie
2026-07-26 18:06:10,0,10.2,0,2,3,1,4,3,0,0,0.00,4,0.98,5.2,0.0,0.0,0.5,0.9,0.0,3.1,pro_learned_v5,bot_rusher
2026-07-26 18:06:12,0,10.3,0,2,5,1,4,3,0,0,0.00,0,0.00,0.0,0.0,0.0,0.0,0.0,0.0,0.0,base,bot_rookie
2026-07-26 18:06:22,1,30.5,1,0,14,3,8,2,3,3,2.55,8,0.91,2.9,0.3,0.0,6.5,3.7,4.4,11.7,pro_optimized_v1,bot_standard
2026-07-26 18:06:24,0,13.1,0,3,6,0,5,3,1,1,1.24,4,1.08,4.4,0.0,0.5,1.6,2.2,1.3,3.1,pro_optimized_v2,bot_rookie
2026-07-26 18:06:31,0,18.5,0,2,5,1,5,3,2,2,1.16,3,1.17,6.5,1.0,0.0,2.6,2.1,2.9,2.9,chaos,bot_rookie
2026-07-26 18:06:36,0,13.2,0,3,6,0,5,3,0,0,0.00,3,1.24,6.0,0.0,0.0,2.1,2.3,0.0,2.9,pro_optimized_v1_origin,bot_rookie
2026-07-26 18:06:39,0,17.4,0,1,7,2,9,3,1,1,1.34,3,1.06,4.2,1.0,0.0,1.3,4.7,1.6,3.6,pro_optimized_v1_origin,bot_slippery
2026-07-26 18:06:46,0,23.4,0,1,12,2,8,3,1,1,1.76,6,1.41,4.4,0.0,0.0,3.2,4.2,1.3,9.4,chaos,bot_standard
2026-07-26 18:06:56,0,29.9,0,1,23,2,13,3,2,2,1.50,6,0.82,11.4,2.1,0.0,5.2,4.7,2.6,2.9,pro_learned_v5,bot_standard
2026-07-26 18:07:02,0,17.7,0,2,7,1,10,3,1,1,1.84,3,0.78,6.8,0.0,0.0,1.6,4.4,1.3,3.1,pro_learned_v5,bot_slippery
2026-07-26 18:07:07,1,30.8,1,0,13,3,7,2,0,0,0.00,9,1.03,12.2,0.5,0.3,1.6,4.2,0.0,11.1,pro_learned_v4,bot_slippery
2026-07-26 18:07:10,0,12.6,0,3,5,0,4,3,1,1,0.26,4,0.89,4.9,0.0,0.0,2.1,1.2,1.3,3.1,pro_optimized_v2,bot_standard
2026-07-26 18:07:12,0,11.7,0,2,5,1,4,3,0,0,0.00,5,1.00,1.8,1.3,0.0,3.4,1.3,0.0,3.4,pro_learned_v4,bot_slippery
2026-07-26 18:07:15,0,12.3,0,3,4,0,3,3,1,1,0.48,3,0.86,6.0,0.0,0.0,0.8,1.1,1.3,3.1,pro_optimized_v1,bot_rookie
2026-07-26 18:07:22,1,24.3,2,0,15,3,21,1,0,0,0.00,0,0.00,0.0,0.0,0.0,0.0,0.0,0.0,0.0,base,bot_rookie
2026-07-26 18:07:25,1,10.4,2,0,8,3,8,1,0,0,0.00,0,0.00,0.0,0.0,0.0,0.0,0.0,0.0,0.0,base,bot_rusher
2026-07-26 18:07:32,1,27.1,1,0,12,3,6,2,1,1,4.20,7,1.65,2.6,0.0,1.8,6.2,2.2,1.3,12.0,pro,bot_rookie
2026-07-26 18:07:37,1,34.3,1,0,21,3,3,2,2,2,2.33,14,0.90,2.3,0.0,0.5,5.8,0.8,3.1,20.8,pro,bot_rusher
2026-07-26 18:07:41,0,18.2,0,2,4,1,7,3,0,0,0.00,0,0.00,0.0,0.0,0.0,0.0,0.0,0.0,0.0,base,bot_rusher
2026-07-26 18:07:45,0,26.2,0,1,15,2,9,3,2,0,0.00,9,1.07,8.3,0.0,0.0,7.0,2.9,2.6,4.4,pro_learned_v5,bot_slippery
2026-07-26 18:07:47,1,10.0,2,0,5,3,2,1,1,1,2.02,1,0.44,5.1,0.0,0.0,0.3,0.8,1.3,1.6,pro_learned_v5,bot_rusher
2026-07-26 18:07:51,0,23.7,0,2,8,1,6,3,1,0,0.00,6,0.94,10.7,0.0,0.0,6.0,2.3,1.3,2.9,pro_optimized_v1,bot_slippery
2026-07-26 18:07:54,0,13.4,0,2,7,1,5,3,3,2,1.31,2,0.71,3.6,1.0,0.0,0.8,2.0,2.9,2.6,pro_optimized_v3,bot_rookie
2026-07-26 18:07:57,0,19.2,0,2,9,1,9,3,0,0,0.00,6,0.97,3.4,0.0,0.0,3.6,4.4,0.0,7.3,pro_learned_v4,bot_standard
2026-07-26 18:08:01,1,15.4,1,0,10,3,4,2,1,1,0.78,3,1.19,5.7,0.5,1.3,0.5,1.5,1.8,3.1,chaos,bot_slippery
2026-07-26 18:08:03,0,10.4,0,3,7,0,6,3,0,0,0.00,0,0.00,0.0,0.0,0.0,0.0,0.0,0.0,0.0,base,bot_rusher
2026-07-26 18:08:06,1,13.4,1,0,6,3,2,2,1,1,1.70,4,1.10,4.2,0.0,0.0,2.1,0.5,1.3,4.4,pro_learned_v5,bot_rusher
2026-07-26 18:08:08,0,9.1,0,3,3,0,4,3,0,0,0.00,2,1.55,4.7,0.0,0.0,0.8,0.8,0.0,2.9,pro_learned_v5,bot_slippery
2026-07-26 18:08:12,0,24.1,0,1,12,2,7,3,3,2,0.63,5,1.22,9.6,0.0,0.0,4.2,2.3,3.9,3.1,pro_learned_v5,bot_slippery
2026-07-26 18:08:15,0,15.8,0,1,7,2,4,3,1,1,0.70,3,1.26,6.5,0.0,0.0,2.6,1.3,1.3,3.1,pro_optimized_v2,bot_rusher
2026-07-26 18:08:18,0,12.0,0,3,6,0,5,3,1,0,0.00,6,0.55,3.1,0.0,0.0,2.6,1.8,1.3,3.1,pro_optimized_v3,bot_rookie
2026-07-26 18:08:21,0,16.5,0,1,10,2,7,3,1,2,1.18,5,0.57,6.6,0.0,0.0,2.6,2.3,1.3,2.6,pro_learned_v5,bot_standard
2026-07-26 18:08:26,1,34.9,3,0,27,3,6,0,0,0,0.00,29,0.61,2.1,0.5,0.0,4.4,2.6,0.0,24.3,pro_optimized_v1_origin,bot_rookie
2026-07-26 18:08:29,1,15.9,2,0,10,3,8,1,1,0,0.00,6,0.92,1.0,0.5,0.0,2.1,4.5,1.3,5.5,pro_optimized_v1_origin,bot_rusher
2026-07-26 18:08:33,1,21.5,1,0,12,3,5,2,2,1,2.06,10,0.84,1.8,0.0,0.0,1.6,2.9,2.6,11.7,pro,bot_standard
2026-07-26 18:08:35,0,10.9,0,1,9,2,4,3,0,0,0.00,3,1.25,1.3,0.5,0.0,3.9,1.5,0.0,2.6,pro_optimized_v1,bot_rusher
2026-07-26 18:08:38,0,13.7,0,1,5,2,12,3,0,0,0.00,0,0.00,0.0,0.0,0.0,0.0,0.0,0.0,0.0,base,bot_slippery
2026-07-26 18:08:40,1,10.3,1,0,5,3,4,2,0,0,0.00,3,0.71,2.9,0.3,0.0,0.8,2.1,0.0,3.4,pro_optimized_v1_origin,bot_rookie
2026-07-26 18:08:44,0,20.7,0,2,5,1,7,3,2,1,1.30,5,1.02,6.5,0.0,0.8,1.0,3.9,2.9,5.2,pro,bot_rookie
2026-07-26 18:08:48,1,19.9,1,0,11,3,8,2,0,0,0.00,7,1.22,3.4,0.0,0.8,1.8,4.1,0.0,8.8,chaos,bot_slippery
2026-07-26 18:08:50,0,8.1,0,3,4,0,3,3,0,0,0.00,3,1.02,2.3,0.3,0.0,1.6,0.8,0.0,3.1,pro_optimized_v1_origin,bot_rusher
2026-07-26 18:08:52,0,11.1,0,1,6,2,4,3,0,0,0.00,4,0.74,3.9,0.0,0.0,2.3,1.0,0.0,2.9,pro_optimized_v1_origin,bot_slippery
2026-07-26 18:08:56,0,24.6,0,2,10,1,6,3,3,1,0.34,5,1.62,6.2,0.0,0.3,6.5,2.3,3.9,4.9,pro_optimized_v2,bot_standard
2026-07-26 18:08:59,0,15.7,0,2,11,1,5,3,0,0,0.00,6,0.84,3.1,0.8,0.5,3.1,2.4,0.0,5.2,pro_learned_v4,bot_slippery
2026-07-26 18:09:02,0,9.5,0,2,7,1,4,3,0,0,0.00,6,0.48,1.3,1.8,0.0,1.3,1.4,0.0,3.1,pro_optimized_v1_origin,bot_rusher
2026-07-26 18:09:06,1,24.3,1,0,15,3,5,2,1,0,0.00,7,1.68,2.9,1.0,2.6,1.8,1.7,1.3,12.0,pro,bot_slippery
2026-07-26 18:09:09,1,18.4,2,0,6,3,2,1,2,3,0.41,3,1.40,10.2,0.0,0.0,2.6,0.5,2.6,1.6,pro_optimized_v2,bot_standard
2026-07-26 18:09:12,0,12.0,0,3,4,0,7,3,1,0,0.00,6,0.58,2.1,0.3,0.0,2.7,2.6,1.3,3.1,pro_optimized_v3,bot_slippery
2026-07-26 18:09:15,0,13.9,0,2,8,1,5,3,1,2,1.42,3,0.61,6.0,0.0,0.0,1.2,2.1,1.3,2.9,pro_learned_v5,bot_slippery
2026-07-26 18:09:19,1,28.7,1,0,11,3,4,2,3,3,1.69,5,1.10,13.3,0.0,0.0,6.4,1.8,3.9,2.3,chaos,bot_slippery
2026-07-26 18:09:25,0,18.2,0,2,6,1,5,3,1,1,1.14,2,1.88,10.7,0.0,0.0,1.3,1.3,1.3,3.1,pro_optimized_v3,bot_rookie
2026-07-26 18:09:28,0,9.9,0,3,3,0,3,3,0,0,0.00,3,0.77,4.7,0.0,0.0,0.8,1.3,0.0,3.1,pro_learned_v4,bot_rookie
2026-07-26 18:09:31,0,20.4,0,2,7,1,16,3,0,0,0.00,0,0.00,0.0,0.0,0.0,0.0,0.0,0.0,0.0,base,bot_slippery
2026-07-26 18:09:34,0,13.0,0,3,3,0,5,3,2,2,0.50,2,1.61,5.2,0.0,0.0,2.3,1.3,1.3,2.9,pro_optimized_v2,bot_slippery
2026-07-26 18:09:38,1,20.7,1,0,6,3,9,2,0,0,0.00,0,0.00,0.0,0.0,0.0,0.0,0.0,0.0,0.0,base,bot_slippery
2026-07-26 18:09:44,0,9.6,0,2,5,1,4,3,0,0,0.00,3,0.94,4.7,0.0,0.0,0.5,1.1,0.0,3.1,pro_optimized_v2,bot_slippery
2026-07-26 18:09:48,0,23.2,0,2,16,1,9,3,2,0,0.00,4,1.89,4.7,0.5,0.0,3.8,5.2,2.6,6.0,chaos,bot_slippery
2026-07-26 18:09:51,0,14.2,0,2,6,1,6,3,2,2,0.24,2,1.01,4.9,0.0,0.0,1.8,1.8,2.6,2.6,pro_optimized_v3,bot_rookie
2026-07-26 18:09:53,0,11.1,0,3,3,0,3,3,0,0,0.00,5,0.68,4.4,0.3,0.3,2.3,0.7,0.0,3.1,pro_learned_v4,bot_rookie
2026-07-26 18:09:56,0,18.2,0,1,7,2,5,3,2,2,1.91,2,3.40,1.0,1.3,0.0,3.1,2.6,2.6,6.5,chaos,bot_rookie
2026-07-26 18:10:06,0,12.1,0,2,6,1,5,3,2,3,0.86,1,2.60,3.4,0.3,0.0,0.3,1.9,2.6,3.1,pro_optimized_v3,bot_rusher
2026-07-26 18:10:14,0,19.2,0,3,7,0,6,3,2,2,1.95,3,1.55,5.5,0.0,0.5,5.5,2.1,2.6,3.1,pro_optimized_v2,bot_rookie
2026-07-26 18:10:18,0,21.8,0,1,6,2,5,3,0,0,0.00,2,3.61,12.5,0.5,0.0,2.9,2.1,0.0,2.9,pro_learned_v4,bot_rusher
2026-07-26 18:10:24,0,17.0,0,3,3,0,4,3,3,3,0.29,2,1.68,8.6,0.0,0.0,1.8,1.0,2.7,2.9,pro_optimized_v3,bot_slippery
2026-07-26 18:10:28,1,17.7,1,0,5,3,3,2,1,1,0.68,4,0.65,11.4,0.0,0.0,0.5,0.6,1.3,2.9,pro_optimized_v3,bot_rookie
2026-07-26 18:10:31,1,19.9,2,0,8,3,6,1,1,1,0.26,4,1.01,8.1,0.0,0.0,3.6,2.3,1.3,3.6,chaos,bot_rusher
2026-07-26 18:10:35,0,19.5,0,2,9,1,11,3,0,0,0.00,11,0.75,3.6,0.3,0.5,1.6,4.9,0.0,8.1,pro_learned_v4,bot_standard
2026-07-26 18:10:38,1,15.8,2,0,9,3,7,1,1,1,0.64,6,0.66,2.6,0.0,0.0,4.7,4.2,1.3,2.1,pro_learned_v4,bot_slippery
2026-07-26 18:10:40,0,10.4,0,2,5,1,5,3,1,4,0.45,0,0.00,3.1,0.3,0.0,0.5,1.8,0.8,3.4,pro_learned_v4,bot_rusher
2026-07-26 18:10:43,0,11.7,0,2,5,1,4,3,0,0,0.00,0,0.00,0.0,0.0,0.0,0.0,0.0,0.0,0.0,base,bot_standard
2026-07-26 18:10:46,0,16.6,0,2,5,1,6,3,0,0,0.00,6,1.00,4.7,0.8,0.0,3.1,1.8,0.0,5.7,pro_optimized_v1_origin,bot_slippery
2026-07-26 18:10:50,1,23.0,2,0,7,3,2,1,2,1,0.28,4,1.03,12.7,0.0,0.3,3.8,1.0,2.6,1.6,pro_optimized_v2,bot_rookie
2026-07-26 18:10:53,0,15.4,0,2,8,1,4,3,1,1,1.96,3,1.69,2.6,1.8,0.0,4.2,1.7,1.6,3.1,pro_optimized_v1_origin,bot_slippery
2026-07-26 18:11:00,0,9.8,0,3,6,0,7,3,0,0,0.00,0,0.00,0.0,0.0,0.0,0.0,0.0,0.0,0.0,base,bot_slippery
2026-07-26 18:11:11,0,13.5,0,2,5,1,5,3,1,1,1.24,3,0.85,5.2,0.8,0.0,1.3,1.8,1.3,2.6,pro_learned_v5,bot_standard
2026-07-26 18:11:14,0,10.9,0,1,5,2,3,3,1,0,0.00,3,0.48,5.7,0.0,0.0,0.8,0.8,0.0,2.6,pro_optimized_v3,bot_rusher
2026-07-26 18:11:22,1,9.3,2,0,6,3,3,1,0,0,0.00,0,0.00,0.0,0.0,0.0,0.0,0.0,0.0,0.0,base,bot_rusher
2026-07-26 18:11:25,0,19.6,0,1,10,2,4,3,2,1,0.96,4,1.06,10.4,0.3,0.0,0.8,1.4,2.6,3.1,pro_learned_v5,bot_rusher
2026-07-26 18:11:28,0,14.0,0,1,6,2,4,3,0,0,0.00,9,0.74,1.6,2.3,0.0,4.7,1.3,0.0,3.1,pro_optimized_v1_origin,bot_slippery
2026-07-26 18:11:31,1,15.9,1,0,8,3,6,2,2,2,0.92,5,0.64,5.2,0.0,0.0,2.1,2.1,2.6,2.9,pro_learned_v5,bot_standard
2026-07-26 18:11:34,0,15.2,0,3,6,0,9,3,0,0,0.00,2,2.23,4.2,0.0,0.0,1.8,5.9,0.0,3.4,pro_learned_v4,bot_rookie
2026-07-26 18:11:44,0,19.8,0,1,13,2,3,3,0,0,0.00,10,0.82,3.4,0.0,0.0,3.1,0.5,0.0,12.2,chaos,bot_rusher
2026-07-26 18:11:49,1,25.3,1,0,15,3,6,2,0,0,0.00,14,0.88,4.9,0.0,0.0,4.6,2.3,0.0,12.5,pro_optimized_v1_origin,bot_slippery
2026-07-26 18:11:51,0,12.2,0,2,6,1,3,3,0,0,0.00,4,1.13,2.1,0.8,0.0,2.1,0.8,0.0,6.0,chaos,bot_rookie
2026-07-26 18:11:56,0,28.6,0,1,15,2,11,3,3,4,1.26,7,1.29,2.3,0.3,0.0,6.0,6.5,4.4,8.1,pro_optimized_v1,bot_rookie
2026-07-26 18:11:58,0,11.6,0,2,7,1,9,3,0,0,0.00,0,0.00,0.0,0.0,0.0,0.0,0.0,0.0,0.0,base,bot_slippery
2026-07-26 18:12:02,0,17.7,0,2,10,1,7,3,3,2,1.61,4,0.63,6.0,0.0,0.0,3.6,1.6,2.9,3.1,pro_learned_v5,bot_standard
2026-07-26 18:12:04,0,10.1,0,2,3,1,3,3,1,0,0.00,3,0.66,3.6,0.0,0.0,1.0,0.5,1.3,3.1,pro_optimized_v1_origin,bot_rusher
2026-07-26 18:12:08,0,21.1,0,2,5,1,5,3,0,0,0.00,9,1.16,2.9,1.3,0.5,2.3,1.9,0.0,11.7,pro_optimized_v1,bot_rookie
2026-07-26 18:12:14,1,12.9,2,0,6,3,1,1,1,1,1.16,3,1.08,5.2,0.0,0.0,1.5,0.3,1.3,3.6,pro,bot_slippery
2026-07-26 18:12:17,0,18.9,0,2,7,1,12,3,3,3,0.45,4,1.09,5.7,0.0,0.0,1.6,3.6,3.9,3.6,pro_optimized_v3,bot_standard
2026-07-26 18:12:20,0,10.7,0,2,7,1,3,3,1,0,0.00,3,0.75,4.7,0.0,0.0,0.9,0.8,1.3,2.6,pro_learned_v5,bot_rusher
2026-07-26 18:12:22,0,11.5,0,1,2,2,4,3,1,1,2.08,2,1.37,4.9,0.0,0.0,0.5,1.2,1.3,2.6,pro_optimized_v3,bot_rusher
2026-07-26 18:12:25,0,11.7,0,2,5,1,4,3,0,0,0.00,3,1.33,2.3,0.8,0.0,3.9,1.0,0.0,3.1,pro_learned_v4,bot_standard
2026-07-26 18:12:27,0,11.1,0,3,4,0,3,3,1,0,0.00,3,1.31,2.6,0.0,0.0,2.3,1.0,2.1,3.1,chaos,bot_rookie
2026-07-26 18:12:30,0,12.5,0,2,6,1,6,3,0,0,0.00,4,1.37,2.3,0.8,0.3,3.1,2.5,0.0,3.4,pro_learned_v4,bot_slippery
2026-07-26 18:12:33,0,15.7,0,2,9,1,5,3,0,0,0.00,5,0.85,4.7,0.0,1.0,0.8,2.0,0.0,6.8,pro_learned_v4,bot_rusher
2026-07-26 18:12:37,0,25.9,0,1,9,2,7,3,2,3,0.75,1,3.36,13.3,1.6,0.0,2.3,3.1,2.1,2.6,pro_learned_v4,bot_standard
2026-07-26 18:12:40,1,15.0,2,0,7,3,5,1,2,1,2.08,2,0.77,2.1,0.3,0.0,3.3,2.9,2.9,2.6,pro_optimized_v1,bot_slippery
2026-07-26 18:12:43,0,13.2,0,2,7,1,6,3,2,1,0.68,3,0.72,3.6,0.0,0.0,2.1,1.8,2.6,2.6,pro_optimized_v3,bot_rookie
2026-07-26 18:12:48,0,32.3,0,3,8,0,9,3,2,1,2.30,11,0.77,10.1,0.0,1.6,2.6,4.4,2.9,10.7,pro,bot_slippery
2026-07-26 18:12:50,0,8.8,0,3,3,0,3,3,0,0,0.00,4,0.63,1.0,1.3,0.0,1.8,1.3,0.0,3.4,pro_optimized_v1_origin,bot_rookie
2026-07-26 18:12:53,0,12.3,0,1,6,2,3,3,2,2,1.46,1,0.92,4.7,0.0,0.0,0.5,0.9,2.6,2.6,chaos,bot_slippery
2026-07-26 18:12:58,1,30.7,1,0,13,3,4,2,1,2,0.93,15,0.81,3.6,0.3,1.8,1.3,2.1,1.3,19.3,pro,bot_slippery
2026-07-26 18:13:00,0,11.7,0,3,3,0,3,3,0,0,0.00,1,4.82,3.4,0.0,0.0,3.6,0.8,0.0,3.9,pro_learned_v4,bot_standard
2026-07-26 18:13:03,0,15.2,0,1,9,2,6,3,2,2,1.71,3,0.37,4.7,0.0,0.0,1.0,3.0,2.6,2.9,chaos,bot_standard
2026-07-26 18:13:07,0,17.9,0,2,6,1,9,3,2,2,1.54,4,0.64,7.0,0.0,0.0,2.9,2.3,2.6,2.6,pro_optimized_v3,bot_slippery
2026-07-26 18:13:09,1,9.8,3,0,5,3,1,0,0,0,0.00,2,1.14,5.2,0.0,0.0,3.4,0.3,0.0,0.0,pro_optimized_v3,bot_rookie
2026-07-26 18:13:22,1,15.0,1,0,6,3,6,2,0,0,0.00,5,0.62,5.5,0.8,0.0,2.6,2.1,0.0,3.1,pro_learned_v5,bot_rusher
2026-07-26 18:13:24,0,8.0,0,3,4,0,3,3,0,0,0.00,2,1.45,1.6,0.5,0.0,2.1,0.8,0.0,3.1,pro_optimized_v3,bot_rusher
2026-07-26 18:13:32,0,36.1,0,1,10,2,8,3,0,0,0.00,12,1.47,7.5,0.3,0.0,7.3,3.6,0.0,16.4,pro_optimized_v1_origin,bot_rookie
2026-07-26 18:13:35,0,17.8,0,1,8,2,8,3,0,0,0.00,5,0.68,5.2,0.5,0.0,1.6,3.6,0.0,5.9,pro_learned_v4,bot_rookie
2026-07-26 18:13:41,1,17.3,2,0,7,3,3,1,2,1,0.48,4,0.99,3.1,0.0,0.8,1.3,1.0,3.3,6.8,pro,bot_standard
2026-07-26 18:13:44,1,14.5,1,0,5,3,3,2,0,0,0.00,3,0.66,7.5,0.0,0.0,1.3,1.6,0.0,3.1,pro,bot_standard
2026-07-26 18:13:48,1,22.7,1,0,8,3,5,2,0,0,0.00,2,1.14,14.0,0.0,0.0,2.1,3.1,0.0,2.4,pro_optimized_v1_origin,bot_rusher
2026-07-26 18:13:50,0,11.4,0,3,6,0,3,3,0,0,0.00,2,2.74,3.4,0.0,1.0,2.3,1.5,0.0,3.1,pro_optimized_v2,bot_rookie
2026-07-26 18:13:53,1,10.2,1,0,4,3,6,2,0,0,0.00,0,0.00,0.0,0.0,0.0,0.0,0.0,0.0,0.0,base,bot_slippery
2026-07-26 18:13:57,0,27.3,0,1,8,2,6,3,1,1,0.44,5,1.45,12.0,0.3,0.0,3.4,2.6,1.3,7.3,pro_optimized_v1,bot_standard
2026-07-26 18:14:00,1,13.6,1,0,5,3,4,2,1,1,0.30,3,1.29,2.1,0.3,0.0,4.5,1.6,1.6,2.6,pro_optimized_v1_origin,bot_slippery
2026-07-26 18:14:09,0,32.2,0,2,14,1,4,3,1,0,0.00,10,1.81,6.8,0.3,1.3,7.8,1.0,1.6,13.0,pro,bot_rusher
2026-07-26 18:14:12,1,13.8,2,0,9,3,10,1,0,0,0.00,0,0.00,0.0,0.0,0.0,0.0,0.0,0.0,0.0,base,bot_rusher
2026-07-26 18:14:17,0,10.2,0,3,2,0,3,3,1,2,0.56,2,0.55,4.5,0.0,0.0,0.8,0.8,1.3,2.9,pro_optimized_v3,bot_standard
2026-07-26 18:14:21,0,27.0,0,3,4,0,4,3,0,0,0.00,5,2.12,10.1,0.0,0.3,7.0,1.5,0.0,8.1,pro,bot_rookie
2026-07-26 18:14:24,0,19.3,0,1,10,2,5,3,0,0,0.00,7,1.01,4.4,0.0,0.8,0.0,2.8,0.0,10.4,pro,bot_rusher
2026-07-26 18:14:28,0,22.9,0,1,13,2,19,3,0,0,0.00,0,0.00,0.0,0.0,0.0,0.0,0.0,0.0,0.0,base,bot_slippery
2026-07-26 18:14:31,0,10.7,0,3,4,0,4,3,1,0,0.00,2,1.73,3.1,0.0,0.3,0.5,2.1,1.6,3.1,pro_optimized_v1,bot_slippery
2026-07-26 18:14:41,0,22.9,0,1,9,2,6,3,2,1,2.08,10,0.69,8.8,0.0,0.0,6.5,1.6,2.6,2.9,pro_learned_v5,bot_rookie
2026-07-26 18:14:44,0,10.7,0,3,5,0,3,3,0,0,0.00,3,1.20,3.6,0.0,0.0,3.1,0.8,0.0,3.1,pro_optimized_v1_origin,bot_rookie
2026-07-26 18:14:46,0,9.2,0,3,6,0,3,3,0,0,0.00,3,0.81,2.1,1.0,0.8,1.0,1.1,0.0,3.1,pro_optimized_v1,bot_rookie
2026-07-26 18:14:49,1,19.3,2,0,10,3,6,1,1,1,0.26,3,0.55,12.5,0.0,0.0,0.9,2.3,1.3,1.3,pro_learned_v5,bot_slippery
2026-07-26 18:14:52,1,14.2,1,0,7,3,4,2,0,0,0.00,5,0.58,4.2,0.0,0.0,2.1,1.8,0.0,5.2,pro_optimized_v1,bot_rusher
2026-07-26 18:15:00,0,25.1,0,2,7,1,6,3,2,1,11.52,1,1.34,8.1,0.3,0.3,4.2,3.1,3.1,5.7,pro,bot_standard
2026-07-26 18:15:03,0,11.4,0,2,5,1,4,3,2,1,3.12,4,0.64,3.4,0.0,0.0,1.6,1.3,1.6,3.1,pro_learned_v5,bot_standard
2026-07-26 18:15:10,0,11.7,0,1,11,2,6,3,1,1,0.48,3,0.59,2.6,0.0,0.5,0.0,3.2,1.3,3.1,chaos,bot_rusher
2026-07-26 18:15:12,0,8.7,0,3,1,0,3,3,2,1,2.86,2,0.44,3.1,0.0,0.0,0.3,0.7,1.6,3.1,pro_learned_v5,bot_slippery
2026-07-26 18:15:16,0,17.9,0,2,6,1,4,3,1,2,0.58,5,1.57,4.4,0.0,0.5,4.2,1.3,1.6,5.5,pro,bot_standard
2026-07-26 18:15:20,0,29.4,0,2,8,1,5,3,1,1,3.20,7,2.00,3.9,1.0,0.3,8.3,1.3,1.3,13.0,pro,bot_rookie
2026-07-26 18:15:23,1,14.0,1,0,7,3,4,2,0,0,0.00,5,0.75,3.6,1.0,0.0,0.3,2.1,0.0,6.0,pro_learned_v4,bot_rusher
2026-07-26 18:15:26,0,16.8,0,1,10,2,4,3,0,0,0.00,4,1.32,3.6,0.0,0.0,2.6,1.4,0.0,8.6,pro_optimized_v1_origin,bot_rusher
2026-07-26 18:15:31,0,24.2,0,1,15,2,10,3,2,3,0.51,7,0.95,9.1,0.0,0.3,5.2,3.4,2.6,2.6,pro_optimized_v2,bot_rookie
2026-07-26 18:15:35,1,28.7,1,0,12,3,3,2,1,2,1.88,7,1.67,4.4,0.0,1.0,3.4,0.7,1.3,16.9,pro,bot_standard
2026-07-26 18:15:38,0,13.1,0,2,6,1,4,3,1,1,3.30,3,0.51,4.2,0.0,0.5,1.6,2.0,1.3,3.1,pro,bot_standard
2026-07-26 18:15:41,0,14.8,0,3,6,0,3,3,0,0,0.00,9,0.67,4.2,0.0,0.0,2.6,0.7,0.0,7.3,chaos,bot_standard
2026-07-26 18:15:45,0,27.3,0,2,7,1,10,3,2,1,0.74,4,0.66,9.6,1.3,0.8,2.1,5.2,4.9,2.9,pro_optimized_v1,bot_slippery
2026-07-26 18:15:50,0,32.3,0,3,14,0,8,3,2,2,4.72,8,1.06,3.9,0.3,0.8,9.6,4.2,2.9,10.7,pro,bot_rookie
2026-07-26 18:15:54,0,22.3,0,3,11,0,7,3,0,0,0.00,9,1.25,2.3,1.6,0.0,5.2,3.3,0.0,9.9,pro_optimized_v1_origin,bot_slippery
2026-07-26 18:16:01,0,41.5,0,2,6,1,3,3,1,1,0.64,8,1.50,20.8,0.3,1.6,4.7,0.7,1.3,11.7,pro,bot_standard
2026-07-26 18:16:03,0,13.2,0,1,10,2,9,3,0,0,0.00,0,0.00,0.0,0.0,0.0,0.0,0.0,0.0,0.0,base,bot_rusher
2026-07-26 18:16:13,1,18.4,1,0,8,3,4,2,0,0,0.00,9,0.60,4.2,0.0,0.0,1.0,2.3,0.0,9.9,pro,bot_slippery
2026-07-26 18:16:17,0,20.5,0,2,8,1,7,3,2,2,1.54,6,1.00,3.9,0.0,0.0,2.9,3.1,2.6,7.5,pro,bot_slippery
2026-07-26 18:16:21,0,22.4,0,1,9,2,5,3,2,2,1.12,4,0.48,12.6,0.0,0.0,1.3,1.8,2.6,3.1,pro_learned_v5,bot_standard
2026-07-26 18:16:26,1,29.6,2,0,17,3,6,1,3,1,1.02,13,0.79,6.8,0.0,0.3,4.4,2.6,4.2,10.4,chaos,bot_slippery
2026-07-26 18:16:32,0,37.5,0,2,21,1,5,3,1,1,0.38,22,0.71,2.9,0.0,0.5,1.8,2.4,1.3,28.1,pro,bot_rusher
2026-07-26 18:16:38,0,17.8,0,1,13,2,14,3,0,0,0.00,0,0.00,0.0,0.0,0.0,0.0,0.0,0.0,0.0,base,bot_rusher
2026-07-26 18:16:44,0,18.9,0,1,10,2,8,3,0,0,0.00,7,1.06,2.9,0.3,0.8,1.8,3.9,0.0,8.3,pro_learned_v4,bot_slippery
2026-07-26 18:16:46,1,13.7,2,0,3,3,1,1,0,0,0.00,1,0.44,11.2,0.0,0.0,0.3,0.3,0.0,1.0,pro_optimized_v2,bot_rookie
2026-07-26 18:16:49,1,15.2,1,0,7,3,4,2,2,3,0.67,5,0.60,6.0,0.0,0.0,1.8,1.3,2.0,3.1,pro_optimized_v2,bot_standard
2026-07-26 18:16:53,0,21.0,0,1,8,2,8,3,4,5,0.84,3,0.46,8.8,0.0,0.0,1.3,2.6,4.2,3.1,pro_learned_v5,bot_rookie
2026-07-26 18:16:56,0,11.0,0,2,2,1,6,3,0,0,0.00,5,0.67,2.9,0.0,0.0,2.1,2.7,0.0,2.9,pro_optimized_v1_origin,bot_slippery
2026-07-26 18:17:00,1,26.3,2,0,10,3,6,1,4,3,1.39,2,1.55,12.7,0.0,0.0,4.7,1.8,4.5,1.6,pro_optimized_v3,bot_standard
2026-07-26 18:17:02,0,10.4,0,1,5,2,3,3,1,1,2.00,2,1.06,2.6,0.8,0.0,0.5,0.8,1.3,3.4,pro_optimized_v1,bot_rusher
2026-07-26 18:17:05,0,12.5,0,1,7,2,3,3,2,2,1.39,2,0.89,3.1,0.0,0.3,1.8,0.6,2.6,3.1,pro_optimized_v2,bot_rusher
2026-07-26 18:17:08,0,14.7,0,3,7,0,4,3,1,0,0.00,4,1.02,4.2,1.3,0.8,1.3,1.4,1.6,4.2,pro,bot_rookie
2026-07-26 18:17:10,0,9.5,0,1,4,2,3,3,0,0,0.00,4,1.66,1.0,0.3,0.0,3.9,0.7,0.0,2.6,pro_optimized_v1_origin,bot_rusher
2026-07-26 18:17:14,0,24.1,0,2,8,1,6,3,3,1,2.88,5,1.46,6.5,0.0,0.8,7.3,2.0,3.9,3.1,pro_optimized_v2,bot_rookie
2026-07-26 18:17:19,0,9.7,0,1,6,2,4,3,0,0,0.00,3,0.71,1.6,0.5,0.0,3.1,1.1,0.0,2.9,pro_optimized_v1_origin,bot_rusher
2026-07-26 18:17:21,1,7.9,2,0,4,3,4,1,0,0,0.00,3,0.39,2.9,0.3,0.0,1.8,2.0,0.0,0.0,pro_learned_v4,bot_standard
2026-07-26 18:17:24,0,17.2,0,2,6,1,3,3,0,0,0.00,3,0.85,9.4,0.5,0.0,2.6,0.9,0.0,3.4,pro_optimized_v1_origin,bot_rusher
2026-07-26 18:17:27,1,15.9,1,0,6,3,4,2,1,1,0.78,2,0.97,8.3,0.0,0.0,1.3,0.8,1.3,3.1,pro_learned_v5,bot_rusher
2026-07-26 18:17:32,0,29.7,0,2,3,1,5,3,2,2,1.22,1,1.46,22.9,0.3,0.0,0.0,1.3,1.6,3.1,pro_learned_v5,bot_rusher
2026-07-26 18:17:35,0,14.3,0,3,4,0,4,3,1,2,0.75,3,1.09,6.2,0.0,0.3,2.3,1.1,1.3,3.1,pro_optimized_v1,bot_standard
2026-07-26 18:17:38,0,18.1,0,1,6,2,6,3,1,1,0.88,6,1.03,2.3,0.5,1.8,1.6,2.6,2.1,6.2,pro,bot_rookie
2026-07-26 18:17:41,0,12.0,0,3,1,0,5,3,1,1,0.48,3,0.39,4.9,0.3,0.0,1.8,1.8,1.3,1.9,pro_optimized_v1,bot_rookie
2026-07-26 18:17:47,0,20.5,0,1,10,2,7,3,1,1,1.54,2,1.67,12.0,0.8,0.0,0.8,2.0,1.3,2.9,pro_learned_v5,bot_slippery
2026-07-26 18:17:50,0,15.8,0,1,7,2,4,3,2,1,2.64,2,1.67,2.3,1.0,0.0,3.6,1.8,2.9,3.1,pro_optimized_v1,bot_slippery
2026-07-26 18:17:54,0,23.4,0,2,9,1,5,3,2,2,2.70,3,1.28,9.9,1.6,0.0,4.9,1.3,2.6,2.6,pro_learned_v5,bot_slippery
2026-07-26 18:17:58,0,24.8,0,1,13,2,10,3,1,0,0.00,11,0.80,3.9,0.0,0.3,3.4,6.1,1.3,8.8,pro,bot_rookie
2026-07-26 18:18:02,0,23.3,0,3,8,0,11,3,1,0,0.00,7,1.21,3.1,0.8,0.0,6.2,5.9,1.3,6.0,pro_learned_v4,bot_rookie
2026-07-26 18:18:05,1,12.9,1,0,5,3,4,2,0,0,0.00,2,1.38,3.6,0.3,0.0,1.8,1.3,0.0,4.8,pro_optimized_v1_origin,bot_rusher
2026-07-26 18:18:08,0,16.9,0,1,5,2,10,3,0,0,0.00,0,0.00,0.0,0.0,0.0,0.0,0.0,0.0,0.0,base,bot_rookie
2026-07-26 18:18:11,0,12.1,0,1,4,2,3,3,0,0,0.00,3,0.95,4.7,0.0,0.0,2.1,1.0,0.0,3.4,pro_optimized_v1_origin,bot_slippery
2026-07-26 18:18:13,1,9.0,1,0,8,3,8,2,0,0,0.00,0,0.00,0.0,0.0,0.0,0.0,0.0,0.0,0.0,base,bot_rusher
2026-07-26 18:18:17,1,24.5,3,0,10,3,5,0,2,1,0.66,2,0.51,14.6,0.0,0.8,1.6,2.9,2.6,1.1,pro,bot_standard
2026-07-26 18:18:19,0,9.5,0,2,5,1,5,3,0,0,0.00,3,0.81,2.9,0.3,0.0,0.3,2.5,0.0,3.1,pro_learned_v4,bot_rusher
2026-07-26 18:18:23,1,19.3,1,0,10,3,2,2,1,1,0.44,10,0.71,2.9,0.0,0.3,0.3,0.5,1.3,13.1,pro,bot_rusher
2026-07-26 18:18:28,1,11.3,2,0,7,3,3,1,0,0,0.00,3,1.14,3.9,0.0,0.0,2.7,2.1,0.0,1.6,pro_learned_v4,bot_rookie
2026-07-26 18:18:32,1,20.4,1,0,11,3,8,2,0,0,0.00,5,0.67,11.2,0.0,0.0,0.5,2.9,0.0,4.8,chaos,bot_rusher
2026-07-26 18:18:42,0,24.7,0,2,8,1,8,3,1,1,0.26,9,0.90,4.7,0.0,0.0,4.9,3.6,1.3,9.6,pro_optimized_v1,bot_rookie
2026-07-26 18:18:49,0,10.2,0,3,6,0,3,3,0,0,0.00,4,0.77,3.6,0.0,0.0,1.8,0.9,0.0,3.9,pro_learned_v4,bot_rusher
2026-07-26 18:18:52,1,13.0,1,0,8,3,4,2,1,1,1.72,2,1.05,4.9,0.0,0.3,1.8,1.0,1.3,2.6,pro_optimized_v2,bot_rusher
2026-07-26 18:18:55,0,12.9,0,2,3,1,4,3,1,1,0.34,5,0.59,5.7,0.0,0.0,1.6,1.0,1.3,2.9,pro_learned_v5,bot_slippery
2026-07-26 18:19:00,0,37.4,0,1,19,2,12,3,5,6,0.82,12,1.04,9.9,0.0,0.0,12.7,4.4,6.5,2.9,pro_optimized_v2,bot_rookie
2026-07-26 18:19:04,0,22.8,0,1,11,2,4,3,1,1,1.50,7,0.99,6.2,0.0,0.0,1.6,1.3,3.4,9.4,chaos,bot_rusher
2026-07-26 18:19:10,0,15.0,0,2,6,1,5,3,0,0,0.00,0,0.00,0.0,0.0,0.0,0.0,0.0,0.0,0.0,base,bot_standard
2026-07-26 18:19:13,0,15.8,0,2,4,1,9,3,0,0,0.00,0,0.00,0.0,0.0,0.0,0.0,0.0,0.0,0.0,base,bot_rusher
2026-07-26 18:19:17,1,25.6,1,0,13,3,12,2,1,1,0.30,8,0.90,4.9,0.0,0.0,1.8,6.8,1.3,9.8,chaos,bot_rookie
2026-07-26 18:19:20,1,14.0,1,0,11,3,4,2,0,0,0.00,3,1.59,4.2,1.0,0.0,2.6,2.1,0.0,3.1,pro_optimized_v1_origin,bot_standard
2026-07-26 18:19:23,0,13.1,0,2,7,1,7,3,0,0,0.00,0,0.00,0.0,0.0,0.0,0.0,0.0,0.0,0.0,base,bot_slippery
2026-07-26 18:19:29,1,20.8,1,0,10,3,5,2,1,1,0.52,9,0.95,2.6,0.0,1.0,1.3,2.1,1.3,11.4,pro,bot_slippery
2026-07-26 18:19:32,0,13.2,0,1,5,2,3,3,1,1,0.76,3,0.79,4.4,0.0,0.0,1.8,0.5,1.3,4.2,pro_optimized_v1,bot_rusher
2026-07-26 18:19:35,0,16.8,0,2,6,1,5,3,2,3,1.91,0,0.00,7.0,0.5,0.0,0.5,2.6,2.6,3.1,pro_learned_v4,bot_standard
2026-07-26 18:19:38,1,15.7,1,0,7,3,4,2,1,1,0.38,7,0.71,2.3,0.8,0.0,2.1,1.6,2.1,5.9,chaos,bot_rusher
2026-07-26 18:19:44,1,25.7,1,0,15,3,2,2,0,0,0.00,16,0.77,3.1,0.0,0.0,3.4,0.5,0.0,17.7,chaos,bot_slippery
2026-07-26 18:19:47,1,10.1,1,0,8,3,6,2,0,0,0.00,0,0.00,0.0,0.0,0.0,0.0,0.0,0.0,0.0,base,bot_slippery
2026-07-26 18:19:50,1,14.4,2,0,9,3,5,1,2,2,1.18,2,1.04,5.4,0.5,0.0,0.8,2.6,2.6,1.6,pro_learned_v5,bot_slippery
2026-07-26 18:19:53,0,15.8,0,1,8,2,4,3,1,1,0.30,4,0.49,8.6,0.3,0.0,0.3,1.3,1.3,3.1,pro_optimized_v1,bot_rusher
2026-07-26 18:19:56,0,14.4,0,1,6,2,11,3,0,0,0.00,0,0.00,0.0,0.0,0.0,0.0,0.0,0.0,0.0,base,bot_standard
2026-07-26 18:19:59,1,16.1,1,0,9,3,10,2,0,0,0.00,0,0.00,0.0,0.0,0.0,0.0,0.0,0.0,0.0,base,bot_slippery
2026-07-26 18:20:01,0,8.7,0,2,3,1,4,3,0,0,0.00,3,0.41,1.0,0.8,0.0,1.3,1.7,0.0,3.4,pro_optimized_v1_origin,bot_rusher
2026-07-26 18:20:03,0,10.7,0,2,7,1,4,3,1,1,2.42,3,1.00,3.1,0.0,0.0,1.6,1.1,1.3,3.1,pro_learned_v5,bot_slippery
2026-07-26 18:20:07,0,16.8,0,1,7,2,7,3,0,0,0.00,4,1.29,3.1,0.5,0.8,3.1,2.6,0.0,5.7,pro_learned_v4,bot_slippery
2026-07-26 18:20:14,0,23.4,0,2,3,1,4,3,0,0,0.00,3,0.73,16.6,0.0,0.0,2.3,0.8,0.0,3.1,pro_optimized_v3,bot_standard
2026-07-26 18:20:17,1,13.0,2,0,8,3,3,1,2,2,0.86,4,1.06,3.6,0.0,0.3,2.3,1.3,2.9,1.6,pro_optimized_v1,bot_slippery
2026-07-26 18:20:19,0,7.3,0,1,5,2,3,3,0,0,0.00,3,0.50,2.1,0.0,0.0,1.0,0.9,0.0,2.3,pro_learned_v5,bot_rusher
2026-07-26 18:20:21,1,12.0,2,0,6,3,2,1,1,0,0.00,1,0.28,6.0,0.0,0.0,1.6,0.8,1.3,1.3,pro_learned_v5,bot_rusher
2026-07-26 18:20:24,0,17.9,0,2,10,1,4,3,1,0,0.00,6,1.59,3.6,0.3,0.3,7.8,1.0,1.3,3.1,pro_optimized_v2,bot_rusher
2026-07-26 18:20:27,0,12.5,0,3,7,0,5,3,2,2,0.49,3,0.47,0.5,1.8,0.0,2.6,2.1,2.6,2.9,pro_optimized_v1,bot_rookie
2026-07-26 18:20:31,1,23.0,2,0,7,3,2,1,0,0,0.00,4,3.75,12.5,0.3,0.0,6.4,1.0,0.0,1.8,pro_optimized_v1_origin,bot_standard
2026-07-26 18:20:37,0,37.3,0,2,10,1,11,3,2,3,1.47,8,1.38,7.5,0.0,0.3,5.2,5.8,2.6,15.3,pro,bot_standard
2026-07-26 18:20:43,0,19.3,0,1,7,2,6,3,0,0,0.00,6,1.21,4.2,0.8,0.0,4.9,2.7,0.0,5.7,pro_optimized_v1_origin,bot_rookie
2026-07-26 18:20:56,1,30.0,1,0,9,3,4,2,1,2,0.64,4,1.73,15.1,0.0,0.0,2.6,1.8,1.3,8.2,pro,bot_rusher
2026-07-26 18:21:01,0,15.1,0,3,8,0,6,3,0,0,0.00,3,2.51,3.1,0.5,0.3,4.9,2.3,0.0,3.9,chaos,bot_rookie
2026-07-26 18:21:06,0,31.5,0,2,17,1,6,3,2,3,0.51,4,1.22,14.0,0.0,0.5,1.6,2.5,8.8,3.6,chaos,bot_slippery
2026-07-26 18:21:10,1,16.4,1,0,7,3,5,2,1,0,0.00,4,0.55,8.4,0.8,0.0,0.3,1.6,1.3,3.1,pro_optimized_v3,bot_rusher
2026-07-26 18:21:12,0,13.3,0,2,5,1,5,3,2,1,2.58,2,0.97,3.4,0.0,0.0,2.9,1.4,2.6,2.6,pro_optimized_v2,bot_standard
2026-07-26 18:21:16,0,21.0,0,2,11,1,9,3,1,2,0.66,7,0.71,6.2,0.8,0.0,2.3,2.3,1.3,7.5,pro_learned_v5,bot_standard
2026-07-26 18:21:18,0,10.4,0,2,3,1,3,3,1,2,0.96,1,1.16,3.9,0.8,0.0,0.5,1.1,1.3,2.3,pro_optimized_v3,bot_rusher
2026-07-26 18:21:23,0,31.6,0,2,23,1,25,3,0,0,0.00,0,0.00,0.0,0.0,0.0,0.0,0.0,0.0,0.0,base,bot_slippery
2026-07-26 18:21:27,0,20.6,0,2,6,1,4,3,2,1,4.02,3,0.79,4.7,0.3,0.0,5.5,1.6,2.9,5.2,pro_optimized_v1,bot_rookie
2026-07-26 18:21:30,0,14.9,0,1,10,2,7,3,0,0,0.00,4,1.47,2.3,0.8,0.3,2.9,3.8,0.0,3.9,pro_learned_v4,bot_standard
2026-07-26 18:21:34,1,22.1,1,0,15,3,5,2,1,1,2.60,10,0.58,2.6,0.8,0.0,1.3,2.1,3.1,11.2,pro_optimized_v1,bot_rusher
2026-07-26 18:21:37,0,13.7,0,3,6,0,5,3,1,1,0.82,3,0.95,6.2,0.3,0.0,1.6,1.2,1.3,3.1,pro_learned_v5,bot_rusher
2026-07-26 18:21:42,0,15.1,0,3,7,0,6,3,2,1,0.22,5,0.98,3.4,0.3,0.0,3.4,2.3,2.6,3.1,pro_optimized_v1,bot_rookie
2026-07-26 18:21:46,0,25.8,0,3,5,0,7,3,1,1,0.22,6,0.71,13.8,0.8,0.0,2.1,3.0,2.6,3.6,pro_optimized_v1,bot_rusher
2026-07-26 18:21:57,1,18.8,1,0,10,3,9,2,0,0,0.00,5,0.95,2.1,0.3,0.0,3.6,5.3,0.0,6.5,pro_optimized_v1_origin,bot_slippery
2026-07-26 18:21:59,1,11.6,1,0,9,3,4,2,1,0,0.00,2,0.29,5.5,0.0,0.3,0.5,1.6,1.3,1.6,pro_optimized_v2,bot_rusher
2026-07-26 18:22:03,0,19.3,0,3,7,0,7,3,1,2,0.47,4,1.61,5.2,0.5,0.0,1.6,3.1,1.3,7.6,pro_optimized_v1,bot_standard
2026-07-26 18:22:06,1,18.7,2,0,5,3,1,1,0,0,0.00,2,0.49,13.8,0.0,0.0,2.3,0.3,0.0,1.3,pro_learned_v4,bot_rookie
2026-07-26 18:22:10,0,22.3,0,2,12,1,7,3,2,1,3.38,3,1.43,3.4,0.5,1.0,4.2,3.6,2.6,6.5,pro,bot_standard
2026-07-26 18:22:12,0,8.8,0,2,5,1,3,3,0,0,0.00,3,1.09,2.3,0.0,0.0,2.1,0.8,0.0,3.1,pro_learned_v5,bot_slippery
2026-07-26 18:22:18,0,17.9,0,1,5,2,5,3,2,2,1.72,4,0.69,7.0,0.0,0.0,3.1,1.3,2.6,2.9,pro_learned_v5,bot_rookie
2026-07-26 18:22:24,0,41.6,0,1,22,2,6,3,1,0,0.00,22,0.97,2.1,1.3,1.6,6.8,1.8,1.3,25.7,pro,bot_rookie
2026-07-26 18:22:28,0,26.1,0,2,7,1,6,3,2,1,0.72,5,0.92,12.7,0.3,0.0,3.9,2.2,2.9,3.6,pro_optimized_v1,bot_rookie
2026-07-26 18:22:31,1,13.1,2,0,9,3,5,1,1,1,1.66,4,0.66,2.9,0.3,0.0,0.5,2.7,1.8,3.9,pro_optimized_v1_origin,bot_rusher
2026-07-26 18:22:34,1,15.7,1,0,7,3,4,2,0,0,0.00,5,1.09,5.2,0.3,0.0,2.5,2.1,0.0,4.7,pro_optimized_v1_origin,bot_standard
2026-07-26 18:22:38,0,18.9,0,1,4,2,3,3,2,4,0.65,0,0.00,11.2,0.0,0.0,0.5,0.7,2.6,2.9,pro_learned_v4,bot_rusher
2026-07-26 18:22:45,0,17.3,0,1,8,2,5,3,2,1,1.30,6,0.70,6.0,0.0,0.0,3.9,1.2,2.6,2.6,pro_optimized_v3,bot_rookie
2026-07-26 18:22:49,0,19.0,0,1,12,2,4,3,1,0,0.00,6,1.05,7.8,0.0,0.5,1.6,2.1,0.0,6.0,pro,bot_slippery
2026-07-26 18:22:52,1,19.8,1,0,9,3,5,2,1,0,0.00,6,1.17,4.4,0.0,0.0,6.8,2.6,0.8,4.2,chaos,bot_standard
2026-07-26 18:23:00,1,10.4,1,0,5,3,4,2,0,0,0.00,3,0.95,2.9,0.3,0.0,1.6,1.6,0.0,3.1,pro_optimized_v1_origin,bot_standard
2026-07-26 18:23:10,0,16.9,0,3,4,0,4,3,2,3,0.55,3,0.92,8.6,0.0,0.0,0.8,1.8,2.6,3.1,pro_optimized_v1,bot_slippery
2026-07-26 18:23:13,0,14.6,0,1,4,2,4,3,0,0,0.00,5,1.06,5.7,0.5,0.0,3.1,1.1,0.0,3.4,pro_optimized_v1_origin,bot_standard
2026-07-26 18:23:20,1,46.6,1,0,28,3,21,2,5,6,1.12,8,0.62,18.7,0.0,0.0,6.0,9.4,6.4,5.2,pro_optimized_v3,bot_rookie
2026-07-26 18:23:22,0,12.4,0,1,4,2,6,3,0,0,0.00,3,1.41,2.6,0.3,0.0,2.3,3.1,0.0,3.1,pro_learned_v4,bot_rusher
2026-07-26 18:23:25,0,8.6,0,2,6,1,3,3,0,0,0.00,3,0.91,3.9,0.0,0.0,0.8,0.6,0.0,2.9,chaos,bot_rusher
2026-07-26 18:23:29,0,25.0,0,1,13,2,7,3,2,2,0.84,6,0.68,12.6,0.0,0.0,4.4,1.8,2.6,2.6,pro_optimized_v3,bot_rookie
2026-07-26 18:23:32,0,16.6,0,2,10,1,6,3,2,3,1.47,3,0.46,6.0,0.0,0.0,3.4,1.6,2.6,2.6,pro_learned_v5,bot_slippery
2026-07-26 18:23:38,1,19.4,1,0,7,3,5,2,1,0,0.00,3,1.11,10.1,0.0,0.0,4.2,1.6,1.3,1.3,pro_learned_v5,bot_rookie
2026-07-26 18:23:41,0,20.3,0,2,9,1,4,3,1,2,0.98,9,0.72,3.9,0.3,1.3,2.1,1.6,1.3,9.4,chaos,bot_standard
2026-07-26 18:23:44,0,14.0,0,1,5,2,4,3,2,2,1.21,2,0.89,6.0,0.0,0.0,1.0,1.3,1.6,3.1,pro_optimized_v2,bot_standard
2026-07-26 18:23:46,1,8.6,2,0,5,3,3,1,1,0,0.00,1,0.16,1.8,1.3,0.0,1.0,1.6,1.3,0.6,pro_optimized_v1,bot_rusher
2026-07-26 18:23:49,0,12.1,0,2,4,1,4,3,0,0,0.00,3,1.96,3.9,0.0,0.0,3.6,1.3,0.0,2.9,pro_learned_v5,bot_slippery
2026-07-26 18:23:53,1,27.4,2,0,11,3,6,1,1,0,0.00,7,0.98,9.6,0.8,0.0,4.4,3.4,1.3,6.9,pro_optimized_v1_origin,bot_rookie
2026-07-26 18:23:56,0,11.9,0,3,5,0,3,3,0,0,0.00,6,0.51,4.9,0.8,0.8,1.0,1.0,0.0,3.4,pro_learned_v4,bot_rookie
2026-07-26 18:24:01,0,30.6,0,2,15,1,12,3,0,0,0.00,10,0.89,6.8,0.3,0.0,3.4,6.2,0.0,13.5,pro_learned_v4,bot_slippery
2026-07-26 18:24:06,0,13.8,0,1,7,2,4,3,2,2,2.64,3,0.83,3.1,0.0,0.3,2.9,0.9,2.6,3.1,pro_optimized_v2,bot_rusher
2026-07-26 18:24:08,0,8.0,0,3,2,0,3,3,0,0,0.00,3,0.62,1.3,2.1,0.0,0.3,1.0,0.0,3.4,pro_optimized_v1,bot_rusher
2026-07-26 18:24:15,0,21.0,0,3,7,0,11,3,3,1,0.92,6,1.10,4.2,0.0,0.0,5.5,3.4,3.9,4.2,pro_optimized_v3,bot_standard
2026-07-26 18:24:18,1,11.8,1,0,6,3,5,2,0,0,0.00,0,0.00,0.0,0.0,0.0,0.0,0.0,0.0,0.0,base,bot_rusher
2026-07-26 18:24:28,0,9.8,0,3,2,0,3,3,1,1,1.44,4,0.94,1.6,0.5,0.0,1.8,0.9,1.3,3.6,pro_learned_v4,bot_rusher
2026-07-26 18:24:31,0,14.0,0,2,5,1,12,3,0,0,0.00,0,0.00,0.0,0.0,0.0,0.0,0.0,0.0,0.0,base,bot_standard
2026-07-26 18:24:33,0,9.7,0,1,7,2,8,3,0,0,0.00,0,0.00,0.0,0.0,0.0,0.0,0.0,0.0,0.0,base,bot_rusher
2026-07-26 18:24:39,0,38.7,0,1,18,2,5,3,0,0,0.00,22,0.81,3.9,0.3,0.0,3.4,2.1,0.0,28.1,pro_optimized_v1_origin,bot_rookie
2026-07-26 18:24:48,1,19.1,1,0,11,3,6,2,0,0,0.00,10,0.54,1.6,2.1,0.0,1.3,2.9,0.0,10.3,chaos,bot_rookie
2026-07-26 18:24:51,0,12.0,0,3,6,0,7,3,1,1,2.00,1,1.38,3.7,0.0,0.8,0.5,2.9,1.3,2.9,pro_optimized_v2,bot_slippery
2026-07-26 18:24:54,0,15.3,0,2,4,1,3,3,0,0,0.00,5,1.05,6.2,0.0,0.8,2.1,1.0,0.0,4.7,pro,bot_slippery
2026-07-26 18:24:58,1,22.3,1,0,11,3,15,2,0,0,0.00,0,0.00,0.0,0.0,0.0,0.0,0.0,0.0,0.0,base,bot_rusher
2026-07-26 18:25:08,1,29.7,1,0,14,3,9,2,1,1,1.14,10,1.43,2.3,0.4,1.8,5.2,4.4,1.3,13.3,pro,bot_rookie
2026-07-26 18:25:13,1,8.9,3,0,4,3,1,0,0,0,0.00,2,0.76,5.8,0.0,0.0,1.8,0.3,0.0,0.0,pro_optimized_v3,bot_rookie
2026-07-26 18:25:17,0,28.3,0,1,12,2,3,3,1,1,4.98,17,0.60,1.3,1.0,2.1,2.3,0.8,1.3,18.5,pro,bot_rookie
2026-07-26 18:25:21,0,18.7,0,1,8,2,7,3,0,0,0.00,4,1.76,4.2,0.0,0.0,5.5,3.2,0.0,5.2,pro_optimized_v1_origin,bot_standard
2026-07-26 18:25:25,0,28.7,0,1,13,2,3,3,1,2,1.53,11,0.80,7.0,0.8,1.3,1.6,0.8,1.3,15.3,pro,bot_standard
2026-07-26 18:25:30,0,26.3,0,1,9,2,6,3,2,2,1.91,8,0.99,4.2,0.0,1.6,2.3,2.3,2.6,12.7,pro,bot_slippery
2026-07-26 18:25:35,0,14.8,0,1,6,2,7,3,0,0,0.00,8,0.77,0.8,2.1,0.0,3.4,3.1,0.0,4.4,pro_learned_v4,bot_slippery
2026-07-26 18:25:39,0,26.0,0,2,10,1,8,3,3,3,0.87,6,0.83,10.9,0.0,0.3,4.2,3.2,3.9,3.1,pro_optimized_v2,bot_slippery
2026-07-26 18:25:43,1,22.1,1,0,11,3,7,2,0,0,0.00,6,1.53,5.2,0.0,0.8,3.1,3.2,0.0,8.8,pro_learned_v4,bot_slippery
2026-07-26 18:25:46,0,15.2,0,1,7,2,4,3,1,1,1.02,4,1.31,2.1,1.8,0.5,3.9,1.0,1.3,3.6,pro_optimized_v1,bot_rookie
2026-07-26 18:25:49,0,13.2,0,3,7,0,6,3,2,1,1.66,4,0.68,3.1,0.0,0.0,3.1,1.5,2.6,2.9,pro_optimized_v3,bot_rookie
2026-07-26 18:25:52,0,13.5,0,1,5,2,4,3,2,2,1.88,3,1.47,2.1,0.0,0.3,2.3,1.2,2.6,4.4,pro_optimized_v2,bot_standard
2026-07-26 18:25:55,1,19.8,1,0,8,3,2,2,2,2,2.52,6,0.74,3.6,0.0,1.0,0.6,0.5,2.9,10.1,pro,bot_standard
2026-07-26 18:25:59,0,24.7,0,1,14,2,10,3,2,0,0.00,4,3.17,1.6,0.0,0.0,5.2,4.7,2.6,9.6,chaos,bot_slippery
2026-07-26 18:26:03,0,17.7,0,1,7,2,4,3,1,1,1.42,3,0.95,7.5,0.5,0.0,2.9,1.3,1.3,3.1,pro_learned_v4,bot_standard
2026-07-26 18:26:07,0,28.2,0,2,9,1,9,3,4,3,1.90,2,1.46,6.2,0.3,0.0,6.2,4.0,5.2,5.7,pro_optimized_v1,bot_slippery
2026-07-26 18:26:12,0,28.2,0,1,10,2,7,3,0,0,0.00,7,1.83,5.7,0.0,0.5,7.5,2.6,0.0,11.2,chaos,bot_rusher
2026-07-26 18:26:15,0,13.7,0,1,6,2,4,3,1,1,2.04,4,0.46,7.0,0.0,0.0,0.8,1.3,1.3,2.3,pro_learned_v5,bot_slippery
2026-07-26 18:26:17,0,12.7,0,2,4,1,5,3,0,0,0.00,0,0.00,0.0,0.0,0.0,0.0,0.0,0.0,0.0,base,bot_standard
2026-07-26 18:26:20,0,15.1,0,1,5,2,5,3,1,1,0.42,3,1.75,3.9,0.0,0.0,4.2,1.4,1.6,3.1,pro_optimized_v1_origin,bot_rusher
2026-07-26 18:26:23,1,13.3,1,0,9,3,5,2,1,1,0.68,5,0.73,4.7,0.0,0.0,1.8,1.9,1.3,2.6,pro_learned_v5,bot_standard
2026-07-26 18:26:28,0,17.2,0,3,2,0,8,3,0,0,0.00,0,0.00,0.0,0.0,0.0,0.0,0.0,0.0,0.0,base,bot_standard
2026-07-26 18:26:31,0,9.5,0,3,3,0,3,3,0,0,0.00,3,1.47,2.9,1.0,0.5,0.9,0.8,0.0,3.4,chaos,bot_rookie
2026-07-26 18:26:33,0,12.2,0,3,0,0,5,3,0,0,0.00,0,0.00,0.0,0.0,0.0,0.0,0.0,0.0,0.0,base,bot_rookie
2026-07-26 18:26:40,0,18.9,0,1,6,2,6,3,0,0,0.00,9,0.86,3.6,0.0,0.3,1.8,1.5,0.0,10.7,pro_learned_v4,bot_slippery
2026-07-26 18:26:44,0,20.1,0,3,10,0,10,3,2,2,1.96,4,0.55,8.1,0.0,0.0,2.1,4.2,2.6,3.1,pro_learned_v5,bot_rookie
2026-07-26 18:26:47,0,13.2,0,1,9,2,8,3,0,0,0.00,0,0.00,0.0,0.0,0.0,0.0,0.0,0.0,0.0,base,bot_standard
2026-07-26 18:26:51,1,22.2,2,0,11,3,4,1,1,0,0.00,9,0.75,5.2,0.0,0.3,3.4,2.3,1.3,8.7,pro,bot_rusher
2026-07-26 18:26:54,0,14.7,0,1,6,2,4,3,1,1,3.24,2,2.30,0.5,0.0,0.8,3.9,1.5,1.3,5.7,pro,bot_standard
2026-07-26 18:26:56,0,10.3,0,3,5,0,4,3,2,1,1.18,3,0.61,2.1,0.0,0.0,0.3,1.4,2.6,3.9,chaos,bot_rusher
2026-07-26 18:26:58,1,10.9,1,0,6,3,11,2,0,0,0.00,0,0.00,0.0,0.0,0.0,0.0,0.0,0.0,0.0,base,bot_rusher
2026-07-26 18:27:07,0,32.2,0,2,14,1,7,3,2,3,0.38,9,1.70,4.7,0.3,0.0,13.8,3.1,1.3,8.6,chaos,bot_standard
2026-07-26 18:27:10,0,10.5,0,3,2,0,8,3,0,0,0.00,0,0.00,0.0,0.0,0.0,0.0,0.0,0.0,0.0,base,bot_slippery
2026-07-26 18:27:16,1,20.1,1,0,11,3,9,2,1,1,0.44,3,1.69,7.9,0.0,0.3,2.9,3.6,1.3,3.1,pro_optimized_v2,bot_rusher
2026-07-26 18:27:24,0,24.6,0,3,5,0,3,3,0,0,0.00,4,1.11,16.6,0.8,0.0,2.5,1.6,0.0,3.1,pro_learned_v4,bot_rookie
2026-07-26 18:27:27,0,8.6,0,3,2,0,3,3,1,1,2.76,2,0.30,2.3,0.0,0.3,0.8,0.8,1.3,3.1,pro_optimized_v2,bot_rookie
2026-07-26 18:27:29,0,10.7,0,2,2,1,4,3,1,2,0.60,4,0.70,4.5,0.0,0.0,0.8,1.0,1.3,2.6,pro_optimized_v3,bot_standard
2026-07-26 18:27:33,0,22.6,0,2,9,1,8,3,2,1,1.50,6,0.40,11.2,0.0,0.0,2.6,2.9,2.6,2.9,pro_learned_v5,bot_standard
2026-07-26 18:27:36,1,12.8,1,0,7,3,2,2,2,2,0.85,3,0.95,3.9,0.0,0.0,1.6,1.0,2.0,3.4,pro,bot_rookie
2026-07-26 18:27:38,0,13.9,0,2,5,1,3,3,0,0,0.00,3,0.91,7.3,0.0,0.0,2.1,1.2,0.0,2.9,pro_optimized_v1_origin,bot_rookie
2026-07-26 18:27:41,0,13.7,0,1,5,2,7,3,0,0,0.00,0,0.00,0.0,0.0,0.0,0.0,0.0,0.0,0.0,base,bot_rusher
2026-07-26 18:27:44,1,12.0,2,0,8,3,6,1,0,0,0.00,2,1.32,3.6,0.0,0.0,0.8,3.9,0.0,2.6,pro,bot_rusher
2026-07-26 18:27:48,0,25.0,0,2,9,1,5,3,2,1,1.48,5,0.46,16.1,0.0,0.0,0.8,2.3,2.6,3.1,pro_optimized_v3,bot_rusher
2026-07-26 18:27:51,1,17.0,1,0,9,3,5,2,0,0,0.00,5,0.48,7.3,0.0,0.0,0.5,2.3,0.0,5.9,pro_learned_v5,bot_standard
2026-07-26 18:27:58,1,15.1,2,0,12,3,5,1,0,0,0.00,2,1.80,3.6,0.8,0.0,1.8,2.9,0.0,4.9,chaos,bot_slippery
2026-07-26 18:28:01,0,13.3,0,3,7,0,9,3,0,0,0.00,0,0.00,0.0,0.0,0.0,0.0,0.0,0.0,0.0,base,bot_rookie
2026-07-26 18:28:03,0,13.7,0,2,8,1,5,3,1,0,0.00,4,1.08,4.4,0.0,0.0,3.4,1.4,1.3,3.1,pro_optimized_v3,bot_standard
2026-07-26 18:28:07,0,16.9,0,2,8,1,9,3,1,1,0.70,5,0.82,6.5,0.3,0.0,2.6,2.6,1.3,3.1,pro_optimized_v3,bot_rookie
2026-07-26 18:28:09,0,13.7,0,1,5,2,4,3,0,0,0.00,3,1.27,4.9,0.0,0.0,1.3,1.0,0.0,5.5,pro_optimized_v1_origin,bot_slippery
2026-07-26 18:28:12,0,14.5,0,2,6,1,7,3,2,1,0.22,4,0.81,4.2,0.0,0.0,2.1,2.9,2.6,2.3,pro_optimized_v1,bot_standard
2026-07-26 18:28:16,0,17.9,0,2,7,1,4,3,2,2,2.99,2,0.73,6.5,0.0,0.3,3.4,1.6,2.6,3.1,pro_optimized_v2,bot_standard
2026-07-26 18:28:21,0,33.0,0,1,17,2,6,3,1,1,1.48,15,1.00,3.4,0.0,0.8,3.4,2.7,1.6,20.3,pro,bot_standard
2026-07-26 18:28:26,1,32.9,1,0,13,3,10,2,4,4,0.60,11,0.81,7.3,0.0,0.3,12.4,3.6,5.2,3.1,pro_optimized_v2,bot_rookie
2026-07-26 18:28:30,0,25.7,0,2,9,1,5,3,1,1,0.96,7,1.77,4.2,0.3,1.0,6.2,2.3,1.3,9.9,pro,bot_rookie
2026-07-26 18:28:34,0,16.6,0,3,2,0,5,3,0,0,0.00,4,0.59,10.1,0.0,0.0,1.6,1.3,0.0,3.6,pro_optimized_v2,bot_standard
2026-07-26 18:28:36,0,12.6,0,3,5,0,6,3,0,0,0.00,4,0.45,6.0,1.3,0.0,0.8,1.4,0.0,3.1,pro_learned_v5,bot_rusher
2026-07-26 18:28:40,0,18.4,0,1,7,2,5,3,0,0,0.00,5,0.95,6.2,1.3,0.3,1.8,1.8,0.0,6.0,pro_learned_v4,bot_rookie
2026-07-26 18:28:44,0,26.4,0,2,12,1,10,3,4,3,1.34,5,0.66,8.8,0.0,0.3,6.5,3.1,4.2,3.1,pro_optimized_v2,bot_rookie
2026-07-26 18:28:47,0,19.3,0,2,11,1,10,3,0,0,0.00,7,1.19,3.9,0.0,0.0,4.9,4.5,0.0,5.5,pro_learned_v4,bot_standard
2026-07-26 18:28:53,0,38.2,0,1,16,2,12,3,3,3,0.61,7,1.03,18.5,0.0,2.1,5.2,4.5,3.9,3.1,pro_optimized_v2,bot_rookie
2026-07-26 18:28:56,1,12.8,1,0,7,3,2,2,2,2,1.82,0,0.00,5.2,0.0,0.0,1.8,0.6,2.9,1.3,chaos,bot_slippery
2026-07-26 18:29:02,1,20.1,1,0,11,3,3,2,0,0,0.00,11,0.87,2.9,0.0,1.0,0.8,1.0,0.0,13.4,pro,bot_rusher
2026-07-26 18:29:05,0,18.0,0,1,7,2,9,3,0,0,0.00,7,0.97,3.6,0.0,0.0,2.6,5.1,0.0,5.7,pro_learned_v4,bot_slippery
2026-07-26 18:29:12,0,14.8,0,2,3,1,3,3,1,0,0.00,5,0.93,2.9,0.3,0.8,1.8,0.5,1.3,6.8,pro,bot_rookie
2026-07-26 18:29:14,0,12.5,0,2,3,1,5,3,1,0,0.00,3,0.92,5.7,0.0,0.0,0.9,1.3,1.3,2.9,pro_optimized_v2,bot_standard
2026-07-26 18:29:17,0,10.7,0,2,6,1,9,3,0,0,0.00,0,0.00,0.0,0.0,0.0,0.0,0.0,0.0,0.0,base,bot_slippery
2026-07-26 18:29:23,0,19.9,0,2,8,1,8,3,2,1,0.40,4,1.61,4.7,0.0,0.0,1.3,3.3,2.6,7.5,pro_optimized_v1,bot_rusher
2026-07-26 18:29:25,1,11.9,2,0,6,3,8,1,1,1,0.32,3,0.39,5.5,0.0,0.0,1.0,2.9,0.5,1.0,pro_optimized_v3,bot_rusher
2026-07-26 18:29:29,1,18.0,1,0,10,3,4,2,3,3,2.16,4,0.56,2.3,0.0,1.3,0.5,2.1,3.8,7.0,chaos,bot_standard
2026-07-26 18:29:34,0,35.5,0,1,16,2,6,3,4,5,2.71,3,0.67,14.6,0.0,2.1,8.1,1.5,5.2,3.1,pro_optimized_v2,bot_rookie
2026-07-26 18:29:37,0,9.7,0,3,3,0,3,3,0,0,0.00,4,0.77,4.7,0.0,0.0,1.3,0.6,0.0,3.1,pro_optimized_v3,bot_rusher
2026-07-26 18:29:41,1,23.6,1,0,8,3,4,2,0,0,0.00,9,1.08,4.2,0.8,0.3,8.8,1.6,0.0,7.0,chaos,bot_slippery
2026-07-26 18:29:43,0,13.3,0,2,7,1,5,3,0,0,0.00,2,2.10,2.1,0.3,0.0,5.2,2.1,0.0,3.2,pro_optimized_v1_origin,bot_rookie
2026-07-26 18:29:48,0,28.3,0,2,16,1,7,3,0,0,0.00,11,0.94,6.5,0.8,0.0,3.4,3.4,0.0,13.8,pro_optimized_v1_origin,bot_standard
2026-07-26 18:29:51,0,17.5,0,3,5,0,7,3,2,1,0.88,4,0.71,8.1,0.0,0.0,2.1,2.0,2.6,2.9,pro_optimized_v3,bot_standard
2026-07-26 18:29:54,1,15.3,1,0,12,3,4,2,2,3,0.33,3,0.55,6.0,0.0,0.0,1.8,1.3,1.8,3.4,pro_learned_v5,bot_rookie
2026-07-26 18:29:59,0,25.8,0,2,13,1,5,3,0,0,0.00,8,1.19,6.0,0.0,0.0,0.3,1.1,0.0,17.9,pro_learned_v5,bot_rusher
2026-07-26 18:30:05,0,13.6,0,3,5,0,3,3,1,1,2.06,4,1.03,4.9,0.3,0.0,2.9,0.8,1.3,3.4,pro_optimized_v1,bot_standard
2026-07-26 18:30:09,0,21.6,0,1,11,2,10,3,1,1,0.96,8,1.12,2.1,0.0,0.3,2.6,5.2,1.3,9.1,chaos,bot_slippery
2026-07-26 18:30:12,1,18.9,1,0,11,3,4,2,1,0,0.00,7,0.93,4.4,0.0,0.0,4.7,1.8,1.3,5.7,pro_optimized_v1,bot_slippery
2026-07-26 18:30:15,1,14.4,1,0,6,3,3,2,1,2,0.75,3,1.11,3.1,0.0,0.3,3.3,1.0,1.3,4.4,pro_optimized_v1,bot_rookie
2026-07-26 18:30:18,0,12.1,0,1,4,2,3,3,1,1,1.12,3,0.39,5.2,0.8,0.0,0.0,1.0,1.3,2.9,pro_optimized_v1,bot_rusher
2026-07-26 18:30:21,1,18.1,1,0,14,3,2,2,0,0,0.00,12,0.72,2.1,0.5,0.3,0.8,0.5,0.0,12.9,chaos,bot_rusher
2026-07-26 18:30:24,0,18.9,0,1,8,2,7,3,1,2,1.13,5,1.09,3.4,0.0,0.0,3.1,2.3,1.3,7.8,pro_optimized_v1_origin,bot_rookie
2026-07-26 18:30:27,0,15.9,0,2,6,1,6,3,0,0,0.00,5,1.38,3.6,0.0,0.0,4.4,2.4,0.0,4.9,chaos,bot_rookie
2026-07-26 18:30:31,0,18.2,0,2,7,1,5,3,3,6,0.57,2,2.83,2.6,0.5,0.5,3.7,2.1,4.4,3.9,pro,bot_slippery
2026-07-26 18:30:34,0,17.3,0,3,9,0,7,3,2,1,0.72,4,0.78,8.3,0.0,0.0,1.3,2.3,2.6,2.9,pro_learned_v5,bot_standard
2026-07-26 18:30:36,0,9.5,0,2,3,1,4,3,1,1,2.86,1,2.54,2.6,0.3,0.0,0.8,1.0,1.3,3.1,pro_optimized_v3,bot_rusher
2026-07-26 18:30:39,0,12.1,0,3,5,0,4,3,1,2,0.45,2,1.19,2.9,0.8,0.0,2.3,1.7,1.3,3.1,chaos,bot_slippery
2026-07-26 18:30:48,0,16.6,0,2,5,1,4,3,2,2,3.08,3,1.01,4.4,0.0,0.0,4.9,1.0,2.6,3.1,pro_optimized_v3,bot_rookie
2026-07-26 18:30:54,0,15.4,0,2,4,1,4,3,1,1,1.58,4,1.37,3.6,0.0,1.3,2.9,1.3,1.3,4.4,pro_optimized_v1,bot_standard
2026-07-26 18:30:58,0,23.1,0,1,5,2,6,3,0,0,0.00,6,0.81,11.7,0.0,0.8,2.1,2.6,0.0,4.9,pro_learned_v4,bot_slippery
2026-07-26 18:31:02,1,27.0,2,0,14,3,7,1,3,3,2.31,6,0.85,9.9,0.0,0.8,7.3,2.6,3.9,1.6,pro_optimized_v2,bot_standard
2026-07-26 18:31:06,0,23.3,0,2,11,1,7,3,3,1,0.56,4,1.38,9.1,0.0,0.8,3.1,3.0,3.9,2.9,pro_optimized_v2,bot_rookie
2026-07-26 18:31:09,0,14.3,0,3,5,0,5,3,0,0,0.00,3,0.55,6.5,1.6,0.0,0.5,2.3,0.0,3.4,pro_learned_v4,bot_rusher
2026-07-26 18:31:12,0,9.6,0,2,3,1,4,3,0,0,0.00,5,0.43,3.9,0.0,0.0,1.0,1.3,0.0,2.9,pro_optimized_v1_origin,bot_slippery
2026-07-26 18:31:14,0,12.4,0,3,5,0,6,3,0,0,0.00,0,0.00,0.0,0.0,0.0,0.0,0.0,0.0,0.0,base,bot_standard
2026-07-26 18:31:17,0,15.1,0,3,6,0,7,3,1,0,0.00,4,1.47,2.3,0.0,0.0,4.4,2.4,1.3,4.7,pro_learned_v4,bot_rookie
2026-07-26 18:31:27,0,20.5,0,1,9,2,5,3,1,1,0.46,6,1.76,2.9,0.3,0.8,4.2,1.6,1.3,8.6,pro,bot_standard
2026-07-26 18:31:32,0,30.3,0,1,12,2,6,3,2,2,1.71,6,1.31,15.9,0.0,0.3,5.7,1.8,2.6,3.1,pro_optimized_v2,bot_rookie
2026-07-26 18:31:35,1,18.5,1,0,13,3,8,2,4,3,1.61,1,0.66,7.0,0.0,0.0,1.8,2.5,3.1,3.1,pro_learned_v5,bot_rusher
2026-07-26 18:31:41,1,37.1,1,0,12,3,5,2,2,1,1.46,11,1.09,11.2,0.3,0.0,7.3,1.8,2.6,13.0,pro,bot_standard
2026-07-26 18:31:43,1,9.0,1,0,6,3,3,2,0,0,0.00,2,0.24,3.6,0.0,0.0,1.0,0.8,0.0,2.5,pro_optimized_v1_origin,bot_rusher
2026-07-26 18:31:45,0,11.0,0,2,3,1,3,3,1,1,3.40,2,0.59,4.2,0.0,0.5,1.8,0.9,1.3,1.8,pro_optimized_v1,bot_slippery
2026-07-26 18:32:01,1,38.2,1,0,20,3,6,2,2,2,0.61,22,0.79,2.1,0.0,0.0,2.9,2.9,2.6,26.8,pro,bot_slippery
2026-07-26 18:32:03,0,12.0,0,1,4,2,4,3,2,1,1.08,2,1.48,4.9,0.0,0.0,1.3,1.0,1.4,2.3,pro_learned_v5,bot_rusher
2026-07-26 18:32:08,0,29.3,0,1,7,2,7,3,4,4,0.93,5,1.07,12.7,0.0,0.5,5.5,1.8,5.2,2.6,pro_optimized_v2,bot_standard
2026-07-26 18:32:12,1,18.7,2,0,9,3,5,1,3,5,0.95,4,0.71,6.2,0.0,0.0,4.9,1.3,3.9,1.3,pro_optimized_v2,bot_rookie
2026-07-26 18:32:15,0,21.9,0,1,8,2,4,3,2,0,0.00,6,0.75,11.2,0.0,0.0,0.8,1.0,2.9,4.9,pro,bot_rusher
2026-07-26 18:32:18,1,9.8,3,0,10,3,4,0,0,0,0.00,1,0.50,2.6,2.9,0.0,0.8,2.6,0.0,0.0,pro_optimized_v1,bot_slippery
2026-07-26 18:32:20,0,10.2,0,3,3,0,11,3,0,0,0.00,0,0.00,0.0,0.0,0.0,0.0,0.0,0.0,0.0,base,bot_slippery
2026-07-26 18:32:23,1,11.2,1,0,4,3,10,2,0,0,0.00,0,0.00,0.0,0.0,0.0,0.0,0.0,0.0,0.0,base,bot_standard
2026-07-26 18:32:25,0,11.2,0,1,9,2,7,3,0,0,0.00,0,0.00,0.0,0.0,0.0,0.0,0.0,0.0,0.0,base,bot_rusher
2026-07-26 18:32:28,0,14.1,0,2,5,1,5,3,0,0,0.00,6,0.52,5.7,0.0,0.0,3.4,1.3,0.0,3.1,pro_learned_v4,bot_slippery
2026-07-26 18:32:31,1,14.0,1,0,11,3,7,2,1,0,0.00,4,0.64,4.7,0.5,0.0,1.0,2.4,1.3,3.1,pro_learned_v5,bot_slippery
2026-07-26 18:32:34,0,15.6,0,1,5,2,6,3,0,0,0.00,0,0.00,0.0,0.0,0.0,0.0,0.0,0.0,0.0,base,bot_standard
2026-07-26 18:32:41,0,11.8,0,3,2,0,4,3,1,0,0.00,4,0.74,2.9,1.3,0.3,1.3,1.4,1.3,3.4,pro_optimized_v1,bot_standard
2026-07-26 18:32:44,1,15.3,2,0,9,3,6,1,2,2,0.61,2,0.93,7.0,0.0,0.3,1.3,1.8,2.6,1.3,pro_optimized_v2,bot_rusher
2026-07-26 18:32:48,0,24.1,0,1,8,2,4,3,1,1,0.46,5,1.52,8.6,0.0,1.6,1.8,1.0,1.8,8.3,pro,bot_rookie
2026-07-26 18:32:52,0,23.9,0,2,13,1,11,3,2,1,0.84,9,0.52,8.8,0.0,0.0,2.1,3.9,2.6,6.0,pro_optimized_v3,bot_rookie
2026-07-26 18:32:55,0,11.2,0,2,5,1,9,3,0,0,0.00,0,0.00,0.0,0.0,0.0,0.0,0.0,0.0,0.0,base,bot_slippery
2026-07-26 18:33:05,0,16.6,0,2,8,1,6,3,2,2,1.87,2,1.02,3.6,0.5,0.0,3.4,3.1,2.6,2.9,pro_optimized_v1,bot_rookie
2026-07-26 18:33:08,1,16.6,1,0,6,3,6,2,3,2,0.48,2,0.68,6.5,0.0,0.0,1.0,2.6,2.9,2.6,pro_optimized_v2,bot_standard
2026-07-26 18:33:10,0,10.4,0,2,5,1,4,3,0,0,0.00,4,0.77,0.8,1.6,0.0,2.6,1.3,0.0,3.6,pro_optimized_v1,bot_rusher
2026-07-26 18:33:13,1,17.5,2,0,9,3,7,1,2,2,1.72,1,2.66,6.2,0.0,0.0,3.9,2.2,2.6,1.6,pro_optimized_v3,bot_slippery
2026-07-26 18:33:16,0,11.6,0,1,8,2,3,3,1,1,0.36,2,0.55,5.5,0.0,0.0,0.3,1.0,1.3,2.6,pro_optimized_v2,bot_rusher
2026-07-26 18:33:19,1,17.2,3,0,8,3,4,0,3,1,3.18,3,0.77,2.6,0.0,0.0,2.3,2.1,3.7,5.5,chaos,bot_standard
2026-07-26 18:33:22,0,13.3,0,2,9,1,12,3,0,0,0.00,0,0.00,0.0,0.0,0.0,0.0,0.0,0.0,0.0,base,bot_slippery
2026-07-26 18:33:26,0,24.4,0,1,11,2,5,3,0,0,0.00,10,1.00,3.1,1.8,0.0,5.2,1.6,0.0,11.7,pro_optimized_v1_origin,bot_rookie
2026-07-26 18:33:29,1,15.1,1,0,10,3,14,2,0,0,0.00,0,0.00,0.0,0.0,0.0,0.0,0.0,0.0,0.0,base,bot_slippery
2026-07-26 18:33:32,0,17.7,0,1,7,2,4,3,1,2,0.98,3,1.01,5.7,1.0,0.0,3.4,1.0,1.3,4.2,pro_optimized_v1,bot_slippery
2026-07-26 18:33:38,0,19.2,0,1,7,2,8,3,0,0,0.00,0,0.00,0.0,0.0,0.0,0.0,0.0,0.0,0.0,base,bot_standard
2026-07-26 18:33:46,0,28.9,0,1,18,2,9,3,0,0,0.00,16,0.79,2.9,0.3,0.0,5.5,4.3,0.0,15.1,pro_optimized_v1_origin,bot_slippery
2026-07-26 18:33:52,0,13.6,0,2,7,1,6,3,0,0,0.00,4,0.74,4.4,0.0,0.0,2.9,3.0,0.0,2.9,pro_learned_v4,bot_rookie
2026-07-26 18:34:00,0,14.7,0,1,7,2,6,3,1,1,0.58,3,1.25,5.2,0.5,0.0,2.1,1.5,1.3,3.1,pro_optimized_v3,bot_standard
2026-07-26 18:34:03,0,12.0,0,2,2,1,5,3,0,0,0.00,3,1.04,4.2,0.0,0.0,2.1,2.4,0.0,2.9,pro_learned_v4,bot_rookie
2026-07-26 18:34:06,0,23.2,0,3,9,0,7,3,1,0,0.00,9,1.21,2.9,0.8,0.0,3.1,2.9,0.0,13.5,pro_optimized_v1_origin,bot_slippery
2026-07-26 18:34:09,0,15.4,0,1,4,2,4,3,1,0,0.00,3,0.91,7.3,0.0,0.0,2.3,0.9,1.3,2.6,pro_learned_v4,bot_rusher
2026-07-26 18:34:13,0,15.8,0,2,6,1,5,3,2,1,1.18,4,0.52,3.9,0.3,0.3,1.3,2.0,3.9,3.6,pro_optimized_v1,bot_standard
2026-07-26 18:34:18,1,9.1,1,0,8,3,3,2,0,0,0.00,0,0.00,0.0,0.0,0.0,0.0,0.0,0.0,0.0,base,bot_slippery
2026-07-26 18:34:21,0,16.6,0,2,5,1,5,3,3,2,1.05,4,0.68,5.2,0.0,1.0,2.3,1.1,3.9,2.9,pro_optimized_v2,bot_rookie
2026-07-26 18:34:24,0,14.7,0,3,3,0,5,3,0,0,0.00,4,1.45,2.3,3.1,0.0,4.4,1.7,0.0,3.1,pro_optimized_v1_origin,bot_standard
2026-07-26 18:34:28,0,16.1,0,2,6,1,3,3,0,0,0.00,6,1.23,3.1,0.0,0.3,1.0,1.0,0.0,10.1,pro,bot_rusher
2026-07-26 18:34:32,1,30.8,2,0,11,3,9,1,1,0,0.00,7,1.39,9.9,0.0,0.0,4.8,5.5,1.3,8.3,pro_optimized_v1,bot_rookie
2026-07-26 18:34:40,0,20.6,0,2,3,1,6,3,0,0,0.00,0,0.00,0.0,0.0,0.0,0.0,0.0,0.0,0.0,base,bot_slippery
2026-07-26 18:34:46,0,18.4,0,3,9,0,10,3,3,4,1.72,4,0.35,3.9,0.8,0.0,2.9,3.9,3.9,3.1,pro_learned_v5,bot_rookie
2026-07-26 18:34:50,1,20.9,1,0,9,3,6,2,1,1,1.08,5,1.47,7.7,0.0,0.0,4.2,2.3,1.3,4.4,chaos,bot_rusher
2026-07-26 18:34:52,0,13.0,0,2,2,1,6,3,0,0,0.00,0,0.00,0.0,0.0,0.0,0.0,0.0,0.0,0.0,base,bot_standard
2026-07-26 18:34:55,1,10.1,3,0,9,3,3,0,1,1,0.22,0,0.00,6.0,0.0,0.0,0.8,1.0,1.3,0.0,pro_optimized_v3,bot_rusher
2026-07-26 18:34:59,0,25.9,0,1,15,2,9,3,1,1,5.36,7,0.65,5.2,1.8,0.0,4.2,4.1,1.3,8.3,pro_optimized_v1_origin,bot_standard
2026-07-26 18:35:03,1,24.4,2,0,15,3,5,1,0,0,0.00,16,0.64,1.3,1.0,0.0,1.3,1.8,0.0,18.0,pro_optimized_v1,bot_rusher
2026-07-26 18:35:06,0,15.7,0,2,5,1,3,3,1,1,1.62,2,2.24,8.1,0.0,0.0,1.8,0.9,1.3,3.1,pro_optimized_v1,bot_rusher
2026-07-26 18:35:10,0,20.5,0,3,3,0,6,3,1,2,0.40,3,3.34,9.1,0.0,0.3,5.2,1.6,1.3,3.1,pro_optimized_v2,bot_rookie
2026-07-26 18:35:13,1,15.0,1,0,5,3,10,2,0,0,0.00,0,0.00,0.0,0.0,0.0,0.0,0.0,0.0,0.0,base,bot_standard
2026-07-26 18:35:19,1,39.5,1,0,22,3,6,2,0,0,0.00,18,0.76,2.1,1.0,0.5,0.5,3.6,0.0,30.7,pro,bot_rusher
2026-07-26 18:35:23,0,19.5,0,1,6,2,5,3,0,0,0.00,9,0.84,3.4,0.0,0.0,2.6,1.9,0.0,10.7,pro_optimized_v1_origin,bot_standard
2026-07-26 18:35:25,1,8.9,3,0,6,3,4,0,1,0,0.00,1,0.44,4.4,0.0,0.0,0.5,1.6,1.3,0.0,pro_learned_v5,bot_slippery
2026-07-26 18:35:27,0,12.7,0,1,5,2,4,3,0,0,0.00,4,0.96,2.6,0.0,0.0,4.7,1.6,0.0,2.9,pro_optimized_v1_origin,bot_rookie
2026-07-26 18:35:31,0,21.9,0,1,11,2,5,3,0,0,0.00,11,0.96,1.8,0.3,0.0,5.7,2.2,0.0,10.9,pro_optimized_v1_origin,bot_standard
2026-07-26 18:35:34,0,11.1,0,1,5,2,6,3,1,1,2.18,1,1.06,2.9,1.0,0.0,0.0,2.4,1.3,2.9,pro_learned_v5,bot_rusher
2026-07-26 18:35:38,0,29.3,0,2,8,1,6,3,2,1,1.14,5,1.84,16.6,0.0,0.0,4.7,2.3,2.6,2.6,pro_learned_v5,bot_rookie
2026-07-26 18:35:44,0,12.8,0,2,5,1,4,3,1,1,0.56,2,0.81,4.9,0.3,0.0,1.0,1.2,1.8,3.1,pro_learned_v4,bot_rusher
2026-07-26 18:35:46,0,12.9,0,1,7,2,5,3,0,0,0.00,6,0.50,3.6,0.0,0.0,2.9,2.5,0.0,2.9,pro_learned_v4,bot_slippery
2026-07-26 18:35:50,1,16.7,1,0,12,3,4,2,1,1,0.38,4,1.71,4.7,0.1,0.3,1.3,2.6,1.3,5.5,chaos,bot_slippery
2026-07-26 18:35:52,0,10.5,0,2,7,1,3,3,1,1,0.42,1,1.68,5.2,0.0,0.0,0.3,0.6,1.3,2.6,pro_learned_v5,bot_rusher
2026-07-26 18:35:55,0,11.2,0,1,5,2,3,3,0,0,0.00,3,0.49,4.2,0.0,0.0,2.3,0.6,0.0,3.1,pro_learned_v4,bot_rusher
2026-07-26 18:35:57,0,14.2,0,2,6,1,8,3,0,0,0.00,0,0.00,0.0,0.0,0.0,0.0,0.0,0.0,0.0,base,bot_slippery
2026-07-26 18:36:08,1,47.2,1,0,22,3,4,2,1,0,0.00,24,0.80,6.0,0.3,0.0,4.7,2.3,1.3,31.6,chaos,bot_rusher
2026-07-26 18:36:11,0,14.9,0,1,5,2,8,3,0,0,0.00,0,0.00,0.0,0.0,0.0,0.0,0.0,0.0,0.0,base,bot_rusher
2026-07-26 18:36:14,0,14.5,0,2,5,1,6,3,2,0,0.00,5,0.86,3.9,0.0,0.0,2.3,2.3,2.6,2.9,pro_optimized_v1,bot_rookie
2026-07-26 18:36:18,0,27.1,0,2,11,1,7,3,1,2,0.42,8,1.05,7.0,0.3,1.6,2.6,3.7,1.3,10.1,pro,bot_rookie
2026-07-26 18:36:22,0,21.0,0,2,5,1,5,3,1,1,2.76,9,0.85,3.6,0.0,0.3,3.6,1.8,1.3,9.9,pro,bot_slippery
2026-07-26 18:36:25,1,16.2,2,0,5,3,4,1,2,3,1.45,0,0.00,8.3,0.0,0.0,1.9,1.3,3.6,0.0,pro_optimized_v1,bot_slippery
2026-07-26 18:36:27,0,10.5,0,2,5,1,7,3,0,0,0.00,0,0.00,0.0,0.0,0.0,0.0,0.0,0.0,0.0,base,bot_slippery
2026-07-26 18:36:31,0,20.1,0,2,7,1,7,3,0,0,0.00,7,0.84,5.7,0.0,0.0,2.7,3.6,0.0,7.5,pro_optimized_v1_origin,bot_slippery
2026-07-26 18:36:33,0,11.5,0,3,5,0,6,3,2,1,0.48,5,0.39,2.1,1.0,0.0,1.3,1.6,2.6,2.9,pro_learned_v5,bot_slippery
2026-07-26 18:36:40,0,10.4,0,3,2,0,4,3,1,1,0.96,2,0.63,3.4,0.5,1.0,1.6,0.8,1.3,1.8,pro_optimized_v1,bot_rookie
2026-07-26 18:36:48,0,31.4,0,2,12,1,4,3,0,0,0.00,17,0.70,10.4,0.0,0.0,2.1,1.3,0.0,17.2,chaos,bot_slippery
2026-07-26 18:36:51,0,17.5,0,1,6,2,5,3,0,0,0.00,2,1.49,9.6,0.0,0.5,1.8,1.4,0.0,3.1,pro_learned_v4,bot_slippery
2026-07-26 18:36:57,1,12.0,1,0,6,3,4,2,1,1,2.28,1,2.50,3.9,0.0,0.0,2.3,0.9,1.3,2.6,pro_optimized_v3,bot_rusher
2026-07-26 18:37:02,1,12.7,1,0,5,3,4,2,0,0,0.00,0,0.00,0.0,0.0,0.0,0.0,0.0,0.0,0.0,base,bot_rusher
2026-07-26 18:37:05,0,14.6,0,2,7,1,3,3,0,0,0.00,4,1.43,3.4,1.3,0.0,1.8,0.6,0.0,7.0,pro_optimized_v1_origin,bot_rusher
2026-07-26 18:37:08,0,15.0,0,3,6,0,8,3,0,0,0.00,3,1.48,4.2,0.5,0.0,2.3,4.9,0.0,3.1,pro_learned_v4,bot_standard
2026-07-26 18:37:11,0,13.7,0,2,5,1,7,3,0,0,0.00,5,0.81,3.1,1.0,0.0,1.8,4.1,0.0,3.1,pro_learned_v4,bot_rusher
2026-07-26 18:37:15,0,24.2,0,1,9,2,8,3,1,0,0.00,7,1.67,2.9,0.3,0.3,4.2,3.5,1.3,10.9,pro,bot_rookie
2026-07-26 18:37:19,0,26.3,0,3,6,0,4,3,2,2,1.10,5,1.39,13.0,0.0,0.0,3.1,2.1,2.9,5.2,chaos,bot_standard
2026-07-26 18:37:25,0,15.5,0,3,3,0,11,3,0,0,0.00,0,0.00,0.0,0.0,0.0,0.0,0.0,0.0,0.0,base,bot_rookie
2026-07-26 18:37:27,0,10.3,0,3,2,0,3,3,0,0,0.00,2,0.32,6.2,0.0,0.0,0.3,0.7,0.0,3.1,pro_learned_v4,bot_rusher
2026-07-26 18:37:30,0,15.8,0,2,8,1,3,3,2,1,1.42,3,1.77,5.5,0.0,0.0,3.9,0.8,2.6,2.6,pro_optimized_v2,bot_rusher
2026-07-26 18:37:34,1,18.2,1,0,5,3,4,2,1,1,1.52,2,0.71,9.6,0.3,0.0,1.8,2.3,0.8,2.3,pro_optimized_v1,bot_rookie
2026-07-26 18:37:37,0,16.3,0,1,8,2,9,3,2,2,0.79,4,0.65,5.2,0.0,0.3,1.8,3.1,2.6,2.3,pro_optimized_v2,bot_standard
2026-07-26 18:37:39,0,10.9,0,2,5,1,3,3,0,0,0.00,0,0.00,0.0,0.0,0.0,0.0,0.0,0.0,0.0,base,bot_standard
2026-07-26 18:37:45,0,35.3,0,1,17,2,18,3,4,4,2.47,5,0.70,9.6,0.0,0.0,4.4,8.6,5.2,6.5,pro_learned_v5,bot_rookie
2026-07-26 18:37:49,0,23.8,0,3,7,0,8,3,0,0,0.00,0,0.00,0.0,0.0,0.0,0.0,0.0,0.0,0.0,base,bot_standard
2026-07-26 18:37:51,1,10.2,2,0,4,3,1,1,0,0,0.00,5,0.46,3.1,0.0,2.1,0.0,0.3,0.0,3.8,chaos,bot_rookie
2026-07-26 18:37:54,0,9.5,0,2,3,1,4,3,0,0,0.00,0,0.00,0.0,0.0,0.0,0.0,0.0,0.0,0.0,base,bot_slippery
2026-07-26 18:37:57,0,20.6,0,2,6,1,6,3,2,2,1.48,4,0.94,10.1,0.0,0.0,3.1,1.4,2.6,2.9,pro_optimized_v2,bot_standard
2026-07-26 18:38:00,0,9.8,0,2,6,1,4,3,0,0,0.00,5,0.44,3.6,0.0,0.0,1.6,1.0,0.0,3.1,pro_learned_v4,bot_rookie
2026-07-26 18:38:04,0,23.4,0,1,11,2,12,3,3,3,1.31,6,0.69,6.5,0.0,0.0,6.0,3.7,3.9,2.9,pro_learned_v5,bot_rookie
2026-07-26 18:38:07,0,16.4,0,1,5,2,4,3,2,2,1.60,3,0.67,6.8,0.0,0.0,1.3,1.1,2.6,3.6,pro_learned_v5,bot_standard
2026-07-26 18:38:09,0,12.4,0,3,2,0,4,3,1,1,1.70,4,0.76,3.4,0.3,0.8,2.3,1.3,1.6,2.9,pro_optimized_v1,bot_slippery
2026-07-26 18:38:12,0,10.1,0,1,6,2,3,3,0,0,0.00,2,0.75,1.8,1.6,0.0,2.6,0.8,0.0,2.3,pro_optimized_v1_origin,bot_rusher
2026-07-26 18:38:14,0,9.1,0,2,4,1,4,3,0,0,0.00,3,0.46,3.9,0.0,0.0,0.0,2.1,0.0,2.7,pro_optimized_v1_origin,bot_rookie
2026-07-26 18:38:17,0,18.2,0,3,3,0,8,3,2,2,1.27,5,0.44,6.8,0.0,1.0,0.8,3.9,2.6,3.1,pro_optimized_v2,bot_standard
2026-07-26 18:38:21,0,15.9,0,3,7,0,6,3,0,0,0.00,5,1.32,3.9,0.0,0.0,5.7,2.1,0.0,4.2,pro_optimized_v1_origin,bot_rookie
2026-07-26 18:38:24,0,20.6,0,1,6,2,6,3,1,1,3.00,2,1.48,7.8,1.3,0.5,3.9,1.7,1.3,3.1,pro_optimized_v1,bot_standard
2026-07-26 18:38:30,0,13.9,0,3,5,0,7,3,0,0,0.00,4,0.59,3.6,0.0,0.0,3.6,4.1,0.0,2.6,pro_optimized_v1_origin,bot_rookie
2026-07-26 18:38:33,1,16.5,1,0,10,3,8,2,0,0,0.00,4,1.39,2.9,2.1,0.0,2.9,4.6,0.0,3.1,pro_learned_v4,bot_slippery
2026-07-26 18:38:41,0,29.7,0,2,15,1,7,3,0,0,0.00,15,0.69,3.1,1.3,0.0,5.7,3.4,0.0,15.6,pro_optimized_v1_origin,bot_standard
2026-07-26 18:38:44,0,15.0,0,1,7,2,7,3,0,0,0.00,5,0.93,2.6,0.0,0.0,3.6,4.3,0.0,3.4,chaos,bot_rookie
2026-07-26 18:38:47,0,15.5,0,2,4,1,3,3,1,0,0.00,6,1.04,3.4,0.5,1.8,0.5,0.7,1.3,6.8,pro,bot_standard
2026-07-26 18:38:51,0,19.6,0,3,6,0,7,3,0,0,0.00,7,1.27,2.9,0.0,1.6,2.1,3.2,0.0,9.9,chaos,bot_rookie
2026-07-26 18:38:54,0,15.7,0,1,8,2,7,3,0,0,0.00,6,0.89,3.6,0.0,0.0,2.6,3.7,0.0,4.7,pro_learned_v4,bot_slippery
2026-07-26 18:39:01,1,22.8,1,0,8,3,3,2,2,1,1.32,8,0.81,8.1,0.0,0.0,1.8,1.0,2.6,8.3,chaos,bot_slippery
2026-07-26 18:39:03,0,7.2,0,3,3,0,3,3,0,0,0.00,4,0.53,2.9,0.3,0.0,0.3,0.7,0.0,3.1,pro_optimized_v1_origin,bot_rusher
2026-07-26 18:39:05,0,9.8,0,3,4,0,4,3,0,0,0.00,4,1.09,2.3,0.8,0.8,0.5,1.7,0.0,3.6,pro_learned_v4,bot_standard
2026-07-26 18:39:09,1,24.6,1,0,13,3,7,2,2,2,1.85,8,0.95,2.9,0.0,0.0,2.1,3.6,3.1,11.9,chaos,bot_rusher
2026-07-26 18:39:18,0,28.4,0,1,8,2,7,3,1,1,2.78,4,1.29,13.8,0.5,0.0,1.0,3.8,2.1,6.2,pro_learned_v4,bot_rusher
2026-07-26 18:39:22,0,27.1,0,2,9,1,6,3,3,3,0.81,4,0.93,15.3,0.0,0.0,3.1,1.4,3.9,2.9,pro_optimized_v2,bot_standard
2026-07-26 18:39:25,1,13.9,2,0,10,3,7,1,1,0,0.00,3,1.16,4.4,0.0,0.0,2.6,3.0,1.3,1.6,pro_learned_v5,bot_slippery
2026-07-26 18:39:28,1,14.9,2,0,7,3,4,1,1,0,0.00,2,0.45,9.4,0.0,0.0,0.5,1.4,1.3,1.3,pro_optimized_v3,bot_rusher
2026-07-26 18:39:32,1,23.1,1,0,13,3,7,2,0,0,0.00,11,0.62,3.9,1.0,0.0,4.2,3.9,0.0,9.1,pro_optimized_v1_origin,bot_rookie
2026-07-26 18:39:37,0,32.2,0,1,18,2,7,3,3,4,0.47,12,1.35,2.1,0.0,1.3,4.4,2.9,3.9,16.6,pro,bot_standard
2026-07-26 18:39:41,0,16.4,0,3,4,0,12,3,0,0,0.00,0,0.00,0.0,0.0,0.0,0.0,0.0,0.0,0.0,base,bot_rookie
2026-07-26 18:39:46,1,35.6,1,0,20,3,16,2,1,1,2.48,12,1.11,3.9,0.0,0.5,3.6,9.1,1.8,15.6,pro,bot_rookie
2026-07-26 18:39:49,0,12.6,0,2,3,1,3,3,0,0,0.00,3,0.73,6.2,0.0,0.0,2.6,0.7,0.0,2.6,pro_optimized_v1_origin,bot_slippery
2026-07-26 18:39:53,1,21.7,1,0,11,3,7,2,2,1,0.66,6,1.04,8.6,0.0,0.0,4.7,2.0,2.6,2.9,pro_learned_v5,bot_standard
2026-07-26 18:40:03,0,22.4,0,1,6,2,3,3,0,0,0.00,8,0.51,11.2,0.0,0.5,2.9,0.8,0.0,6.0,pro_learned_v4,bot_rookie
2026-07-26 18:40:06,0,14.6,0,2,6,1,4,3,1,0,0.00,4,1.33,1.8,0.0,0.0,6.8,1.9,1.3,2.3,pro_learned_v4,bot_rookie
2026-07-26 18:40:09,0,18.7,0,3,11,0,10,3,2,2,2.00,5,0.88,6.2,0.0,0.0,3.6,3.3,2.6,2.9,pro_learned_v5,bot_standard
2026-07-26 18:40:12,0,16.7,0,1,12,2,6,3,2,1,0.40,6,0.45,6.3,0.0,0.0,1.0,2.6,2.6,3.1,pro_learned_v5,bot_rusher
2026-07-26 18:40:16,1,20.9,1,0,7,3,3,2,3,3,2.28,5,0.56,6.8,0.0,0.5,5.9,0.8,3.9,2.1,pro_optimized_v2,bot_slippery
2026-07-26 18:40:24,0,20.7,0,2,10,1,6,3,0,0,0.00,9,0.82,3.1,0.5,0.0,0.8,3.0,0.0,12.7,pro_learned_v4,bot_standard
2026-07-26 18:40:27,0,19.3,0,1,8,2,7,3,2,3,1.59,5,0.69,7.8,0.0,0.0,3.6,1.9,2.6,2.3,pro_optimized_v3,bot_rookie
2026-07-26 18:40:30,0,13.2,0,2,9,1,10,3,0,0,0.00,0,0.00,0.0,0.0,0.0,0.0,0.0,0.0,0.0,base,bot_rookie
2026-07-26 18:40:35,0,28.8,0,1,8,2,9,3,0,0,0.00,10,1.32,3.9,0.0,0.5,6.5,4.4,0.0,12.5,chaos,bot_standard
2026-07-26 18:40:37,1,8.6,3,0,6,3,4,0,1,1,0.80,0,0.00,3.4,0.0,0.3,0.8,1.9,1.3,0.0,chaos,bot_standard
2026-07-26 18:40:44,0,17.2,0,1,12,2,7,3,1,0,0.00,7,0.47,3.6,0.0,0.0,4.4,3.5,1.3,3.4,pro_learned_v4,bot_slippery
2026-07-26 18:40:47,1,18.8,2,0,9,3,3,1,2,1,0.68,4,0.93,9.1,0.0,0.0,4.0,0.8,2.6,1.3,pro_learned_v5,bot_rookie
2026-07-26 18:40:49,0,10.4,0,3,7,0,4,3,1,0,0.00,4,0.50,4.4,0.0,0.0,0.5,1.1,1.3,3.1,pro_learned_v5,bot_rusher
2026-07-26 18:40:53,0,21.6,0,1,8,2,8,3,4,3,0.57,7,0.88,5.5,0.3,1.3,3.6,2.6,4.0,3.4,pro_optimized_v2,bot_standard
2026-07-26 18:40:57,1,20.6,1,0,15,3,8,2,3,2,1.67,3,0.69,3.9,0.5,0.3,1.0,4.4,3.5,6.0,pro_optimized_v1,bot_standard
2026-07-26 18:41:01,0,20.6,0,3,9,0,4,3,2,1,1.46,3,0.95,12.7,0.0,0.5,1.8,1.0,1.4,3.1,pro_optimized_v2,bot_rusher
2026-07-26 18:41:04,0,17.4,0,1,6,2,6,3,2,3,0.57,5,0.47,3.9,0.0,0.0,2.1,2.1,5.2,3.1,pro_optimized_v1,bot_standard
2026-07-26 18:41:18,0,16.3,0,3,10,0,16,3,0,0,0.00,0,0.00,0.0,0.0,0.0,0.0,0.0,0.0,0.0,base,bot_rookie
2026-07-26 18:41:22,0,23.9,0,1,11,2,8,3,3,3,2.29,4,1.61,4.7,0.3,0.0,4.7,2.4,3.9,7.0,chaos,bot_standard
2026-07-26 18:41:25,0,12.4,0,2,7,1,4,3,2,1,2.00,3,0.54,4.2,0.3,0.0,0.5,1.2,2.6,3.1,chaos,bot_rusher
2026-07-26 18:41:29,1,23.1,1,0,19,3,8,2,0,0,0.00,10,0.80,2.1,1.3,0.0,0.8,4.4,0.0,13.6,pro_learned_v4,bot_rusher
2026-07-26 18:41:32,1,19.6,1,0,9,3,9,2,2,2,0.60,5,1.18,2.9,0.5,0.5,1.6,4.8,2.6,5.7,pro_optimized_v1,bot_slippery
2026-07-26 18:41:36,0,17.7,0,2,6,1,4,3,0,0,0.00,7,1.22,1.8,0.3,0.0,4.4,0.8,0.0,10.4,chaos,bot_rookie
2026-07-26 18:41:39,0,16.4,0,2,4,1,3,3,0,0,0.00,2,0.38,11.2,0.0,0.0,0.3,1.3,0.0,3.1,pro_optimized_v1_origin,bot_slippery
2026-07-26 18:41:43,0,26.0,0,2,13,1,7,3,1,1,0.52,9,1.34,3.9,0.0,0.3,5.2,2.9,1.3,12.0,pro_optimized_v1,bot_rookie
2026-07-26 18:41:50,0,16.9,0,1,9,2,4,3,0,0,0.00,6,1.09,4.4,0.5,0.0,1.8,1.1,0.0,8.1,pro_optimized_v1,bot_rusher
2026-07-26 18:41:54,0,24.7,0,1,13,2,5,3,2,1,1.30,6,1.09,11.4,0.0,0.0,2.9,1.3,2.6,5.5,pro_learned_v5,bot_rusher
2026-07-26 18:41:57,0,11.6,0,2,2,1,3,3,1,0,0.00,3,0.88,4.4,0.3,0.0,1.8,1.0,1.3,2.3,pro_optimized_v1,bot_standard
2026-07-26 18:41:59,0,13.8,0,1,8,2,5,3,2,2,0.76,5,0.84,3.1,0.5,0.0,2.9,1.6,2.6,2.1,pro_optimized_v3,bot_rookie
2026-07-26 18:42:03,1,16.9,1,0,11,3,5,2,1,0,0.00,6,0.85,1.8,0.0,0.0,4.9,2.4,1.3,5.5,pro_optimized_v1_origin,bot_standard
2026-07-26 18:42:06,0,13.6,0,2,4,1,5,3,0,0,0.00,3,0.95,6.5,0.0,0.0,1.8,1.9,0.0,2.9,pro_optimized_v1_origin,bot_rusher
2026-07-26 18:42:09,0,15.6,0,3,9,0,6,3,1,1,0.60,3,0.93,7.8,0.0,0.0,0.8,2.6,1.3,3.1,pro_optimized_v3,bot_slippery
2026-07-26 18:42:11,1,11.8,1,0,8,3,6,2,2,0,0.00,3,0.66,3.4,0.0,0.3,0.8,1.8,1.7,2.9,pro_optimized_v2,bot_standard
2026-07-26 18:42:14,0,12.3,0,2,7,1,6,3,0,0,0.00,3,1.24,3.4,0.0,0.0,2.1,2.9,0.0,3.4,pro_learned_v4,bot_rookie
2026-07-26 18:42:17,0,13.6,0,3,4,0,10,3,0,0,0.00,0,0.00,0.0,0.0,0.0,0.0,0.0,0.0,0.0,base,bot_rookie
2026-07-26 18:42:19,0,11.5,0,3,5,0,3,3,0,0,0.00,3,0.92,7.3,0.0,0.0,0.3,0.8,0.0,3.1,pro_learned_v5,bot_rusher
2026-07-26 18:42:22,1,16.1,2,0,10,3,7,1,0,0,0.00,5,0.85,2.9,0.5,0.0,1.3,3.7,0.0,6.8,pro_optimized_v1_origin,bot_standard
2026-07-26 18:42:25,1,13.4,2,0,12,3,4,1,0,0,0.00,5,0.39,4.7,0.5,0.0,0.7,2.9,0.0,3.6,pro_optimized_v1_origin,bot_slippery
2026-07-26 18:42:28,1,14.2,1,0,14,3,13,2,0,0,0.00,0,0.00,0.0,0.0,0.0,0.0,0.0,0.0,0.0,base,bot_slippery
2026-07-26 18:42:32,0,18.0,0,2,9,1,7,3,2,3,0.97,3,0.56,7.5,0.0,0.0,1.4,2.3,2.6,3.6,pro_optimized_v3,bot_rookie
2026-07-26 18:42:38,1,38.8,1,0,9,3,4,2,1,1,0.48,6,1.11,25.5,0.0,0.3,4.2,1.6,1.6,4.8,chaos,bot_rusher
2026-07-26 18:42:45,0,30.2,0,2,6,1,7,3,2,0,0.00,7,1.39,3.6,0.5,2.3,3.1,3.7,2.6,13.8,pro,bot_slippery
2026-07-26 18:42:50,0,28.3,0,1,13,2,7,3,2,2,0.70,6,0.96,9.7,0.0,1.8,8.1,2.3,2.6,2.9,pro_optimized_v2,bot_rookie
2026-07-26 18:42:53,0,16.1,0,3,6,0,4,3,2,4,0.54,3,0.97,7.5,0.0,0.0,1.6,1.3,2.6,3.1,pro_optimized_v3,bot_standard
2026-07-26 18:43:00,1,22.8,2,0,16,3,6,1,1,0,0.00,9,0.96,4.2,0.0,0.5,0.3,2.5,1.3,13.0,pro,bot_rusher
2026-07-26 18:43:03,0,11.2,0,3,4,0,5,3,3,1,3.06,3,0.55,3.1,0.3,0.0,1.8,1.6,1.6,2.9,pro_optimized_v3,bot_standard
2026-07-26 18:43:05,1,10.3,3,0,6,3,5,0,0,0,0.00,2,0.98,3.9,0.0,0.0,2.1,3.3,0.0,0.0,pro_optimized_v1_origin,bot_rookie
2026-07-26 18:43:08,0,12.5,0,2,8,1,4,3,2,2,1.00,3,0.93,3.4,0.3,0.0,1.8,1.1,2.6,2.9,pro_optimized_v3,bot_standard
2026-07-26 18:43:10,0,8.1,0,3,4,0,3,3,0,0,0.00,4,0.59,1.8,0.8,0.0,1.6,1.1,0.0,2.9,pro_optimized_v1_origin,bot_slippery
2026-07-26 18:43:13,0,17.7,0,3,5,0,18,3,0,0,0.00,0,0.00,0.0,0.0,0.0,0.0,0.0,0.0,0.0,base,bot_rookie
2026-07-26 18:43:23,0,18.7,0,1,9,2,8,3,2,2,0.51,4,0.33,8.3,0.0,0.0,1.6,2.2,1.6,4.4,pro_learned_v5,bot_slippery
2026-07-26 18:43:25,0,10.9,0,2,7,1,4,3,0,0,0.00,4,0.79,2.3,0.0,0.0,3.4,1.3,0.0,3.4,pro_learned_v4,bot_slippery
2026-07-26 18:43:35,0,23.1,0,2,4,1,4,3,0,0,0.00,5,0.36,15.9,0.0,0.0,2.1,1.0,0.0,3.7,pro_learned_v4,bot_slippery
2026-07-26 18:43:38,0,11.8,0,1,4,2,6,3,0,0,0.00,0,0.00,0.0,0.0,0.0,0.0,0.0,0.0,0.0,base,bot_standard
2026-07-26 18:43:40,1,11.9,2,0,7,3,6,1,1,1,1.72,0,0.00,2.1,0.3,1.0,1.6,3.6,0.8,1.6,pro_optimized_v1,bot_standard
2026-07-26 18:43:45,0,13.3,0,1,9,2,6,3,1,2,1.01,2,1.03,3.4,0.5,0.0,2.6,2.2,1.3,2.3,pro_optimized_v3,bot_rusher
2026-07-26 18:43:51,0,13.3,0,2,4,1,3,3,2,1,0.48,3,1.66,0.8,0.3,0.8,4.7,0.6,2.6,3.1,chaos,bot_rusher
2026-07-26 18:43:54,0,11.3,0,2,4,1,8,3,0,0,0.00,0,0.00,0.0,0.0,0.0,0.0,0.0,0.0,0.0,base,bot_standard
2026-07-26 18:43:59,1,36.7,1,0,19,3,5,2,1,0,0.00,25,0.73,1.3,0.3,1.6,3.4,2.5,1.3,25.5,pro,bot_standard
2026-07-26 18:44:02,0,10.7,0,2,4,1,4,3,0,0,0.00,4,0.76,2.9,0.0,0.8,1.6,2.2,0.0,2.9,pro_learned_v4,bot_rookie
2026-07-26 18:44:09,0,19.2,0,3,6,0,11,3,0,0,0.00,0,0.00,0.0,0.0,0.0,0.0,0.0,0.0,0.0,base,bot_rookie
2026-07-26 18:44:14,0,26.4,0,3,5,0,5,3,1,1,1.92,1,2.20,19.7,0.0,0.0,1.0,1.3,1.3,3.1,pro_optimized_v3,bot_slippery
2026-07-26 18:44:18,0,21.0,0,2,11,1,7,3,2,2,2.96,6,0.75,2.3,1.0,1.0,4.2,2.8,2.6,6.5,pro_optimized_v1,bot_slippery
2026-07-26 18:44:20,0,8.2,0,3,4,0,3,3,0,0,0.00,2,1.48,2.9,0.0,0.0,1.6,0.7,0.0,3.1,chaos,bot_rusher
2026-07-26 18:44:23,1,20.0,1,0,8,3,5,2,1,1,0.88,4,1.32,9.9,0.0,0.0,3.4,1.6,1.3,2.9,pro_learned_v5,bot_slippery
2026-07-26 18:44:27,0,17.0,0,2,8,1,4,3,2,1,0.88,3,1.67,6.5,0.0,0.8,2.3,1.4,2.6,2.9,pro_optimized_v2,bot_rookie
2026-07-26 18:44:30,0,14.1,0,3,5,0,9,3,0,0,0.00,0,0.00,0.0,0.0,0.0,0.0,0.0,0.0,0.0,base,bot_standard
2026-07-26 18:44:33,0,18.5,0,3,6,0,5,3,1,0,0.00,8,0.75,4.4,0.0,0.0,3.9,1.6,1.3,7.3,pro_optimized_v1,bot_rookie
2026-07-26 18:44:43,0,18.9,0,2,12,1,8,3,2,1,4.46,3,0.49,7.0,0.0,0.0,3.6,2.1,2.6,3.1,pro_learned_v5,bot_standard
2026-07-26 18:44:47,0,21.4,0,1,5,2,4,3,0,0,0.00,4,0.90,9.6,0.0,0.0,2.9,1.3,0.0,6.6,pro_optimized_v1_origin,bot_rusher
2026-07-26 18:44:51,1,23.8,1,0,11,3,8,2,1,1,1.82,8,0.63,4.7,0.0,0.0,3.1,4.2,1.3,9.6,pro_optimized_v1_origin,bot_rookie
2026-07-26 18:44:55,0,21.4,0,2,10,1,5,3,3,1,2.48,7,0.75,3.1,0.0,0.3,2.3,2.2,3.9,9.1,pro,bot_rusher
2026-07-26 18:44:58,0,12.2,0,3,4,0,4,3,2,3,1.05,4,0.52,3.4,0.8,0.0,1.6,1.0,2.6,2.9,pro_optimized_v3,bot_slippery
2026-07-26 18:45:01,0,20.3,0,2,10,1,6,3,1,1,2.62,5,0.87,6.2,1.3,0.3,1.3,1.8,1.3,7.5,chaos,bot_rookie
2026-07-26 18:45:04,0,13.1,0,2,5,1,4,3,1,1,0.88,7,0.56,2.1,0.5,1.3,2.1,1.1,1.3,4.2,pro_optimized_v1,bot_rookie
2026-07-26 18:45:07,0,13.5,0,2,4,1,6,3,1,0,0.00,3,0.90,4.7,0.3,0.0,1.8,1.8,1.3,3.1,pro_optimized_v3,bot_rookie
2026-07-26 18:45:10,0,15.6,0,2,9,1,8,3,1,1,0.78,5,1.10,5.5,0.3,0.0,2.8,2.9,1.3,2.9,pro_optimized_v3,bot_slippery
2026-07-26 18:45:19,0,22.1,0,1,5,2,4,3,2,2,4.48,2,1.50,8.8,0.0,0.3,3.9,1.9,3.1,3.1,chaos,bot_slippery
2026-07-26 18:45:22,0,13.0,0,2,5,1,3,3,1,1,0.88,3,0.96,6.0,0.0,0.0,0.6,1.0,1.8,3.1,chaos,bot_rusher
2026-07-26 18:45:25,0,13.1,0,2,3,1,6,3,0,0,0.00,0,0.00,0.0,0.0,0.0,0.0,0.0,0.0,0.0,base,bot_rookie
2026-07-26 18:45:27,0,12.3,0,2,4,1,4,3,0,0,0.00,5,0.71,5.5,0.0,0.0,2.4,1.3,0.0,2.6,pro_optimized_v1_origin,bot_rookie
2026-07-26 18:45:31,0,17.7,0,1,10,2,15,3,0,0,0.00,0,0.00,0.0,0.0,0.0,0.0,0.0,0.0,0.0,base,bot_slippery
2026-07-26 18:45:33,0,11.0,0,2,6,1,3,3,0,0,0.00,4,1.01,3.9,0.0,0.0,2.3,0.6,0.0,3.6,pro_optimized_v1_origin,bot_rusher
2026-07-26 18:45:39,1,15.4,2,0,11,3,8,1,0,0,0.00,4,0.98,1.8,0.8,0.0,2.6,4.4,0.0,4.8,pro_optimized_v1,bot_rusher
2026-07-26 18:45:41,1,9.2,1,0,5,3,2,2,0,0,0.00,3,0.36,4.4,0.0,0.0,1.3,0.5,0.0,2.0,chaos,bot_rookie
2026-07-26 18:45:45,0,20.7,0,2,8,1,6,3,0,0,0.00,7,1.28,5.5,0.0,0.5,4.7,2.6,0.0,7.0,pro,bot_standard
2026-07-26 18:45:48,0,17.9,0,2,8,1,5,3,2,3,0.83,4,1.00,8.3,0.0,0.0,3.1,1.3,1.6,3.1,pro_optimized_v3,bot_standard
2026-07-26 18:45:53,0,31.5,0,1,15,2,11,3,1,1,1.10,10,1.19,3.6,0.0,0.0,5.7,6.1,1.3,13.8,chaos,bot_rusher
2026-07-26 18:45:56,0,13.4,0,2,4,1,6,3,0,0,0.00,3,1.11,3.6,0.5,0.3,2.6,2.7,0.0,3.1,pro_learned_v4,bot_rusher
2026-07-26 18:45:59,0,12.4,0,1,8,2,11,3,0,0,0.00,0,0.00,0.0,0.0,0.0,0.0,0.0,0.0,0.0,base,bot_rusher
2026-07-26 18:46:01,0,10.9,0,3,4,0,5,3,0,0,0.00,4,1.14,2.6,0.5,0.0,3.4,1.5,0.0,2.9,pro_optimized_v1,bot_slippery
2026-07-26 18:46:04,1,12.6,1,0,14,3,8,2,0,0,0.00,0,0.00,0.0,0.0,0.0,0.0,0.0,0.0,0.0,base,bot_slippery
2026-07-26 18:46:07,0,17.7,0,2,6,1,5,3,1,2,0.42,3,1.79,6.2,0.0,0.0,3.4,2.9,1.3,3.4,pro_optimized_v1,bot_slippery
2026-07-26 18:46:11,1,24.0,3,0,12,3,10,0,2,3,1.35,4,0.93,2.3,1.8,0.0,4.4,4.9,3.4,6.1,pro_optimized_v1,bot_standard
2026-07-26 18:46:15,0,20.0,0,1,5,2,8,3,0,0,0.00,4,1.74,6.8,0.8,0.0,5.7,2.9,0.0,2.9,pro_learned_v4,bot_rookie
2026-07-26 18:46:24,0,24.5,0,1,6,2,8,3,1,0,0.00,8,0.87,3.1,0.0,0.0,4.7,4.6,1.3,9.9,pro_learned_v4,bot_rookie
2026-07-26 18:46:27,1,14.3,1,0,7,3,4,2,1,0,0.00,4,0.97,3.9,0.0,0.0,1.6,1.1,1.6,5.2,pro_optimized_v1,bot_slippery
2026-07-26 18:46:34,0,17.5,0,2,5,1,3,3,1,1,3.16,3,0.87,9.1,0.3,0.3,1.3,0.9,1.3,3.9,pro_optimized_v1,bot_rusher
2026-07-26 18:46:36,0,11.1,0,2,6,1,6,3,0,0,0.00,2,1.03,5.5,0.0,0.0,0.5,1.7,0.0,2.9,pro_learned_v5,bot_rusher
2026-07-26 18:46:39,0,16.8,0,2,6,1,5,3,0,0,0.00,5,0.99,6.0,0.3,1.3,3.1,1.5,0.0,4.4,pro_learned_v4,bot_rookie
2026-07-26 18:46:42,0,9.4,0,1,5,2,3,3,1,0,0.00,2,0.40,3.1,0.0,0.0,1.0,0.6,1.3,2.3,pro_optimized_v1,bot_rusher
2026-07-26 18:46:47,1,25.8,2,0,13,3,10,1,3,3,2.46,5,0.59,3.1,1.0,1.0,4.2,5.0,3.9,6.5,chaos,bot_rookie
2026-07-26 18:46:50,0,14.2,0,1,7,2,5,3,2,1,3.28,1,0.66,7.3,0.3,0.0,0.3,1.4,1.6,2.9,pro_optimized_v3,bot_rusher
2026-07-26 18:46:58,0,16.2,0,1,7,2,6,3,2,2,0.40,1,1.00,8.3,0.0,0.0,0.0,1.4,2.6,2.9,pro_learned_v5,bot_rusher
2026-07-26 18:47:01,0,11.8,0,2,7,1,5,3,0,0,0.00,0,0.00,0.0,0.0,0.0,0.0,0.0,0.0,0.0,base,bot_slippery
2026-07-26 18:47:04,0,17.2,0,1,11,2,5,3,0,0,0.00,9,0.74,3.1,0.0,0.0,1.0,1.9,0.0,10.1,pro_optimized_v1_origin,bot_rusher
2026-07-26 18:47:09,1,10.4,3,0,8,3,3,0,1,0,0.00,1,0.40,6.0,0.0,0.0,0.8,1.3,1.3,0.0,pro_optimized_v3,bot_standard
2026-07-26 18:47:12,0,14.4,0,2,5,1,4,3,0,0,0.00,5,0.93,3.9,0.0,0.0,2.5,1.3,0.0,6.2,pro_optimized_v1_origin,bot_standard
2026-07-26 18:47:21,0,15.6,0,2,5,1,5,3,1,1,1.10,3,1.75,6.0,0.0,0.0,2.9,1.8,1.3,3.1,pro_optimized_v3,bot_standard
2026-07-26 18:47:28,0,20.1,0,1,14,2,3,3,2,2,1.26,7,0.93,2.3,0.0,2.5,0.5,1.0,2.6,10.1,chaos,bot_standard
2026-07-26 18:47:32,0,25.3,0,1,5,2,7,3,0,0,0.00,0,0.00,0.0,0.0,0.0,0.0,0.0,0.0,0.0,base,bot_rusher
2026-07-26 18:47:36,1,17.6,1,0,11,3,5,2,0,0,0.00,8,0.77,3.6,1.8,0.3,1.8,1.8,0.0,7.2,pro_learned_v4,bot_rusher
2026-07-26 18:47:42,0,11.6,0,2,5,1,3,3,2,1,1.12,3,0.84,5.5,0.0,0.0,0.8,0.7,1.6,2.6,pro_learned_v5,bot_standard
2026-07-26 18:47:45,0,12.2,0,2,4,1,7,3,0,0,0.00,0,0.00,0.0,0.0,0.0,0.0,0.0,0.0,0.0,base,bot_rookie
2026-07-26 18:47:51,0,22.2,0,1,10,2,4,3,1,2,2.86,6,1.29,6.0,0.0,0.5,6.2,1.4,1.3,6.2,pro,bot_slippery
2026-07-26 18:47:53,0,9.4,0,2,5,1,3,3,1,1,0.82,2,0.96,3.6,0.0,0.0,0.8,0.5,1.3,2.6,pro_optimized_v3,bot_rusher
2026-07-26 18:47:58,0,23.5,0,2,12,1,12,3,1,2,0.36,6,1.40,3.9,1.3,0.0,3.1,5.6,1.3,7.8,pro_optimized_v1,bot_standard
2026-07-26 18:48:06,1,20.8,1,0,9,3,9,2,0,0,0.00,3,2.20,5.5,0.3,0.0,1.8,5.8,0.0,6.5,pro_learned_v4,bot_rookie
2026-07-26 18:48:11,0,24.9,0,1,10,2,8,3,1,1,1.20,11,0.64,5.7,0.0,0.0,3.6,3.1,1.3,10.1,pro_optimized_v1,bot_slippery
2026-07-26 18:48:13,1,9.9,2,0,6,3,6,1,0,0,0.00,0,0.00,0.0,0.0,0.0,0.0,0.0,0.0,0.0,base,bot_standard
2026-07-26 18:48:15,0,10.0,0,3,5,0,4,3,0,0,0.00,0,0.00,0.0,0.0,0.0,0.0,0.0,0.0,0.0,base,bot_rusher
2026-07-26 18:48:18,1,8.7,1,0,4,3,2,2,0,0,0.00,5,0.40,3.9,0.0,0.5,0.4,0.5,0.0,2.3,pro_learned_v4,bot_rusher
2026-07-26 18:48:21,0,15.9,0,1,8,2,5,3,2,1,0.98,4,0.76,4.9,0.0,0.5,2.6,2.1,2.6,2.1,pro_optimized_v1,bot_rusher
2026-07-26 18:48:23,0,14.6,0,1,7,2,4,3,2,2,2.01,1,2.90,3.9,0.0,0.0,3.1,1.3,2.6,3.1,pro_optimized_v2,bot_rookie
2026-07-26 18:48:29,1,14.7,2,0,12,3,1,1,0,0,0.00,7,0.76,2.1,0.3,0.8,0.7,0.3,0.0,9.6,pro,bot_rusher
2026-07-26 18:48:42,0,8.6,0,2,5,1,3,3,0,0,0.00,3,0.88,2.6,0.3,0.8,0.5,0.8,0.0,3.1,pro_learned_v4,bot_rusher
2026-07-26 18:48:47,0,28.5,0,1,14,2,11,3,1,1,0.36,5,1.50,12.2,0.0,0.0,3.6,3.6,1.3,6.8,pro_optimized_v2,bot_rookie
2026-07-26 18:48:50,1,21.3,1,0,15,3,9,2,1,0,0.00,6,1.44,2.1,0.8,2.1,0.8,4.9,1.3,8.3,pro,bot_slippery
2026-07-26 18:48:55,0,26.2,0,2,11,1,7,3,2,2,0.61,6,1.25,2.3,0.0,0.0,6.8,3.6,2.6,10.4,chaos,bot_standard
2026-07-26 18:49:00,0,15.2,0,2,7,1,4,3,1,1,2.04,4,1.38,4.9,0.0,0.0,4.2,1.2,1.3,3.1,pro_optimized_v3,bot_rusher
2026-07-26 18:49:04,0,18.7,0,3,5,0,4,3,2,2,1.72,4,0.53,8.1,0.8,0.0,2.6,1.0,2.9,3.4,pro_optimized_v1,bot_rookie
2026-07-26 18:49:07,0,18.3,0,1,11,2,7,3,2,1,0.52,5,1.58,2.1,0.8,0.0,4.7,3.0,2.9,3.9,pro_optimized_v1,bot_standard
2026-07-26 18:49:10,0,18.3,0,1,11,2,5,3,1,1,0.78,4,2.29,1.6,1.3,0.0,7.0,2.2,1.6,3.6,pro_optimized_v1,bot_rusher
2026-07-26 18:49:15,0,29.1,0,3,3,0,7,3,2,1,1.60,7,0.63,15.3,0.0,0.0,1.6,3.1,2.6,6.5,pro_optimized_v1,bot_slippery
2026-07-26 18:49:18,0,14.0,0,3,5,0,4,3,0,0,0.00,6,0.75,5.7,0.0,0.8,3.4,1.3,0.0,2.9,pro_learned_v4,bot_rookie
2026-07-26 18:49:22,0,21.5,0,1,14,2,11,3,0,0,0.00,10,0.75,3.1,0.0,0.0,3.1,6.2,0.0,8.1,pro_learned_v4,bot_slippery
2026-07-26 18:49:25,1,15.7,2,0,7,3,5,1,2,2,1.05,1,2.08,7.5,0.5,0.0,1.6,1.6,1.9,1.6,pro_learned_v5,bot_slippery
2026-07-26 18:49:27,0,11.1,0,2,3,1,4,3,1,1,1.78,2,1.77,3.1,0.0,0.0,2.1,1.2,1.3,2.9,pro_optimized_v3,bot_standard
2026-07-26 18:49:32,0,30.2,0,2,14,1,7,3,0,0,0.00,16,0.69,5.2,0.3,0.0,1.3,2.4,0.0,20.5,pro_learned_v4,bot_rusher
2026-07-26 18:49:36,0,23.9,0,1,10,2,7,3,2,2,0.43,9,0.98,4.7,0.0,0.0,3.1,2.6,2.6,9.9,pro_optimized_v1,bot_rookie
2026-07-26 18:49:39,0,18.7,0,3,8,0,7,3,3,3,0.83,2,0.87,8.1,0.0,0.0,3.4,1.8,2.9,2.6,pro_learned_v5,bot_rookie
2026-07-26 18:49:43,0,15.9,0,1,8,2,9,3,2,2,0.44,4,1.08,2.6,0.3,0.0,2.3,4.9,2.6,2.2,pro_optimized_v1,bot_rookie
2026-07-26 18:49:46,0,19.7,0,3,8,0,8,3,1,1,2.14,7,1.00,2.1,0.5,0.0,3.1,2.6,1.8,9.6,pro_learned_v4,bot_rookie
2026-07-26 18:49:50,1,20.2,2,0,10,3,5,1,0,0,0.00,6,0.67,8.1,0.0,0.3,0.3,2.9,0.0,7.7,pro,bot_rusher
2026-07-26 18:49:52,0,10.6,0,2,6,1,4,3,1,1,0.34,3,0.87,1.8,0.3,0.8,1.3,1.8,1.3,2.9,pro_optimized_v1,bot_rusher
2026-07-26 18:49:58,0,13.8,0,1,7,2,12,3,0,0,0.00,0,0.00,0.0,0.0,0.0,0.0,0.0,0.0,0.0,base,bot_rookie
2026-07-26 18:50:01,0,13.8,0,3,8,0,5,3,0,0,0.00,5,1.16,1.6,1.6,1.0,1.6,1.8,0.0,6.2,pro_learned_v4,bot_standard
2026-07-26 18:50:09,0,25.7,0,3,10,0,8,3,2,2,1.36,9,1.08,3.1,0.0,0.0,6.5,3.1,2.6,10.4,pro_optimized_v1,bot_slippery
2026-07-26 18:50:15,0,17.0,0,1,8,2,4,3,2,1,0.92,3,0.32,8.6,0.0,0.0,0.8,0.9,2.6,3.1,pro_learned_v5,bot_rusher
2026-07-26 18:50:19,1,19.3,1,0,9,3,7,2,1,0,0.00,3,0.63,9.6,0.0,0.0,0.5,3.5,1.8,2.9,pro_optimized_v1,bot_rusher
2026-07-26 18:50:21,1,9.3,3,0,8,3,6,0,0,0,0.00,0,0.00,0.0,0.0,0.0,0.0,0.0,0.0,0.0,base,bot_rusher
2026-07-26 18:50:25,1,23.2,1,0,15,3,8,2,0,0,0.00,7,1.46,4.2,1.0,0.0,3.4,3.8,0.0,9.9,pro_optimized_v1_origin,bot_slippery
2026-07-26 18:50:29,1,21.5,2,0,5,3,5,1,2,1,0.32,7,1.19,2.6,0.0,0.5,5.7,1.8,2.9,7.0,pro,bot_standard
2026-07-26 18:50:36,0,19.8,0,1,8,2,5,3,2,3,1.22,4,1.09,8.8,0.0,0.0,2.9,1.6,2.6,2.9,pro_learned_v5,bot_rookie
2026-07-26 18:50:43,0,17.0,0,2,8,1,5,3,0,0,0.00,0,0.00,0.0,0.0,0.0,0.0,0.0,0.0,0.0,base,bot_slippery
2026-07-26 18:50:46,0,16.6,0,1,10,2,9,3,1,2,0.44,3,1.49,5.7,0.0,0.0,2.6,3.0,1.3,3.4,pro_learned_v5,bot_standard
2026-07-26 18:50:49,0,16.4,0,3,4,0,5,3,1,1,1.02,4,2.18,3.4,0.0,0.8,3.9,1.3,1.3,5.7,pro,bot_standard
2026-07-26 18:50:53,0,18.9,0,3,9,0,6,3,2,2,1.57,6,0.42,5.7,0.0,0.0,2.9,2.1,2.6,5.7,pro_optimized_v1,bot_rookie
2026-07-26 18:50:55,0,11.7,0,3,4,0,5,3,0,0,0.00,4,1.17,3.4,0.0,0.0,3.1,2.1,0.0,3.1,pro_optimized_v1_origin,bot_rusher
2026-07-26 18:51:00,0,27.1,0,1,12,2,3,3,1,0,0.00,11,0.88,6.2,0.0,0.8,1.3,0.7,1.3,15.9,pro,bot_rusher
2026-07-26 18:51:02,1,9.8,3,0,5,3,4,0,1,1,0.94,0,0.00,3.9,0.5,0.0,0.5,2.6,1.3,0.0,pro_optimized_v1,bot_rusher
2026-07-26 18:51:06,0,20.0,0,3,5,0,6,3,2,2,3.80,4,0.43,7.3,0.0,0.0,5.5,1.6,2.6,3.1,pro_optimized_v2,bot_rookie
2026-07-26 18:51:08,0,9.1,0,1,5,2,4,3,0,0,0.00,2,0.98,3.4,0.5,0.0,1.0,0.8,0.0,2.3,pro_optimized_v3,bot_rusher
2026-07-26 18:51:11,0,15.4,0,3,6,0,4,3,1,1,0.22,3,1.25,7.0,0.0,0.0,2.6,1.3,1.3,3.1,pro_optimized_v1,bot_standard
2026-07-26 18:51:14,0,16.9,0,1,9,2,7,3,2,2,0.75,3,0.67,6.0,0.0,0.3,1.6,2.6,1.6,3.9,pro_optimized_v2,bot_slippery
2026-07-26 18:51:17,0,12.1,0,2,4,1,3,3,1,2,0.92,3,0.41,3.9,0.0,0.0,2.3,0.9,1.3,3.1,pro_optimized_v1,bot_rusher
2026-07-26 18:51:19,0,13.0,0,2,5,1,4,3,0,0,0.00,4,0.96,6.0,0.3,0.0,1.6,2.1,0.0,2.6,pro_optimized_v1_origin,bot_slippery
2026-07-26 18:51:25,0,36.1,0,1,17,2,4,3,0,0,0.00,21,0.88,5.5,0.3,0.8,3.9,1.8,0.0,22.9,pro,bot_rookie
2026-07-26 18:51:27,0,11.9,0,3,3,0,5,3,0,0,0.00,3,1.37,3.9,0.3,0.0,3.1,1.5,0.0,3.1,pro_optimized_v1_origin,bot_standard
2026-07-26 18:51:30,0,11.8,0,2,3,1,3,3,1,0,0.00,4,0.60,6.2,0.0,0.0,0.8,0.5,1.3,2.9,pro_learned_v5,bot_rusher
2026-07-26 18:51:32,0,9.2,0,3,2,0,4,3,0,0,0.00,5,0.46,2.1,0.0,0.0,2.3,1.6,0.0,3.1,pro_optimized_v1_origin,bot_slippery
2026-07-26 18:51:35,0,16.9,0,2,4,1,4,3,1,1,0.74,2,1.82,8.1,0.5,0.3,1.6,1.7,1.3,3.4,pro_optimized_v1,bot_rookie
2026-07-26 18:51:38,1,15.2,1,0,7,3,7,2,1,1,3.12,4,0.74,3.1,0.0,0.0,2.9,2.8,3.1,2.3,pro_optimized_v1,bot_slippery
2026-07-26 18:51:42,1,17.3,2,0,10,3,7,1,1,1,1.10,6,0.84,4.2,0.0,0.0,3.1,3.0,1.3,4.7,pro_optimized_v1,bot_rookie
2026-07-26 18:51:45,0,19.8,0,1,4,2,4,3,0,0,0.00,6,1.16,8.6,0.0,0.0,1.6,1.1,0.0,7.8,pro_optimized_v1_origin,bot_rookie
2026-07-26 18:51:48,0,13.8,0,2,2,1,12,3,0,0,0.00,0,0.00,0.0,0.0,0.0,0.0,0.0,0.0,0.0,base,bot_rookie
2026-07-26 18:51:51,0,19.4,0,2,6,1,7,3,0,0,0.00,0,0.00,0.0,0.0,0.0,0.0,0.0,0.0,0.0,base,bot_rookie
2026-07-26 18:51:58,0,20.0,0,2,7,1,9,3,2,3,0.59,6,1.14,5.7,0.0,0.0,5.5,2.4,2.6,3.4,pro_learned_v5,bot_standard
2026-07-26 18:52:02,0,20.6,0,1,11,2,5,3,0,0,0.00,3,1.71,4.9,0.0,0.0,5.7,1.6,0.0,7.3,pro_optimized_v1_origin,bot_rusher
2026-07-26 18:52:05,0,12.5,0,2,7,1,6,3,2,2,0.42,3,0.61,3.6,0.0,0.0,1.0,2.6,1.6,3.1,pro_learned_v5,bot_slippery
2026-07-26 18:52:07,1,11.9,1,0,5,3,2,2,2,1,2.10,2,0.93,4.4,0.0,0.0,0.5,0.5,2.4,3.1,pro,bot_rusher
2026-07-26 18:52:11,0,19.0,0,2,11,1,8,3,0,0,0.00,5,1.39,2.3,1.0,0.8,2.3,4.2,0.0,7.8,pro_learned_v4,bot_slippery
2026-07-26 18:52:14,0,18.7,0,1,10,2,7,3,2,1,1.52,6,0.37,8.9,0.0,0.0,0.5,2.6,2.6,3.1,pro_optimized_v2,bot_slippery
2026-07-26 18:52:18,0,21.7,0,3,3,0,8,3,2,2,1.35,4,1.39,8.7,0.3,0.0,4.7,2.6,2.6,2.9,pro_optimized_v3,bot_slippery
2026-07-26 18:52:21,1,15.0,2,0,7,3,3,1,1,1,0.60,10,0.45,3.4,0.0,0.8,0.5,1.3,1.3,6.8,pro,bot_rookie
2026-07-26 18:52:30,0,34.2,0,1,13,2,11,3,3,1,0.62,12,1.07,6.2,0.5,0.8,3.1,6.5,3.9,12.2,pro,bot_rookie
2026-07-26 18:52:33,0,15.3,0,3,2,0,5,3,1,2,0.59,4,1.24,5.5,0.0,0.0,4.2,1.3,1.3,3.1,pro_optimized_v2,bot_rookie
2026-07-26 18:52:37,0,21.9,0,1,10,2,7,3,3,3,2.20,2,0.99,9.6,0.0,0.0,2.2,2.1,3.9,3.1,pro_learned_v5,bot_standard
2026-07-26 18:52:39,0,9.1,0,3,4,0,8,3,0,0,0.00,0,0.00,0.0,0.0,0.0,0.0,0.0,0.0,0.0,base,bot_slippery
2026-07-26 18:52:42,0,13.5,0,2,5,1,4,3,3,0,0.00,1,1.58,5.2,0.0,0.0,1.0,1.0,2.9,2.9,pro_optimized_v3,bot_rookie
2026-07-26 18:52:45,0,13.8,0,1,5,2,5,3,2,2,1.03,3,1.21,4.7,0.0,0.0,2.1,1.4,1.6,3.1,pro_optimized_v3,bot_standard
2026-07-26 18:52:49,0,28.7,0,1,14,2,7,3,2,3,0.57,8,1.63,2.9,0.8,0.8,7.0,2.0,2.6,11.7,pro,bot_slippery
2026-07-26 18:53:00,1,34.9,2,0,22,3,7,1,1,1,2.22,18,0.71,4.2,0.0,0.0,0.8,3.3,1.3,24.4,pro_optimized_v1_origin,bot_rusher
2026-07-26 18:53:04,0,21.6,0,2,7,1,8,3,1,0,0.00,4,1.90,7.8,0.0,0.5,3.9,4.5,1.3,3.1,pro_learned_v4,bot_rookie
2026-07-26 18:53:11,1,19.0,3,0,14,3,14,0,2,1,1.02,2,1.15,7.0,0.0,0.0,3.9,4.4,2.6,0.0,pro_learned_v5,bot_slippery
2026-07-26 18:53:14,0,14.3,0,1,6,2,4,3,1,1,2.44,2,1.28,6.5,1.0,0.0,1.0,0.9,1.3,2.6,pro_learned_v5,bot_rusher
2026-07-26 18:53:17,0,13.9,0,3,5,0,5,3,0,0,0.00,2,2.63,4.7,0.8,0.0,3.6,1.7,0.0,3.1,pro_optimized_v1_origin,bot_standard
2026-07-26 18:53:20,0,18.4,0,3,5,0,3,3,0,0,0.00,2,1.46,13.3,0.0,0.0,1.0,0.5,0.0,3.6,pro_learned_v4,bot_rusher
2026-07-26 18:53:26,0,13.8,0,2,6,1,4,3,1,0,0.00,3,1.04,6.2,0.0,0.3,1.8,2.1,0.1,2.9,pro_optimized_v2,bot_rookie
2026-07-26 18:53:28,1,11.8,2,0,7,3,6,1,2,2,0.77,2,0.92,2.3,0.0,0.0,2.1,2.5,2.6,1.3,pro_optimized_v3,bot_slippery
2026-07-26 18:53:43,1,28.0,1,0,16,3,13,2,0,0,0.00,10,1.05,4.4,1.0,0.3,2.9,7.8,0.0,10.7,pro_learned_v4,bot_rookie
2026-07-26 18:53:46,0,16.4,0,3,5,0,6,3,2,1,1.86,3,0.33,6.8,0.0,0.0,1.6,2.3,2.6,3.1,pro_optimized_v3,bot_rookie
2026-07-26 18:53:57,1,33.1,1,0,18,3,5,2,1,1,0.44,13,1.22,2.9,0.8,0.3,4.4,2.6,2.1,19.1,pro_optimized_v1,bot_slippery
2026-07-26 18:53:59,0,13.0,0,2,3,1,3,3,1,1,3.08,3,0.41,5.2,0.0,0.0,2.4,1.0,1.3,2.6,pro_learned_v5,bot_standard
2026-07-26 18:54:02,0,10.7,0,1,7,2,7,3,0,0,0.00,0,0.00,0.0,0.0,0.0,0.0,0.0,0.0,0.0,base,bot_slippery
2026-07-26 18:54:05,0,15.3,0,2,5,1,7,3,0,0,0.00,0,0.00,0.0,0.0,0.0,0.0,0.0,0.0,0.0,base,bot_rusher
2026-07-26 18:54:09,1,25.2,1,0,12,3,8,2,2,4,0.98,2,0.59,12.5,0.0,0.0,3.9,2.6,2.6,2.6,pro_learned_v5,bot_rookie
2026-07-26 18:54:15,1,16.9,1,0,8,3,4,2,1,0,0.00,10,0.67,2.6,0.0,0.0,1.6,2.3,1.3,8.1,pro,bot_standard
2026-07-26 18:54:27,0,39.6,0,1,24,2,12,3,4,4,0.92,13,1.03,2.9,0.0,0.0,8.1,6.3,6.2,15.1,chaos,bot_standard
2026-07-26 18:54:29,0,9.3,0,3,5,0,3,3,0,0,0.00,5,0.34,3.1,1.0,0.8,0.5,0.7,0.0,3.1,pro_optimized_v1,bot_rookie
2026-07-26 18:54:32,0,14.3,0,1,6,2,7,3,1,1,1.80,4,0.49,6.5,0.0,0.0,1.3,1.7,1.3,2.9,pro_optimized_v3,bot_standard
2026-07-26 18:54:37,0,35.6,0,2,22,1,15,3,2,1,2.74,11,0.99,6.2,0.0,0.0,4.9,7.5,2.6,13.8,pro_optimized_v3,bot_slippery
2026-07-26 18:54:46,0,15.3,0,2,6,1,7,3,1,1,0.64,5,0.36,7.3,0.3,0.0,1.3,2.1,1.3,2.9,pro_optimized_v3,bot_rookie
2026-07-26 18:54:58,0,16.8,0,3,10,0,7,3,1,0,0.00,5,0.88,3.4,0.3,0.0,2.6,4.3,1.3,4.9,pro_optimized_v1_origin,bot_standard
2026-07-26 18:55:04,0,20.6,0,1,4,2,3,3,0,0,0.00,2,2.17,13.3,0.0,0.0,2.9,0.6,0.0,2.9,chaos,bot_rusher
2026-07-26 18:55:16,1,10.4,1,0,5,3,3,2,0,0,0.00,3,0.67,4.7,0.0,0.0,0.8,0.8,0.0,3.2,pro_optimized_v1,bot_rusher
2026-07-26 18:55:19,0,21.6,0,2,9,1,6,3,0,0,0.00,5,1.33,7.3,0.5,1.8,3.4,2.1,0.0,6.0,pro_learned_v4,bot_slippery
2026-07-26 18:55:25,0,38.5,0,1,20,2,19,3,5,7,1.36,8,0.68,9.6,0.3,0.0,10.4,5.6,6.5,5.2,pro_learned_v5,bot_rookie
2026-07-26 18:55:31,0,8.3,0,3,4,0,8,3,0,0,0.00,0,0.00,0.0,0.0,0.0,0.0,0.0,0.0,0.0,base,bot_slippery
2026-07-26 18:55:38,0,11.5,0,2,3,1,4,3,2,1,1.08,4,0.52,3.4,0.0,0.0,0.8,1.1,2.6,3.1,pro_optimized_v3,bot_rusher
2026-07-26 18:55:41,0,14.3,0,3,5,0,6,3,0,0,0.00,7,0.67,4.2,0.0,0.5,0.8,2.1,0.0,6.8,pro_learned_v4,bot_rookie
2026-07-26 18:55:45,0,23.5,0,2,8,1,6,3,1,1,4.18,7,0.79,4.9,0.0,0.8,1.1,2.9,1.3,12.0,pro,bot_standard
2026-07-26 18:55:48,0,20.6,0,1,16,2,7,3,2,3,1.19,3,0.75,8.1,0.0,0.0,2.9,3.0,2.6,3.1,pro_optimized_v3,bot_slippery
2026-07-26 18:55:52,1,23.4,2,0,11,3,9,1,1,1,0.30,8,0.94,2.9,2.6,0.0,0.3,6.2,1.3,9.1,chaos,bot_rookie
2026-07-26 18:55:56,0,18.4,0,1,7,2,6,3,1,1,1.84,2,1.98,3.9,1.0,0.0,1.3,2.6,1.3,7.3,chaos,bot_rusher
2026-07-26 18:55:58,0,10.2,0,3,3,0,9,3,0,0,0.00,0,0.00,0.0,0.0,0.0,0.0,0.0,0.0,0.0,base,bot_standard
2026-07-26 18:56:04,1,13.8,2,0,7,3,4,1,0,0,0.00,3,0.82,3.6,0.0,0.0,5.5,2.4,0.0,1.3,pro_optimized_v1_origin,bot_standard
2026-07-26 18:56:10,0,41.3,0,1,16,2,5,3,2,1,1.92,14,0.87,15.3,0.0,1.6,1.0,2.1,2.6,17.7,pro,bot_slippery
2026-07-26 18:56:14,0,21.5,0,2,9,1,8,3,4,6,0.97,3,1.03,7.0,0.0,1.0,3.9,2.1,4.2,2.9,pro_optimized_v2,bot_standard
2026-07-26 18:56:17,1,11.8,2,0,7,3,5,1,1,0,0.00,2,0.40,4.2,0.8,0.0,0.3,3.0,1.3,1.3,pro_optimized_v1,bot_standard
2026-07-26 18:56:20,1,20.9,1,0,8,3,5,2,0,0,0.00,7,1.17,4.4,1.8,0.0,6.0,1.4,0.0,6.2,pro_learned_v4,bot_standard
2026-07-26 18:56:23,0,9.6,0,2,4,1,4,3,0,0,0.00,5,0.78,4.2,0.0,0.0,0.8,1.0,0.0,3.1,pro_learned_v5,bot_rusher
2026-07-26 18:56:28,0,13.1,0,1,4,2,4,3,1,1,1.56,2,1.34,4.7,0.0,0.0,1.6,1.7,2.6,1.6,chaos,bot_standard
2026-07-26 18:56:34,1,11.3,2,0,8,3,11,1,0,0,0.00,0,0.00,0.0,0.0,0.0,0.0,0.0,0.0,0.0,base,bot_rusher
2026-07-26 18:56:37,1,14.0,2,0,7,3,3,1,0,0,0.00,1,0.72,7.5,0.0,0.0,2.9,1.6,0.0,1.1,pro_optimized_v1_origin,bot_rusher
2026-07-26 18:56:40,0,16.4,0,2,10,1,8,3,2,3,0.49,3,0.74,6.8,0.0,0.0,1.0,3.0,2.6,2.6,pro_optimized_v3,bot_rusher
2026-07-26 18:56:43,0,17.0,0,1,12,2,7,3,1,1,0.72,5,0.53,7.3,0.0,0.0,1.8,1.9,1.3,3.6,pro_optimized_v2,bot_rusher
2026-07-26 18:56:51,0,15.2,0,1,8,2,3,3,1,0,0.00,4,1.69,1.3,1.0,0.5,2.6,0.6,1.3,7.3,pro,bot_rusher
2026-07-26 18:56:54,0,13.5,0,2,5,1,6,3,0,0,0.00,3,1.33,7.3,0.0,0.0,1.8,1.6,0.0,2.3,pro_learned_v5,bot_standard
2026-07-26 18:56:57,0,16.2,0,1,7,2,4,3,0,0,0.00,5,0.88,7.3,0.0,0.0,3.4,1.2,0.0,3.4,pro_learned_v4,bot_rookie
2026-07-26 18:57:06,0,17.8,0,2,4,1,3,3,0,0,0.00,4,1.36,8.1,0.5,0.5,4.9,0.6,0.0,2.9,chaos,bot_rookie
2026-07-26 18:57:13,0,43.6,0,2,15,1,11,3,5,6,2.50,6,1.03,16.6,0.0,0.5,12.5,4.2,6.5,2.9,pro_optimized_v2,bot_rookie
2026-07-26 18:57:16,0,10.4,0,2,4,1,4,3,0,0,0.00,4,0.58,5.2,0.0,0.0,1.0,1.0,0.0,3.1,pro_optimized_v1_origin,bot_rookie
2026-07-26 18:57:20,0,24.7,0,2,6,1,6,3,0,0,0.00,6,0.66,16.9,0.0,0.0,2.1,2.7,0.0,2.6,pro_optimized_v3,bot_rookie
2026-07-26 18:57:23,0,13.9,0,3,9,0,5,3,2,1,3.86,3,0.95,3.3,0.0,0.5,3.1,1.6,2.6,2.9,pro_optimized_v2,bot_rookie
2026-07-26 18:57:26,1,17.9,2,0,7,3,2,1,1,1,0.32,4,0.81,8.6,0.0,0.0,1.8,0.8,2.1,3.6,chaos,bot_rookie
2026-07-26 18:57:34,0,28.8,0,2,8,1,8,3,3,2,2.64,6,0.47,16.4,0.0,0.0,3.4,2.1,2.9,3.6,pro_optimized_v2,bot_rookie
2026-07-26 18:57:36,1,7.9,2,0,6,3,1,1,1,1,0.62,1,0.84,3.1,0.0,0.3,0.0,0.5,1.1,1.8,pro,bot_rusher
2026-07-26 18:57:44,0,10.8,0,3,5,0,3,3,1,1,0.68,3,0.59,1.0,0.0,0.0,4.4,1.2,1.3,2.9,chaos,bot_rookie
2026-07-26 18:57:47,0,17.7,0,1,9,2,7,3,2,1,0.56,4,0.83,6.3,0.0,0.0,2.6,2.6,2.6,2.6,pro_optimized_v3,bot_standard
2026-07-26 18:57:50,0,14.6,0,3,1,0,3,3,1,0,0.00,3,1.10,8.1,0.0,0.5,0.5,1.4,1.3,2.9,chaos,bot_standard
2026-07-26 18:57:53,0,12.0,0,2,4,1,5,3,2,1,0.54,2,1.21,5.2,0.0,0.0,0.4,1.3,1.6,3.1,pro_optimized_v3,bot_slippery
2026-07-26 18:57:55,0,12.0,0,1,6,2,5,3,0,0,0.00,3,1.15,0.8,1.8,0.0,2.9,1.4,0.0,4.2,pro_learned_v4,bot_rusher
2026-07-26 18:58:02,0,13.7,0,2,5,1,7,3,0,0,0.00,0,0.00,0.0,0.0,0.0,0.0,0.0,0.0,0.0,base,bot_rookie
2026-07-26 18:58:12,0,44.2,0,1,24,2,7,3,3,3,1.61,20,0.76,8.6,1.0,0.0,4.2,2.6,4.2,22.6,chaos,bot_slippery
2026-07-26 18:58:15,0,15.6,0,1,6,2,4,3,1,0,0.00,2,0.31,7.8,0.3,0.0,1.3,1.3,1.3,2.6,pro_optimized_v1,bot_rusher
2026-07-26 18:58:19,1,25.7,1,0,10,3,6,2,4,4,1.66,4,1.14,4.4,0.0,0.5,9.9,1.8,5.2,2.9,pro_optimized_v2,bot_slippery
2026-07-26 18:58:24,0,13.6,0,1,4,2,3,3,0,0,0.00,2,1.99,5.7,0.0,0.0,3.4,0.8,0.0,2.9,pro_learned_v4,bot_rookie
2026-07-26 18:58:29,0,28.9,0,2,13,1,7,3,3,2,2.32,8,0.78,3.9,0.0,0.8,3.4,3.4,4.2,12.7,pro,bot_rookie
2026-07-26 18:58:32,1,15.3,1,0,4,3,4,2,2,3,1.43,3,0.59,6.5,0.0,0.0,1.6,0.8,2.6,2.9,pro_optimized_v3,bot_rookie
2026-07-26 18:58:35,1,15.3,1,0,11,3,4,2,1,1,1.54,8,0.56,2.9,0.5,0.0,1.3,2.1,1.3,6.2,pro_optimized_v1,bot_slippery
2026-07-26 18:58:39,0,25.5,0,1,14,2,11,3,0,0,0.00,6,1.78,5.7,0.0,0.0,4.9,6.0,0.0,7.9,pro_learned_v4,bot_standard
2026-07-26 18:58:43,0,7.4,0,3,3,0,5,3,0,0,0.00,0,0.00,0.0,0.0,0.0,0.0,0.0,0.0,0.0,base,bot_standard
2026-07-26 18:58:46,0,10.5,0,2,6,1,7,3,0,0,0.00,0,0.00,0.0,0.0,0.0,0.0,0.0,0.0,0.0,base,bot_standard
2026-07-26 18:58:50,0,23.2,0,2,11,1,9,3,0,0,0.00,10,0.96,2.3,0.0,0.0,11.2,4.0,0.0,5.2,pro_learned_v4,bot_slippery
2026-07-26 18:58:53,0,16.6,0,1,4,2,6,3,2,1,2.10,4,0.56,7.0,0.0,0.0,1.8,1.6,2.6,2.6,pro_learned_v5,bot_rookie
2026-07-26 18:58:56,0,20.4,0,2,11,1,10,3,1,0,0.00,6,1.04,4.4,0.0,0.0,3.6,4.3,1.3,6.2,pro_optimized_v1,bot_rookie
2026-07-26 18:58:59,0,15.1,0,1,10,2,11,3,0,0,0.00,0,0.00,0.0,0.0,0.0,0.0,0.0,0.0,0.0,base,bot_rusher
2026-07-26 18:59:03,0,17.1,0,2,6,1,6,3,2,3,0.83,3,0.87,6.5,0.0,0.0,2.9,1.8,2.6,2.9,pro_optimized_v3,bot_rookie
2026-07-26 18:59:09,0,12.9,0,1,3,2,5,3,0,0,0.00,4,0.79,6.0,0.0,0.3,1.6,1.2,0.0,2.9,pro_learned_v4,bot_rusher
2026-07-26 18:59:16,0,10.9,0,1,6,2,3,3,0,0,0.00,5,0.96,2.3,0.8,0.0,3.4,0.8,0.0,2.6,pro_optimized_v1_origin,bot_rookie
2026-07-26 18:59:18,1,8.1,3,0,6,3,5,0,0,0,0.00,0,0.00,0.0,0.0,0.0,0.0,0.0,0.0,0.0,base,bot_rusher
2026-07-26 18:59:24,0,12.2,0,1,3,2,7,3,0,0,0.00,2,1.37,5.5,0.0,0.0,0.9,1.8,0.0,3.1,pro_optimized_v3,bot_rookie
2026-07-26 18:59:26,0,12.8,0,2,7,1,6,3,2,2,0.44,3,0.99,4.9,0.0,0.0,1.3,1.6,1.4,3.1,pro_optimized_v3,bot_slippery
2026-07-26 18:59:30,1,19.4,1,0,7,3,4,2,0,0,0.00,6,1.70,2.6,0.0,0.5,4.4,1.5,0.0,9.4,chaos,bot_rusher
2026-07-26 18:59:34,1,20.6,2,0,11,3,4,1,1,1,0.58,8,1.17,1.8,1.0,0.3,3.1,2.2,1.3,9.9,chaos,bot_rookie
2026-07-26 18:59:36,0,12.3,0,3,6,0,3,3,0,0,0.00,4,0.52,6.0,0.0,0.5,1.0,0.9,0.0,3.9,pro_optimized_v1,bot_rusher
2026-07-26 18:59:41,1,27.9,2,0,12,3,1,1,1,1,3.04,4,1.14,12.7,0.0,1.0,0.0,0.3,2.8,10.1,chaos,bot_rusher
2026-07-26 18:59:51,0,14.1,0,3,4,0,3,3,1,1,2.02,3,1.33,6.0,0.0,0.5,2.3,0.8,1.3,3.1,pro_optimized_v2,bot_rookie
2026-07-26 18:59:54,0,12.8,0,3,6,0,5,3,0,0,0.00,3,0.95,6.2,0.0,0.0,1.6,1.9,0.0,3.1,pro_learned_v4,bot_slippery
2026-07-26 18:59:57,1,16.5,2,0,5,3,3,1,2,2,0.95,1,5.14,7.5,0.0,0.0,3.4,0.8,2.5,1.3,pro_optimized_v2,bot_standard
2026-07-26 19:00:00,1,11.0,2,0,10,3,7,1,0,0,0.00,0,0.00,0.0,0.0,0.0,0.0,0.0,0.0,0.0,base,bot_rusher
2026-07-26 19:00:04,0,21.3,0,1,11,2,8,3,1,1,1.44,8,0.99,4.2,0.3,0.0,6.2,3.6,1.3,4.7,chaos,bot_standard
2026-07-26 19:00:10,0,9.5,0,1,7,2,3,3,0,0,0.00,0,0.00,0.0,0.0,0.0,0.0,0.0,0.0,0.0,base,bot_slippery
2026-07-26 19:00:13,0,16.2,0,2,5,1,4,3,3,3,2.05,0,0.00,3.4,0.0,0.3,3.6,1.4,3.9,3.1,pro_optimized_v2,bot_rookie
2026-07-26 19:00:16,0,15.7,0,1,10,2,3,3,0,0,0.00,5,0.86,3.4,0.5,0.0,1.0,1.0,0.0,8.8,pro_learned_v4,bot_rusher
2026-07-26 19:00:20,0,28.6,0,2,12,1,8,3,4,2,3.68,4,1.56,8.8,0.0,0.3,7.6,3.4,5.2,2.9,pro_optimized_v2,bot_rookie
2026-07-26 19:00:23,1,12.4,1,0,8,3,6,2,0,0,0.00,2,0.35,3.4,0.8,0.5,0.5,3.3,0.0,2.9,pro_learned_v4,bot_slippery
2026-07-26 19:00:26,0,10.3,0,2,6,1,3,3,0,0,0.00,5,0.64,2.1,0.3,0.0,3.4,1.0,0.0,3.1,pro_optimized_v1_origin,bot_slippery
2026-07-26 19:00:29,1,18.3,1,0,12,3,3,2,0,0,0.00,6,1.08,2.9,1.8,0.0,3.4,0.8,0.0,8.4,pro_optimized_v1_origin,bot_rusher
2026-07-26 19:00:32,0,12.7,0,1,7,2,3,3,1,1,0.56,3,1.21,4.7,0.0,0.0,2.1,1.0,1.3,2.6,pro_learned_v5,bot_slippery
2026-07-26 19:00:34,0,13.0,0,1,6,2,5,3,0,0,0.00,0,0.00,0.0,0.0,0.0,0.0,0.0,0.0,0.0,base,bot_standard
2026-07-26 19:00:38,0,22.1,0,2,13,1,8,3,0,0,0.00,8,1.23,2.9,0.5,0.0,4.9,3.9,0.0,9.4,pro_optimized_v1_origin,bot_slippery
2026-07-26 19:00:44,0,14.3,0,3,4,0,6,3,2,0,0.00,4,0.71,5.8,0.0,0.0,1.0,1.8,2.6,3.1,chaos,bot_slippery
2026-07-26 19:00:47,0,16.2,0,1,11,2,11,3,0,0,0.00,0,0.00,0.0,0.0,0.0,0.0,0.0,0.0,0.0,base,bot_slippery
2026-07-26 19:00:54,0,15.1,0,3,7,0,9,3,0,0,0.00,6,0.88,1.8,1.0,1.0,1.0,3.6,0.0,6.5,pro_learned_v4,bot_rookie
2026-07-26 19:00:57,1,15.4,2,0,12,3,8,1,0,0,0.00,7,0.67,2.6,0.5,1.3,3.1,3.5,0.0,3.4,pro_learned_v4,bot_slippery
2026-07-26 19:01:00,0,15.6,0,2,4,1,8,3,0,0,0.00,0,0.00,0.0,0.0,0.0,0.0,0.0,0.0,0.0,base,bot_rusher
2026-07-26 19:01:03,0,19.7,0,1,8,2,5,3,2,1,0.22,4,1.00,9.9,0.0,0.0,3.4,1.3,1.3,2.9,pro_optimized_v2,bot_slippery
2026-07-26 19:01:07,0,21.3,0,2,6,1,4,3,1,1,1.90,1,0.24,15.3,0.0,0.0,0.3,1.1,1.3,2.9,pro_optimized_v2,bot_rusher
2026-07-26 19:01:10,0,18.3,0,1,9,2,7,3,1,0,0.00,3,0.73,6.2,0.0,0.0,0.3,4.4,2.6,3.9,chaos,bot_rusher
2026-07-26 19:01:13,1,14.8,2,0,10,3,7,1,2,1,0.32,4,0.37,4.4,0.0,0.5,1.6,2.9,2.6,1.8,pro_optimized_v2,bot_slippery
2026-07-26 19:01:16,0,13.2,0,2,6,1,4,3,1,0,0.00,2,1.95,5.7,0.0,0.0,1.6,1.0,1.3,3.1,pro_learned_v5,bot_rusher
2026-07-26 19:01:23,0,22.6,0,1,12,2,8,3,1,3,0.79,5,1.36,3.4,0.8,0.0,8.1,3.4,1.3,4.7,chaos,bot_standard
2026-07-26 19:01:26,0,17.3,0,2,9,1,11,3,2,2,0.45,6,0.76,3.6,0.3,0.0,2.9,5.6,2.6,2.3,chaos,bot_slippery
2026-07-26 19:01:29,0,11.7,0,2,6,1,4,3,0,0,0.00,3,1.43,2.1,1.0,0.0,2.9,1.8,0.0,3.4,pro_optimized_v1_origin,bot_rookie
2026-07-26 19:01:32,0,19.6,0,3,13,0,6,3,0,0,0.00,8,0.88,3.6,0.8,0.0,2.9,2.7,0.0,9.6,pro_optimized_v1,bot_rusher
2026-07-26 19:01:41,1,38.4,1,0,24,3,9,2,2,0,0.00,25,0.75,1.6,0.3,0.5,3.4,4.4,2.6,24.7,pro,bot_slippery
2026-07-26 19:01:44,1,12.6,1,0,7,3,2,2,1,1,0.24,3,0.44,2.1,1.3,0.0,1.5,0.8,3.1,2.9,pro_optimized_v1_origin,bot_rusher
2026-07-26 19:01:47,1,13.9,2,0,5,3,5,1,0,0,0.00,2,2.44,4.7,0.0,0.0,3.8,2.9,0.0,1.6,pro_learned_v4,bot_rusher
2026-07-26 19:01:50,0,19.4,0,1,12,2,4,3,0,0,0.00,6,1.04,5.5,0.0,0.0,1.6,1.8,0.0,9.6,pro_optimized_v1_origin,bot_rusher
2026-07-26 19:01:54,0,16.7,0,1,9,2,4,3,1,1,0.94,4,1.07,8.1,0.0,0.0,2.5,1.3,1.3,2.6,pro_optimized_v2,bot_slippery
2026-07-26 19:01:58,0,29.8,0,1,14,2,11,3,1,1,0.48,7,1.76,3.9,1.0,1.0,6.5,5.6,1.3,9.4,pro,bot_slippery
2026-07-26 19:02:04,0,17.2,0,1,6,2,4,3,1,1,1.02,5,0.84,6.8,0.0,0.0,3.1,1.1,1.3,3.9,pro_optimized_v1,bot_rusher
2026-07-26 19:02:08,0,20.0,0,2,8,1,5,3,1,1,0.66,5,1.53,5.5,0.3,0.8,0.8,2.1,1.3,8.8,pro,bot_standard
2026-07-26 19:02:10,1,11.5,2,0,9,3,4,1,2,1,2.36,0,0.00,3.1,1.3,0.0,1.3,1.1,2.6,1.0,pro_learned_v5,bot_rookie
2026-07-26 19:02:14,0,21.3,0,1,9,2,5,3,0,0,0.00,9,0.91,4.4,0.8,0.0,5.2,2.1,0.0,7.8,pro_learned_v4,bot_standard
2026-07-26 19:02:18,0,22.9,0,2,8,1,7,3,1,1,0.82,4,1.61,12.2,0.0,0.3,3.1,2.3,1.3,3.1,pro_optimized_v2,bot_standard
2026-07-26 19:02:24,0,14.4,0,1,8,2,5,3,1,0,0.00,2,1.91,5.7,0.0,0.0,2.9,1.0,1.3,2.9,pro_learned_v5,bot_rusher
2026-07-26 19:02:28,0,27.3,0,2,12,1,7,3,2,2,1.75,6,1.35,10.5,0.0,0.5,5.5,2.3,2.6,5.5,pro_optimized_v2,bot_standard
2026-07-26 19:02:32,1,17.3,1,0,8,3,8,2,1,0,0.00,3,0.65,7.8,0.0,0.0,2.1,2.9,1.3,2.3,pro_learned_v5,bot_slippery
2026-07-26 19:02:34,0,13.5,0,2,7,1,5,3,1,1,0.36,4,0.94,2.1,0.0,0.3,1.6,2.7,1.3,5.2,pro,bot_slippery
2026-07-26 19:02:44,0,21.3,0,1,16,2,4,3,3,4,1.56,1,4.52,7.1,0.0,0.0,5.5,1.3,3.9,2.6,pro_learned_v5,bot_slippery
2026-07-26 19:02:47,0,17.9,0,1,8,2,7,3,1,1,0.66,2,1.20,10.1,0.0,0.0,1.3,1.8,1.3,2.3,pro_learned_v5,bot_rusher
2026-07-26 19:02:54,1,24.9,2,0,8,3,6,1,2,2,1.44,3,0.66,13.8,0.0,0.0,2.0,3.6,2.9,1.6,chaos,bot_rusher
2026-07-26 19:03:10,0,11.4,0,3,6,0,5,3,1,1,2.14,2,1.01,4.9,0.0,0.0,1.0,1.2,1.3,2.9,pro_learned_v5,bot_slippery
2026-07-26 19:03:14,0,16.2,0,2,6,1,4,3,2,2,2.54,1,0.46,3.6,0.0,0.3,2.6,1.1,2.6,5.5,pro_optimized_v2,bot_rookie
2026-07-26 19:03:18,0,23.3,0,2,13,1,5,3,2,3,1.25,10,0.56,3.9,0.0,0.0,2.9,2.0,2.9,11.2,chaos,bot_rookie
2026-07-26 19:03:21,0,15.6,0,2,5,1,3,3,2,3,0.76,3,0.61,7.9,0.3,0.0,0.3,1.0,2.6,3.1,pro_optimized_v3,bot_slippery
2026-07-26 19:03:23,0,10.7,0,2,4,1,4,3,2,0,0.00,3,1.25,2.3,0.0,0.0,2.9,1.0,1.3,2.6,pro_optimized_v3,bot_standard
2026-07-26 19:03:28,0,14.4,0,2,2,1,5,3,1,2,0.36,2,1.38,5.2,0.3,0.3,3.1,1.4,1.3,2.3,pro_optimized_v1,bot_rookie
2026-07-26 19:03:34,1,32.8,2,0,18,3,7,1,3,2,2.94,8,1.38,4.2,0.0,0.8,8.3,3.8,3.9,10.9,pro,bot_slippery
2026-07-26 19:03:36,0,11.4,0,2,4,1,5,3,0,0,0.00,0,0.00,0.0,0.0,0.0,0.0,0.0,0.0,0.0,base,bot_rookie
2026-07-26 19:03:39,0,15.4,0,1,6,2,3,3,2,1,0.26,4,0.65,5.7,0.0,0.0,3.1,0.5,2.6,2.9,pro_optimized_v2,bot_rookie
2026-07-26 19:03:42,0,15.4,0,2,5,1,4,3,1,1,1.76,4,0.29,9.4,0.0,0.0,1.0,1.0,1.3,2.6,pro_optimized_v3,bot_slippery
2026-07-26 19:03:47,1,27.0,1,0,12,3,6,2,3,1,2.10,4,1.08,14.6,0.0,0.0,3.1,1.8,3.6,2.9,pro_optimized_v3,bot_standard
2026-07-26 19:03:50,1,20.2,1,0,8,3,7,2,1,1,4.46,4,0.44,9.0,0.0,0.0,2.9,3.4,1.3,2.6,pro_optimized_v3,bot_standard
2026-07-26 19:03:54,0,15.8,0,2,7,1,8,3,0,0,0.00,4,1.20,4.7,0.3,0.0,3.4,4.2,0.0,2.9,pro_learned_v4,bot_slippery
2026-07-26 19:03:57,0,16.4,0,2,10,1,9,3,2,1,0.32,3,1.09,5.7,0.0,0.0,1.0,3.4,2.6,3.1,pro_optimized_v3,bot_rookie
2026-07-26 19:03:59,0,11.7,0,1,4,2,5,3,0,0,0.00,0,0.00,0.0,0.0,0.0,0.0,0.0,0.0,0.0,base,bot_slippery
2026-07-26 19:04:02,0,9.9,0,3,2,0,3,3,0,0,0.00,3,0.64,5.2,0.0,0.0,1.0,0.5,0.0,3.1,pro_optimized_v1_origin,bot_rusher
2026-07-26 19:04:05,0,14.6,0,3,9,0,8,3,2,2,2.00,4,0.67,2.3,0.3,0.0,2.6,4.0,2.6,2.9,pro_learned_v5,bot_standard
2026-07-26 19:04:10,1,13.8,2,0,10,3,6,1,1,0,0.00,4,0.82,2.3,0.3,0.0,4.7,2.6,1.3,1.6,pro_optimized_v1,bot_standard
2026-07-26 19:04:13,0,13.9,0,1,4,2,6,3,0,0,0.00,3,0.92,4.4,0.0,0.0,1.0,2.0,0.0,5.5,pro_learned_v4,bot_rusher
2026-07-26 19:04:16,1,13.7,3,0,7,3,6,0,3,1,0.34,0,0.00,1.6,0.3,0.0,2.1,3.6,5.2,0.0,pro,bot_rusher
2026-07-26 19:04:23,0,18.2,0,2,5,1,5,3,2,2,1.10,4,0.71,10.1,0.0,0.0,1.6,1.2,2.6,2.6,pro_optimized_v3,bot_rookie
2026-07-26 19:04:26,0,11.2,0,2,5,1,5,3,0,0,0.00,3,0.86,4.4,0.0,0.0,1.0,2.3,0.0,3.1,pro_optimized_v1,bot_rookie
2026-07-26 19:04:29,0,21.5,0,1,8,2,6,3,1,2,0.46,6,0.75,9.9,0.0,0.0,5.2,1.5,1.3,2.6,pro_learned_v5,bot_rookie
2026-07-26 19:04:32,1,15.3,2,0,11,3,3,1,0,0,0.00,6,0.91,1.8,0.3,0.0,4.1,1.3,0.0,6.8,pro_optimized_v1_origin,bot_rusher
2026-07-26 19:04:35,0,13.2,0,1,9,2,9,3,0,0,0.00,0,0.00,0.0,0.0,0.0,0.0,0.0,0.0,0.0,base,bot_rusher
2026-07-26 19:04:41,1,40.1,1,0,11,3,10,2,0,0,0.00,8,1.41,17.9,0.0,0.0,7.5,4.8,0.0,8.8,chaos,bot_rookie
2026-07-26 19:04:44,0,15.0,0,2,7,1,6,3,1,1,0.94,4,0.67,6.5,0.0,0.5,0.5,2.1,1.3,3.6,pro_optimized_v2,bot_rusher
2026-07-26 19:04:47,0,10.1,0,3,3,0,3,3,0,0,0.00,3,0.97,1.3,2.1,0.0,2.9,1.0,0.0,2.9,pro_learned_v4,bot_rookie
2026-07-26 19:04:50,0,17.0,0,2,9,1,7,3,2,0,0.00,4,0.88,6.5,0.0,0.3,1.8,2.4,2.6,2.9,chaos,bot_standard
2026-07-26 19:04:57,0,48.2,0,2,25,1,14,3,5,3,1.55,11,1.61,12.7,0.0,0.5,14.8,6.4,6.5,6.8,pro_optimized_v2,bot_rookie
2026-07-26 19:05:04,0,18.0,0,3,2,0,3,3,1,1,2.42,1,0.88,11.7,0.3,0.0,1.0,0.6,1.3,3.1,pro_learned_v5,bot_rusher
2026-07-26 19:05:06,0,14.9,0,1,5,2,8,3,1,0,0.00,5,0.71,3.1,0.0,0.0,2.1,4.6,1.3,2.9,pro_learned_v4,bot_slippery
2026-07-26 19:05:09,0,14.9,0,1,4,2,8,3,0,0,0.00,0,0.00,0.0,0.0,0.0,0.0,0.0,0.0,0.0,base,bot_rookie
2026-07-26 19:05:13,0,23.3,0,1,10,2,7,3,3,3,1.10,6,1.20,7.3,0.0,0.0,5.7,2.3,3.9,3.1,pro_optimized_v2,bot_slippery
2026-07-26 19:05:20,1,19.0,2,0,14,3,5,1,1,2,0.41,11,0.48,3.9,0.0,0.0,1.4,2.1,1.3,9.4,pro_optimized_v1,bot_slippery
2026-07-26 19:05:24,0,26.9,0,1,15,2,3,3,1,1,4.80,11,0.67,4.9,0.0,2.1,3.1,0.6,1.3,13.8,pro,bot_standard
2026-07-26 19:05:28,0,21.8,0,2,10,1,6,3,2,2,0.78,5,0.73,12.5,0.0,0.0,1.8,1.6,2.6,2.9,pro_learned_v5,bot_standard
2026-07-26 19:05:31,1,14.6,2,0,6,3,3,1,1,1,0.66,2,0.97,3.6,2.3,0.0,0.9,2.1,3.1,1.6,chaos,bot_slippery
2026-07-26 19:05:41,0,15.1,0,2,7,1,4,3,0,0,0.00,3,0.93,4.2,0.0,0.5,1.6,1.9,0.0,6.5,chaos,bot_rusher
2026-07-26 19:05:43,0,12.5,0,3,3,0,5,3,1,1,1.08,3,0.61,5.5,0.0,0.0,0.3,2.3,1.3,3.1,pro_optimized_v3,bot_slippery
2026-07-26 19:05:46,0,15.6,0,1,4,2,6,3,1,0,0.00,3,1.80,2.1,0.3,0.0,4.7,3.4,1.3,2.9,pro_learned_v4,bot_standard
2026-07-26 19:05:49,0,15.9,0,3,5,0,5,3,1,1,0.80,6,0.67,6.0,0.0,0.0,0.5,1.3,1.3,6.8,pro_optimized_v3,bot_rookie
2026-07-26 19:05:57,0,14.6,0,1,8,2,10,3,0,0,0.00,0,0.00,0.0,0.0,0.0,0.0,0.0,0.0,0.0,base,bot_standard
2026-07-26 19:05:59,1,9.4,2,0,5,3,2,1,1,1,0.76,2,0.63,3.9,0.0,0.3,2.1,0.5,1.3,0.4,pro_optimized_v2,bot_rusher
2026-07-26 19:06:03,0,23.1,0,1,9,2,6,3,3,1,1.28,5,1.24,2.9,0.0,0.0,5.7,2.3,5.5,5.7,chaos,bot_standard
2026-07-26 19:06:05,0,12.0,0,3,5,0,4,3,1,1,1.06,3,0.75,2.6,1.6,0.5,1.0,1.9,1.3,3.1,pro_optimized_v1,bot_standard
2026-07-26 19:06:09,0,16.7,0,2,7,1,5,3,3,1,0.56,3,0.84,1.6,1.0,0.8,2.1,2.4,5.2,3.1,pro_optimized_v1,bot_rookie
2026-07-26 19:06:15,0,15.1,0,1,7,2,5,3,1,1,1.22,5,0.80,5.2,0.0,0.3,1.0,1.8,1.3,4.4,pro_optimized_v2,bot_rookie
2026-07-26 19:06:19,1,21.5,1,0,8,3,6,2,2,2,2.60,3,0.57,10.7,0.0,0.0,2.6,2.0,2.6,2.6,pro_learned_v5,bot_rookie
2026-07-26 19:06:21,1,8.7,3,0,7,3,5,0,0,0,0.00,1,0.40,2.6,0.5,0.0,1.3,3.2,0.0,0.0,pro_optimized_v1_origin,bot_slippery
2026-07-26 19:06:24,0,13.2,0,2,6,1,5,3,1,1,0.66,2,1.30,4.9,0.5,0.5,1.0,1.6,1.3,2.9,chaos,bot_standard
2026-07-26 19:06:26,1,10.5,2,0,8,3,2,1,0,0,0.00,6,0.47,1.6,0.5,0.3,0.8,1.0,0.0,5.4,pro,bot_rusher
2026-07-26 19:06:29,1,12.9,1,0,8,3,4,2,1,0,0.00,2,0.93,7.0,0.0,0.0,1.0,1.0,1.3,1.6,pro_optimized_v3,bot_rusher
2026-07-26 19:06:34,0,28.2,0,2,9,1,4,3,0,0,0.00,12,1.02,7.0,0.0,0.3,6.0,1.5,0.0,13.0,pro,bot_rookie
2026-07-26 19:06:40,1,22.5,1,0,11,3,9,2,2,2,1.83,4,1.42,3.4,0.0,0.0,3.6,4.9,3.1,6.4,pro_optimized_v1_origin,bot_slippery
2026-07-26 19:06:47,0,16.7,0,2,5,1,3,3,1,1,1.14,5,1.51,2.6,0.0,0.0,2.6,0.8,1.3,8.9,pro_optimized_v1,bot_slippery
2026-07-26 19:06:51,1,25.8,1,0,11,3,10,2,2,2,1.37,4,0.42,13.8,0.0,0.0,2.6,3.0,2.6,2.9,pro_learned_v5,bot_rookie
2026-07-26 19:06:56,0,10.0,0,3,6,0,3,3,1,0,0.00,3,0.99,3.1,0.3,0.0,1.3,0.9,1.3,3.1,pro_optimized_v1,bot_rusher
2026-07-26 19:07:00,1,19.3,3,0,14,3,4,0,2,0,0.00,7,0.75,9.1,0.0,0.8,3.9,1.9,2.6,0.0,pro_optimized_v2,bot_standard
2026-07-26 19:07:05,1,11.1,2,0,7,3,2,1,2,1,1.02,2,0.76,1.3,0.0,1.3,0.0,0.5,1.6,5.5,pro_optimized_v2,bot_rusher
2026-07-26 19:07:12,1,17.8,1,0,10,3,2,2,0,0,0.00,10,0.88,2.6,0.0,1.0,3.4,0.5,0.0,9.3,pro,bot_standard
2026-07-26 19:07:17,0,30.7,0,1,8,2,5,3,2,2,2.52,3,1.00,17.4,1.3,0.3,4.7,1.6,2.6,1.8,pro_optimized_v1,bot_standard
2026-07-26 19:07:21,0,15.8,0,2,8,1,5,3,1,1,2.64,4,0.94,7.5,0.0,0.0,1.6,1.8,1.3,3.1,pro_learned_v5,bot_slippery
2026-07-26 19:07:24,0,16.0,0,1,7,2,3,3,0,0,0.00,7,1.02,3.1,0.0,1.0,1.0,1.0,0.0,8.8,pro,bot_rookie
2026-07-26 19:07:27,1,15.7,1,0,9,3,6,2,0,0,0.00,4,1.10,4.7,0.0,0.0,3.4,3.2,0.0,3.4,pro_learned_v4,bot_rusher
2026-07-26 19:07:30,0,15.9,0,2,5,1,6,3,1,0,0.00,3,0.91,7.1,0.0,0.0,2.1,1.8,1.3,3.1,pro_learned_v5,bot_slippery
2026-07-26 19:07:33,0,14.9,0,2,14,1,9,3,1,1,0.70,3,0.49,4.8,0.8,0.0,0.8,3.6,1.3,3.1,pro_optimized_v3,bot_slippery
2026-07-26 19:07:35,0,9.5,0,2,4,1,4,3,0,0,0.00,3,0.59,4.4,0.0,0.0,0.3,1.2,0.0,3.1,pro_learned_v4,bot_rusher
2026-07-26 19:07:43,0,23.8,0,1,6,2,4,3,1,1,1.64,5,0.72,16.1,0.0,0.0,1.8,0.9,1.3,2.6,pro_learned_v5,bot_slippery
2026-07-26 19:07:47,0,18.6,0,3,9,0,7,3,0,0,0.00,9,0.71,4.9,0.0,0.0,2.9,3.1,0.0,7.7,pro_optimized_v1_origin,bot_rookie
2026-07-26 19:07:54,0,26.7,0,2,10,1,6,3,3,1,2.20,4,0.42,15.9,0.0,0.3,1.6,1.7,2.9,3.9,pro_optimized_v2,bot_slippery
2026-07-26 19:08:01,1,23.7,1,0,11,3,13,2,3,2,0.66,4,0.85,8.8,0.0,0.0,2.6,4.2,3.9,3.1,pro_optimized_v3,bot_standard
2026-07-26 19:08:04,1,17.1,2,0,9,3,3,1,0,0,0.00,6,0.98,4.4,0.0,2.6,1.6,0.7,0.0,6.8,pro_learned_v4,bot_rusher
2026-07-26 19:08:11,0,24.0,0,2,10,1,7,3,3,3,1.27,2,2.65,9.6,0.0,0.8,4.0,2.1,3.9,3.1,pro_optimized_v2,bot_standard
2026-07-26 19:08:14,0,13.5,0,2,4,1,6,3,1,2,1.06,1,0.68,5.5,0.0,0.3,0.3,2.6,1.3,3.1,pro_optimized_v2,bot_rusher
2026-07-26 19:08:18,0,23.6,0,2,11,1,6,3,3,3,2.82,6,0.43,4.7,0.3,0.0,5.2,1.8,3.9,7.3,pro_optimized_v1,bot_rookie
2026-07-26 19:08:27,1,30.8,2,0,16,3,5,1,0,0,0.00,13,1.03,3.9,0.0,0.0,2.1,2.3,0.0,21.6,chaos,bot_rusher
2026-07-26 19:08:33,1,32.7,2,0,13,3,9,1,4,2,1.33,7,2.05,12.0,0.0,0.8,9.6,3.1,5.2,1.0,pro_optimized_v2,bot_rookie
2026-07-26 19:08:43,1,34.3,2,0,17,3,11,1,0,0,0.00,19,0.75,4.9,0.0,0.0,3.9,5.2,0.0,19.2,pro_optimized_v1_origin,bot_standard
2026-07-26 19:08:46,0,15.0,0,1,4,2,4,3,0,0,0.00,3,1.55,3.6,2.1,0.0,4.4,1.6,0.0,2.3,chaos,bot_standard
2026-07-26 19:08:49,1,14.9,1,0,4,3,13,2,0,0,0.00,0,0.00,0.0,0.0,0.0,0.0,0.0,0.0,0.0,base,bot_standard
2026-07-26 19:08:51,0,13.3,0,1,7,2,6,3,0,0,0.00,0,0.00,0.0,0.0,0.0,0.0,0.0,0.0,0.0,base,bot_standard
2026-07-26 19:08:55,0,17.1,0,2,8,1,8,3,0,0,0.00,4,1.28,3.4,0.0,0.0,3.4,3.8,0.0,6.0,pro_optimized_v1,bot_standard
2026-07-26 19:09:00,0,33.5,0,1,14,2,5,3,0,0,0.00,13,1.27,6.0,0.8,0.0,5.7,1.5,0.0,18.5,pro_optimized_v1_origin,bot_rookie
2026-07-26 19:09:05,1,12.4,3,0,7,3,5,0,2,1,0.34,2,0.47,6.2,0.0,0.0,1.6,1.8,1.8,0.0,pro_optimized_v2,bot_rusher
2026-07-26 19:09:08,0,13.8,0,3,6,0,6,3,1,1,0.82,4,1.10,5.0,0.0,0.0,2.3,2.1,1.3,3.1,pro_learned_v5,bot_rookie
2026-07-26 19:09:12,0,21.3,0,3,5,0,3,3,1,0,0.00,5,0.68,13.0,0.5,0.0,2.6,0.7,1.3,3.1,pro_optimized_v1,bot_rookie
2026-07-26 19:09:16,0,25.6,0,2,6,1,6,3,1,1,0.42,4,2.36,8.1,0.0,0.3,5.7,3.3,1.3,6.5,pro,bot_rookie
2026-07-26 19:09:31,0,16.0,0,1,12,2,3,3,2,1,0.78,5,0.90,2.3,1.6,1.0,3.9,0.8,2.9,2.6,pro,bot_standard
2026-07-26 19:09:46,1,14.2,2,0,9,3,8,1,0,0,0.00,4,1.24,2.3,0.0,0.8,0.8,3.9,0.0,5.5,pro_optimized_v2,bot_rookie
2026-07-26 19:09:49,1,14.8,1,0,6,3,4,2,1,0,0.00,3,1.18,7.8,0.0,0.0,0.8,0.8,1.3,3.1,pro,bot_rusher
2026-07-26 19:09:52,0,12.7,0,2,6,1,4,3,2,1,0.84,4,0.71,5.2,0.0,0.0,1.8,1.0,1.6,2.6,pro_optimized_v3,bot_standard
2026-07-26 19:09:57,1,32.0,2,0,18,3,7,1,1,0,0.00,14,0.62,5.2,0.0,0.0,4.2,4.2,1.3,16.2,chaos,bot_rusher
2026-07-26 19:10:00,0,12.4,0,1,7,2,3,3,1,1,0.78,3,0.55,5.5,0.0,0.0,0.3,0.8,1.3,3.6,pro_optimized_v2,bot_rusher
2026-07-26 19:10:06,0,44.9,0,1,15,2,20,3,4,2,1.92,8,1.62,15.6,0.0,0.3,8.6,6.5,5.2,7.8,pro_optimized_v2,bot_standard
2026-07-26 19:10:10,0,18.2,0,1,5,2,6,3,1,2,1.68,3,2.15,1.0,0.5,0.0,3.9,3.2,1.3,7.3,chaos,bot_rookie
2026-07-26 19:10:13,0,17.3,0,1,10,2,5,3,2,3,0.81,4,1.10,6.2,0.0,0.0,3.1,2.2,2.6,2.1,pro_optimized_v3,bot_slippery
2026-07-26 19:10:17,1,18.5,1,0,11,3,4,2,1,0,0.00,6,0.90,6.2,0.0,0.0,1.3,1.8,0.9,7.3,chaos,bot_standard
2026-07-26 19:10:20,1,16.9,2,0,6,3,6,1,2,2,0.58,1,2.28,7.3,0.0,0.3,0.8,3.7,2.6,1.3,pro,bot_rookie
2026-07-26 19:10:22,0,11.3,0,2,4,1,4,3,1,1,1.42,2,1.54,3.4,0.0,0.3,1.6,0.9,1.6,3.1,chaos,bot_rusher
2026-07-26 19:10:27,1,29.6,2,0,13,3,7,1,2,1,1.42,4,0.51,19.8,0.0,0.0,2.1,2.9,2.6,1.3,pro_learned_v5,bot_slippery
2026-07-26 19:10:30,1,13.6,2,0,5,3,4,1,0,0,0.00,3,2.08,4.7,0.0,0.0,4.9,1.7,0.0,1.3,pro_optimized_v1_origin,bot_slippery
2026-07-26 19:10:36,0,9.6,0,1,3,2,3,3,0,0,0.00,2,0.99,4.7,0.5,0.0,0.3,0.6,0.0,2.6,pro_optimized_v3,bot_rusher
2026-07-26 19:10:42,0,18.7,0,2,10,1,7,3,2,1,2.66,3,1.11,6.5,0.8,0.5,2.1,2.1,2.6,3.6,chaos,bot_rookie
2026-07-26 19:10:44,0,12.4,0,1,6,2,4,3,1,1,2.80,2,0.73,5.2,0.0,0.0,1.3,1.0,1.3,2.6,pro_optimized_v2,bot_rookie
2026-07-26 19:10:47,0,13.0,0,2,5,1,3,3,1,1,2.60,3,0.43,5.7,0.0,0.0,1.6,0.5,2.1,3.1,chaos,bot_rusher
2026-07-26 19:10:50,1,12.7,2,0,9,3,6,1,1,1,0.60,3,0.88,3.1,0.0,0.0,3.1,2.4,1.6,1.6,chaos,bot_rusher
2026-07-26 19:10:55,0,30.4,0,2,13,1,4,3,2,1,0.46,12,0.86,7.3,0.0,0.0,4.9,0.8,2.6,14.3,pro_optimized_v1,bot_rookie
2026-07-26 19:10:58,0,17.6,0,2,8,1,3,3,1,0,0.00,5,1.26,3.9,2.3,0.0,1.8,1.0,1.3,6.8,chaos,bot_rookie
2026-07-26 19:11:03,1,29.9,1,0,12,3,8,2,3,2,0.94,16,0.80,2.1,0.0,0.0,2.1,3.9,3.9,16.9,chaos,bot_rookie
2026-07-26 19:11:07,0,19.7,0,3,7,0,8,3,2,2,0.48,6,1.41,1.6,0.0,0.0,6.8,2.1,2.6,6.8,pro_optimized_v1,bot_rookie
2026-07-26 19:11:11,0,25.3,0,1,11,2,9,3,3,3,2.29,2,1.73,8.8,0.0,0.0,5.7,3.0,3.9,2.9,pro_learned_v5,bot_rookie
2026-07-26 19:11:13,0,10.6,0,2,4,1,3,3,0,0,0.00,5,0.67,3.4,0.0,0.5,1.6,1.0,0.0,3.6,pro_optimized_v1,bot_rookie
2026-07-26 23:25:39,0,18.1,0,2,8,1,4,3,1,1,0.26,3,0.57,10.7,0.0,0.5,0.8,1.8,1.3,2.6,pro_optimized_v1,bot_slippery
2026-07-26 23:25:42,0,13.5,0,2,7,1,4,3,1,1,1.62,6,0.69,2.9,0.0,0.0,0.3,1.3,1.6,7.0,chaos,bot_rusher
2026-07-26 23:25:45,1,15.9,2,0,8,3,7,1,0,0,0.00,5,0.85,3.6,1.3,0.0,2.2,3.4,0.0,4.4,pro_optimized_v1_origin,bot_slippery
2026-07-26 23:25:47,0,8.6,0,3,6,0,3,3,0,0,0.00,3,0.96,2.1,1.0,0.0,1.6,0.8,0.0,3.1,pro_learned_v4,bot_rusher
2026-07-26 23:25:50,1,14.5,1,0,9,3,14,2,0,0,0.00,0,0.00,0.0,0.0,0.0,0.0,0.0,0.0,0.0,base,bot_slippery
2026-07-26 23:25:53,1,12.2,1,0,7,3,4,2,0,0,0.00,3,0.54,5.5,0.0,0.0,0.5,2.1,0.0,3.2,pro_optimized_v1_origin,bot_rusher
2026-07-26 23:25:55,0,12.1,0,3,2,0,4,3,2,3,0.41,2,0.64,6.2,0.0,0.0,0.5,1.0,1.6,2.9,pro_learned_v5,bot_rookie
2026-07-26 23:25:58,1,8.1,3,0,3,3,1,0,1,0,0.00,0,0.00,4.2,0.0,0.0,0.9,0.8,1.3,0.0,pro,bot_rusher
2026-07-26 23:26:00,1,14.0,1,0,6,3,10,2,0,0,0.00,0,0.00,0.0,0.0,0.0,0.0,0.0,0.0,0.0,base,bot_standard
2026-07-26 23:26:06,0,16.7,0,2,10,1,5,3,2,3,0.79,2,0.91,3.1,0.3,0.0,1.3,2.7,4.7,4.2,pro_optimized_v1,bot_rusher
2026-07-26 23:26:08,1,9.0,3,0,7,3,1,0,1,0,0.00,2,0.76,2.6,0.0,1.0,2.8,0.3,1.3,0.0,pro,bot_rookie
2026-07-26 23:26:11,0,13.6,0,2,5,1,4,3,0,0,0.00,5,0.77,6.8,0.0,0.0,2.6,0.9,0.0,3.1,pro_learned_v5,bot_slippery
2026-07-26 23:26:15,1,18.6,1,0,12,3,8,2,3,4,0.94,3,0.63,4.8,0.0,0.8,1.8,3.6,2.9,3.6,pro_optimized_v2,bot_slippery
2026-07-26 23:26:18,1,15.3,2,0,10,3,5,1,1,1,0.62,4,0.64,7.6,0.0,0.0,2.3,1.8,1.3,1.3,pro_optimized_v3,bot_slippery
2026-07-26 23:26:21,1,23.2,2,0,12,3,7,1,1,1,0.36,14,0.50,5.7,0.0,0.0,1.8,3.1,1.3,10.2,chaos,bot_camper
2026-07-26 23:26:25,0,16.5,0,2,7,1,8,3,1,2,0.30,5,0.57,4.7,1.0,0.0,2.9,3.0,1.3,3.1,pro_optimized_v3,bot_standard
2026-07-26 23:26:27,0,13.9,0,3,4,0,4,3,2,3,0.46,3,0.95,5.5,0.0,0.0,1.0,1.2,2.6,3.6,pro_optimized_v2,bot_standard
2026-07-26 23:26:30,0,13.5,0,3,4,0,6,3,2,2,0.59,5,0.50,1.8,0.0,0.0,2.6,2.6,2.9,3.7,pro_optimized_v1,bot_standard
2026-07-26 23:26:33,0,17.5,0,2,4,1,5,3,2,1,3.02,4,1.03,2.3,0.0,0.3,3.1,2.1,2.6,6.6,pro,bot_standard
2026-07-26 23:26:36,1,15.1,1,0,5,3,4,2,2,2,2.07,3,0.82,2.1,0.3,0.0,4.2,1.3,3.1,3.1,pro_optimized_v1,bot_camper
2026-07-26 23:26:40,0,19.8,0,1,9,2,5,3,0,0,0.00,4,2.00,8.7,0.0,1.8,3.1,2.1,0.0,3.1,pro_optimized_v2,bot_camper
2026-07-26 23:26:44,0,22.7,0,2,9,1,12,3,0,0,0.00,8,1.29,1.6,0.0,0.0,7.5,7.5,0.0,5.5,pro_optimized_v1_origin,bot_rookie
2026-07-26 23:26:46,1,12.7,2,0,8,3,2,1,1,1,0.38,2,0.73,6.0,0.0,0.3,0.3,0.5,1.6,3.2,pro,bot_rusher
2026-07-26 23:26:49,0,11.4,0,3,4,0,4,3,0,0,0.00,4,0.77,4.7,0.3,1.0,1.3,1.0,0.0,3.1,pro_learned_v4,bot_rookie
2026-07-26 23:26:52,1,16.4,3,0,8,3,4,0,2,1,2.00,1,0.86,5.2,0.0,1.3,0.8,1.9,6.2,0.0,pro_optimized_v1,bot_slippery
2026-07-26 23:26:56,0,26.1,0,2,10,1,12,3,0,0,0.00,10,1.02,3.4,1.0,0.5,6.5,6.6,0.0,7.8,pro_learned_v4,bot_camper
2026-07-26 23:26:59,0,14.5,0,2,8,1,6,3,0,0,0.00,5,0.87,3.1,0.5,0.0,3.9,2.6,0.0,3.9,pro_learned_v4,bot_slippery
2026-07-26 23:27:04,1,30.1,1,0,18,3,7,2,5,6,1.27,6,0.66,9.9,0.0,0.0,8.3,2.3,5.7,2.9,pro_optimized_v2,bot_standard
2026-07-26 23:27:07,0,15.6,0,2,7,1,3,3,0,0,0.00,8,0.73,4.4,0.3,0.8,1.3,1.6,0.0,6.8,pro_learned_v4,bot_camper
2026-07-26 23:27:10,1,14.3,1,0,12,3,10,2,0,0,0.00,0,0.00,0.0,0.0,0.0,0.0,0.0,0.0,0.0,base,bot_rusher
2026-07-26 23:27:13,0,19.6,0,1,11,2,9,3,1,0,0.00,7,0.92,6.2,0.0,0.0,2.3,2.6,1.3,6.1,pro_optimized_v3,bot_camper
2026-07-26 23:27:18,1,24.6,1,0,7,3,4,2,4,4,1.24,4,0.51,9.9,0.0,0.5,4.2,1.0,5.2,2.9,pro_optimized_v2,bot_camper
2026-07-26 23:27:21,0,18.5,0,1,11,2,7,3,1,1,0.80,5,0.78,2.3,1.0,0.0,6.5,3.4,1.3,3.0,pro_optimized_v1,bot_rookie
2026-07-26 23:27:25,0,25.2,0,3,8,0,14,3,0,0,0.00,0,0.00,0.0,0.0,0.0,0.0,0.0,0.0,0.0,base,bot_rookie
2026-07-26 23:27:29,0,19.6,0,1,9,2,16,3,0,0,0.00,0,0.00,0.0,0.0,0.0,0.0,0.0,0.0,0.0,base,bot_slippery
2026-07-26 23:27:31,0,10.8,0,3,5,0,5,3,0,0,0.00,4,0.96,3.6,0.0,0.0,2.6,1.4,0.0,3.1,pro_optimized_v1_origin,bot_camper
2026-07-26 23:27:34,0,11.4,0,3,1,0,3,3,0,0,0.00,4,0.56,6.0,0.0,0.3,0.5,1.0,0.0,3.6,pro_learned_v4,bot_camper
2026-07-26 23:27:37,0,16.0,0,2,6,1,3,3,2,2,3.52,4,0.54,3.4,0.0,0.0,2.1,0.7,2.9,6.5,pro,bot_rusher
2026-07-26 23:27:39,0,10.2,0,2,3,1,3,3,1,1,0.48,3,1.03,4.2,0.0,0.0,0.5,0.6,1.3,3.1,pro_optimized_v1,bot_rusher
2026-07-26 23:27:43,0,23.1,0,2,9,1,7,3,0,0,0.00,4,3.53,11.2,0.0,0.0,3.1,3.6,0.0,4.7,pro_learned_v4,bot_rusher
2026-07-26 23:27:45,0,12.2,0,2,6,1,4,3,0,0,0.00,4,1.22,1.3,2.1,1.0,1.8,1.8,0.0,3.6,pro_learned_v4,bot_standard
2026-07-26 23:27:48,0,13.7,0,2,2,1,7,3,0,0,0.00,0,0.00,0.0,0.0,0.0,0.0,0.0,0.0,0.0,base,bot_camper
2026-07-26 23:27:51,1,13.8,3,0,8,3,5,0,1,0,0.00,0,0.00,7.3,0.0,0.0,0.8,3.4,1.3,0.0,chaos,bot_standard
2026-07-26 23:27:53,0,9.2,0,2,2,1,3,3,1,0,0.00,3,0.57,3.4,0.0,0.0,0.8,0.9,1.3,2.3,pro_optimized_v2,bot_rookie
2026-07-26 23:27:56,0,15.1,0,3,2,0,4,3,0,0,0.00,4,1.09,7.0,0.0,0.8,3.2,1.3,0.0,2.9,pro_learned_v4,bot_camper
2026-07-26 23:27:59,1,15.6,2,0,7,3,5,1,2,2,0.91,3,0.49,4.7,0.0,0.0,0.5,3.4,2.9,3.2,chaos,bot_standard
2026-07-26 23:28:02,1,13.2,2,0,7,3,6,1,2,4,0.78,1,0.32,2.9,0.5,0.0,2.6,2.4,2.3,1.6,pro_learned_v4,bot_rookie
2026-07-26 23:28:05,0,14.6,0,3,7,0,5,3,1,1,1.64,3,0.59,7.3,0.0,0.0,1.0,1.9,1.3,3.1,pro_optimized_v3,bot_camper
2026-07-26 23:28:10,0,31.3,0,1,14,2,6,3,0,0,0.00,15,1.01,3.1,0.0,0.0,4.7,2.5,0.0,20.0,pro_optimized_v1_origin,bot_rookie
2026-07-26 23:28:12,1,11.1,2,0,6,3,3,1,1,1,0.54,3,0.39,5.7,0.0,0.0,0.5,1.0,1.3,1.6,pro_optimized_v3,bot_rookie
2026-07-26 23:28:15,1,13.0,1,0,5,3,3,2,0,0,0.00,5,0.59,6.5,0.0,0.0,1.6,0.8,0.0,3.1,pro_learned_v4,bot_slippery
2026-07-26 23:28:18,0,15.1,0,2,6,1,3,3,0,0,0.00,4,1.59,3.6,0.3,0.0,5.2,0.6,0.0,4.9,pro_optimized_v1_origin,bot_rookie
2026-07-26 23:28:20,0,11.7,0,3,5,0,5,3,0,0,0.00,3,0.72,3.1,0.0,0.0,3.4,2.3,0.0,2.9,pro_optimized_v1,bot_camper
2026-07-26 23:28:24,0,19.6,0,3,11,0,5,3,1,1,0.78,7,0.92,5.2,0.3,0.3,4.4,2.2,1.3,6.0,pro,bot_slippery
2026-07-26 23:28:26,0,11.2,0,2,6,1,4,3,0,0,0.00,0,0.00,0.0,0.0,0.0,0.0,0.0,0.0,0.0,base,bot_standard
2026-07-26 23:28:29,0,16.1,0,3,4,0,3,3,1,1,4.56,1,0.42,8.6,1.0,0.0,0.5,0.8,1.8,3.4,pro_optimized_v1,bot_rusher
2026-07-26 23:28:32,0,11.5,0,2,5,1,3,3,0,0,0.00,5,0.43,6.0,0.0,0.0,0.5,0.7,0.0,4.2,pro_optimized_v2,bot_rusher
2026-07-26 23:28:36,0,27.8,0,1,15,2,11,3,0,0,0.00,13,0.93,3.6,0.3,0.0,1.0,5.3,0.0,16.6,pro_learned_v4,bot_rusher
2026-07-26 23:28:40,0,22.0,0,1,11,2,18,3,0,0,0.00,0,0.00,0.0,0.0,0.0,0.0,0.0,0.0,0.0,base,bot_rookie
2026-07-26 23:28:43,0,9.5,0,3,3,0,3,3,2,1,1.56,2,0.37,2.9,0.3,0.3,0.8,0.7,1.6,3.1,chaos,bot_rusher
2026-07-26 23:28:45,0,13.3,0,1,5,2,5,3,1,2,0.41,3,1.32,5.5,0.0,0.0,1.8,1.3,1.3,2.9,pro_learned_v5,bot_rusher
2026-07-26 23:28:48,0,13.2,0,3,3,0,4,3,0,0,0.00,3,0.72,7.8,0.0,0.0,1.0,1.2,0.0,3.1,pro_learned_v5,bot_slippery
2026-07-26 23:28:54,0,37.0,0,3,13,0,12,3,0,0,0.00,8,2.40,4.4,1.0,0.0,12.7,7.1,0.0,11.7,chaos,bot_rookie
2026-07-26 23:28:57,0,19.7,0,2,9,1,7,3,0,0,0.00,6,1.21,4.4,0.3,0.0,1.6,3.9,0.0,9.1,pro_learned_v4,bot_standard
2026-07-26 23:28:59,0,9.2,0,2,2,1,3,3,0,0,0.00,5,0.54,4.4,0.0,0.0,0.8,0.6,0.0,3.4,pro_learned_v4,bot_standard
2026-07-26 23:29:03,0,17.6,0,1,10,2,6,3,0,0,0.00,8,0.69,2.6,1.3,0.8,2.6,2.9,0.0,6.5,pro_learned_v4,bot_rookie
2026-07-26 23:29:05,0,13.7,0,2,9,1,6,3,1,1,1.74,5,0.45,4.2,0.0,0.0,1.8,3.1,1.3,2.9,pro_optimized_v1,bot_slippery
2026-07-26 23:29:08,1,10.9,2,0,7,3,3,1,1,1,0.80,2,1.89,3.4,0.8,0.0,1.8,1.0,1.3,1.6,pro_learned_v5,bot_camper
2026-07-26 23:29:13,1,31.2,1,0,17,3,10,2,3,4,0.75,10,1.02,3.9,0.0,1.0,2.9,4.0,5.5,13.0,chaos,bot_rusher
2026-07-26 23:29:15,0,9.3,0,1,2,2,3,3,1,1,0.34,4,0.40,3.6,0.0,0.0,1.0,0.5,1.3,1.8,pro_optimized_v1,bot_camper
2026-07-26 23:29:20,0,30.1,0,1,15,2,13,3,4,4,1.27,4,1.07,10.7,0.0,0.0,6.0,4.1,5.2,3.1,pro_optimized_v3,bot_slippery
2026-07-26 23:29:22,1,10.5,1,0,7,3,3,2,1,0,0.00,4,0.55,2.1,0.5,0.5,1.7,1.0,1.3,2.3,pro_optimized_v1,bot_rookie
2026-07-26 23:29:25,0,17.8,0,1,9,2,6,3,3,2,2.64,1,1.30,6.8,0.0,0.5,2.1,1.7,3.1,2.6,pro_optimized_v2,bot_rookie
2026-07-26 23:29:28,0,12.5,0,1,8,2,6,3,1,0,0.00,2,1.31,2.6,0.0,0.8,0.3,3.2,1.3,3.4,chaos,bot_rusher
2026-07-26 23:29:31,0,17.4,0,3,8,0,4,3,1,1,0.22,8,0.93,2.9,1.0,1.3,2.6,1.0,1.3,7.3,pro,bot_slippery
2026-07-26 23:29:36,1,29.3,1,0,16,3,2,2,2,1,1.98,13,0.89,5.2,0.0,0.8,1.0,0.5,2.1,18.7,pro,bot_rusher
2026-07-26 23:29:40,1,24.9,1,0,12,3,6,2,1,1,0.48,12,0.71,3.6,0.0,0.0,1.8,2.9,1.3,14.3,chaos,bot_standard
2026-07-26 23:29:43,1,12.4,3,0,8,3,6,0,0,0,0.00,2,0.19,5.5,0.0,0.0,0.8,3.9,0.0,1.2,chaos,bot_standard
2026-07-26 23:29:47,0,24.1,0,2,11,1,10,3,2,3,0.61,5,2.00,3.9,0.3,0.0,8.1,3.8,2.3,5.2,pro_learned_v4,bot_rookie
2026-07-26 23:29:50,1,13.2,1,0,7,3,6,2,0,0,0.00,0,0.00,0.0,0.0,0.0,0.0,0.0,0.0,0.0,base,bot_slippery
2026-07-26 23:29:52,1,12.5,1,0,8,3,4,2,1,0,0.00,4,0.59,4.9,0.0,0.0,0.6,1.6,1.3,3.1,pro_optimized_v1_origin,bot_rusher
2026-07-26 23:29:56,0,21.3,0,1,7,2,11,3,0,0,0.00,7,1.43,4.2,0.0,0.0,3.9,5.5,0.0,6.8,pro_learned_v4,bot_rookie
2026-07-26 23:29:59,0,11.8,0,2,6,1,12,3,0,0,0.00,0,0.00,0.0,0.0,0.0,0.0,0.0,0.0,0.0,base,bot_rusher
2026-07-26 23:30:02,0,17.5,0,3,14,0,8,3,2,2,1.27,5,0.36,2.9,0.3,0.0,2.6,4.0,3.9,3.9,pro_optimized_v1,bot_slippery
2026-07-26 23:30:06,1,24.0,1,0,7,3,4,2,0,0,0.00,7,0.81,13.0,0.5,0.5,3.1,0.9,0.0,4.9,pro_learned_v4,bot_standard
2026-07-26 23:30:09,1,14.6,1,0,10,3,12,2,0,0,0.00,0,0.00,0.0,0.0,0.0,0.0,0.0,0.0,0.0,base,bot_rusher
2026-07-26 23:30:11,0,13.5,0,2,2,1,3,3,1,2,0.87,2,2.25,5.5,0.0,0.8,1.8,0.8,1.3,2.9,pro,bot_rookie
2026-07-26 23:30:16,0,28.5,0,3,4,0,3,3,1,1,0.32,3,4.12,19.2,0.5,0.8,2.3,1.3,1.3,3.1,pro,bot_camper
2026-07-26 23:30:21,1,33.7,2,0,18,3,9,1,5,4,4.81,4,1.43,8.1,0.8,0.0,10.1,4.4,6.5,2.9,chaos,bot_standard
2026-07-26 23:30:25,0,24.6,0,1,10,2,6,3,1,1,0.24,9,0.93,7.8,0.3,0.0,8.1,2.5,1.3,3.6,pro_optimized_v1,bot_camper
2026-07-26 23:30:29,0,20.3,0,1,10,2,7,3,1,1,0.24,7,0.63,5.7,0.0,0.3,0.0,3.7,1.3,8.3,pro,bot_rusher
2026-07-26 23:30:31,1,8.7,2,0,5,3,5,1,0,0,0.00,0,0.00,0.0,0.0,0.0,0.0,0.0,0.0,0.0,base,bot_slippery
2026-07-26 23:30:36,0,28.3,0,2,8,1,3,3,1,0,0.00,9,1.42,6.2,0.0,0.3,3.4,1.0,1.3,15.6,pro,bot_rookie
2026-07-26 23:30:38,1,8.7,3,0,8,3,5,0,0,0,0.00,2,0.72,2.6,0.0,0.0,2.1,2.2,0.0,0.8,pro_optimized_v1_origin,bot_slippery
2026-07-26 23:30:41,1,19.1,1,0,12,3,7,2,1,0,0.00,8,0.79,1.8,0.3,0.0,3.6,3.4,1.3,7.7,pro_learned_v4,bot_slippery
2026-07-26 23:30:44,0,12.5,0,2,5,1,4,3,1,0,0.00,3,0.96,5.7,0.0,0.0,1.3,0.9,1.3,2.9,pro_learned_v5,bot_standard
2026-07-26 23:30:47,1,15.6,1,0,9,3,3,2,2,2,0.91,5,1.22,2.3,1.0,1.3,3.1,1.0,2.1,3.6,pro,bot_camper
2026-07-26 23:30:49,0,9.9,0,3,5,0,3,3,1,2,2.12,1,1.22,2.4,0.5,0.0,2.1,0.8,1.3,2.9,pro_optimized_v3,bot_slippery
2026-07-26 23:30:52,0,15.6,0,3,6,0,5,3,1,1,0.00,7,0.94,3.4,0.3,0.0,3.6,2.1,0.0,6.2,pro_optimized_v1_origin,bot_camper
2026-07-26 23:30:55,1,15.9,1,0,7,3,7,2,0,0,0.00,6,1.12,2.3,0.0,0.0,5.7,3.4,0.0,3.4,chaos,bot_slippery
2026-07-26 23:30:58,0,14.8,0,2,6,1,5,3,3,3,1.02,4,0.72,4.9,0.0,0.0,2.1,1.6,2.6,3.1,pro_optimized_v3,bot_standard
2026-07-26 23:31:01,0,13.2,0,2,5,1,6,3,2,1,0.90,3,0.82,2.6,0.0,0.0,0.8,3.1,2.6,3.6,pro_optimized_v1,bot_standard
2026-07-26 23:31:04,1,11.7,1,0,6,3,3,2,1,2,0.70,2,1.23,4.7,0.0,0.0,0.8,0.8,1.3,3.1,pro_learned_v5,bot_rusher
2026-07-26 23:31:06,0,14.8,0,2,6,1,12,3,0,0,0.00,0,0.00,0.0,0.0,0.0,0.0,0.0,0.0,0.0,base,bot_standard
2026-07-26 23:31:09,0,10.0,0,3,3,0,3,3,1,0,0.00,2,1.57,4.7,0.0,0.0,1.3,0.8,0.4,2.9,pro_optimized_v3,bot_rookie
2026-07-26 23:31:11,0,12.3,0,3,1,0,6,3,1,1,0.64,3,1.03,5.7,0.0,0.0,0.5,1.7,1.3,3.1,pro_learned_v5,bot_rusher
2026-07-26 23:31:14,0,13.5,0,2,3,1,6,3,1,1,0.38,4,0.74,6.5,0.0,0.0,1.0,1.6,1.3,2.9,pro_optimized_v2,bot_rookie
2026-07-26 23:31:17,0,14.3,0,1,6,2,6,3,2,2,3.14,2,0.47,3.9,0.0,0.0,2.3,1.8,2.6,2.6,pro_learned_v5,bot_slippery
2026-07-26 23:31:22,0,29.5,0,1,11,2,6,3,1,0,0.00,11,0.66,6.8,0.0,0.0,2.6,2.3,2.3,14.6,pro_optimized_v1,bot_rookie
2026-07-26 23:31:24,0,13.8,0,1,7,2,5,3,0,0,0.00,3,1.81,4.2,0.8,0.0,3.1,1.9,0.0,3.1,pro_optimized_v1_origin,bot_camper
2026-07-26 23:31:27,1,11.5,2,0,7,3,5,1,1,0,0.00,2,0.77,4.9,0.0,0.0,0.9,1.8,1.3,1.6,pro_learned_v5,bot_slippery
2026-07-26 23:31:29,1,9.6,2,0,8,3,7,1,0,0,0.00,0,0.00,0.0,0.0,0.0,0.0,0.0,0.0,0.0,base,bot_slippery
2026-07-26 23:31:32,0,11.9,0,2,3,1,4,3,1,1,1.56,2,0.65,3.9,0.0,0.8,0.5,1.6,1.6,3.1,pro,bot_slippery
2026-07-26 23:31:34,0,13.0,0,1,8,2,5,3,0,0,0.00,4,1.20,2.1,0.0,0.0,2.9,2.6,0.0,4.4,pro_optimized_v1_origin,bot_slippery
2026-07-26 23:31:38,1,18.9,1,0,10,3,6,2,0,0,0.00,10,0.53,4.4,0.3,0.3,2.1,2.9,0.0,8.0,pro,bot_camper
2026-07-26 23:31:41,0,15.8,0,1,4,2,3,3,1,1,0.60,6,0.52,7.5,0.8,0.0,1.8,0.6,1.3,3.1,pro_optimized_v1,bot_camper
2026-07-26 23:31:45,0,22.1,0,3,12,0,7,3,3,3,1.59,4,1.05,3.4,0.0,0.0,8.1,3.1,4.4,3.1,pro_optimized_v1,bot_standard
2026-07-26 23:31:48,1,16.9,1,0,13,3,6,2,1,1,1.14,7,0.84,4.2,0.8,0.0,4.7,1.8,1.3,3.1,pro_learned_v5,bot_slippery
2026-07-26 23:31:52,0,27.8,0,1,19,2,12,3,4,3,1.11,8,0.63,8.6,0.0,0.0,4.9,5.2,5.2,2.9,pro_optimized_v3,bot_standard
2026-07-26 23:31:56,0,19.5,0,1,11,2,6,3,1,1,1.90,8,0.58,2.9,0.3,0.0,2.3,2.6,1.3,9.2,pro_optimized_v1,bot_standard
2026-07-26 23:32:00,0,21.4,0,2,4,1,4,3,0,0,0.00,3,1.86,9.1,0.0,0.0,3.1,0.8,0.0,7.8,pro_learned_v4,bot_rookie
2026-07-26 23:32:02,0,11.5,0,3,4,0,3,3,0,0,0.00,4,1.24,4.2,0.0,0.5,1.8,1.1,0.0,3.9,chaos,bot_rookie
2026-07-26 23:32:05,0,10.0,0,3,2,0,3,3,0,0,0.00,1,2.16,4.9,0.0,0.0,1.3,0.9,0.0,2.9,pro_learned_v4,bot_standard
2026-07-26 23:32:10,0,33.0,0,2,18,1,8,3,3,2,0.64,10,1.24,3.4,1.6,2.1,3.6,3.6,3.9,14.3,chaos,bot_slippery
2026-07-26 23:32:14,1,27.2,1,0,18,3,10,2,3,4,1.36,6,1.04,2.9,1.0,0.3,7.0,5.5,3.9,5.7,pro_optimized_v1,bot_standard
2026-07-26 23:32:17,0,16.8,0,3,8,0,8,3,1,0,0.00,3,1.20,8.1,0.0,0.0,1.8,2.7,1.3,2.9,pro_optimized_v3,bot_rookie
2026-07-26 23:32:20,0,11.0,0,3,2,0,3,3,2,2,0.40,1,1.38,5.2,0.0,0.0,0.3,0.8,1.6,3.1,pro_learned_v5,bot_standard
2026-07-26 23:32:22,0,10.7,0,3,4,0,3,3,1,1,0.22,5,0.55,2.9,0.3,0.0,1.6,1.0,1.3,3.6,pro_optimized_v1_origin,bot_standard
2026-07-26 23:32:27,1,33.5,1,0,16,3,10,2,2,1,0.58,14,1.00,2.1,0.5,1.6,2.9,5.5,3.1,16.9,pro,bot_standard
2026-07-26 23:32:30,0,15.7,0,1,7,2,5,3,1,1,1.88,5,0.70,3.9,0.0,0.0,4.7,1.7,1.3,3.1,chaos,bot_camper
2026-07-26 23:32:34,1,20.8,1,0,6,3,8,2,1,1,0.64,7,1.15,6.2,0.0,0.0,1.6,2.4,1.3,8.3,pro_learned_v5,bot_slippery
2026-07-26 23:32:37,1,12.2,1,0,5,3,2,2,1,1,1.18,2,2.06,5.5,0.5,0.0,2.1,0.5,0.5,2.1,pro_optimized_v1,bot_standard
2026-07-26 23:32:39,0,11.7,0,1,7,2,6,3,2,1,0.46,2,0.30,2.9,1.0,0.0,0.5,2.3,1.8,2.1,pro_optimized_v3,bot_rusher
2026-07-26 23:32:42,1,18.0,2,0,11,3,6,1,2,2,0.45,6,0.87,3.4,0.0,0.0,4.7,3.1,2.6,3.2,pro_optimized_v1,bot_slippery
2026-07-26 23:32:45,0,8.6,0,3,3,0,4,3,0,0,0.00,4,0.52,3.4,0.0,0.0,0.3,1.6,0.0,3.4,pro_learned_v4,bot_rusher
2026-07-26 23:32:47,0,12.5,0,1,6,2,4,3,2,1,1.16,4,0.93,3.1,0.0,0.0,2.3,0.9,2.6,2.6,pro_optimized_v3,bot_rusher
2026-07-26 23:32:50,0,15.7,0,3,5,0,6,3,1,0,0.00,5,0.88,3.4,0.0,0.3,0.8,3.5,1.3,6.5,pro,bot_standard
2026-07-26 23:32:53,0,17.2,0,1,8,2,5,3,2,2,1.82,2,1.98,3.9,0.0,0.3,5.0,1.3,2.6,3.1,pro_optimized_v2,bot_slippery
2026-07-26 23:32:56,0,11.3,0,3,2,0,4,3,2,1,0.00,4,1.03,2.3,0.0,0.3,3.4,1.0,1.4,2.9,pro_optimized_v2,bot_camper
2026-07-26 23:33:02,1,38.8,1,0,11,3,8,2,1,0,0.00,6,1.34,22.4,0.0,0.0,4.4,4.0,1.3,5.7,pro_optimized_v1,bot_slippery
2026-07-26 23:33:08,1,43.6,1,0,22,3,7,2,1,0,0.00,18,1.24,6.0,0.0,1.3,1.5,3.9,1.3,28.6,pro,bot_rusher
2026-07-26 23:33:11,0,9.7,0,2,5,1,3,3,0,0,0.00,4,0.77,3.4,1.0,0.0,0.8,0.9,0.0,3.1,pro_optimized_v1,bot_rusher
2026-07-26 23:33:14,0,17.9,0,1,6,2,5,3,0,0,0.00,6,1.09,0.3,0.0,0.0,6.0,2.4,0.0,8.3,pro_optimized_v1_origin,bot_standard
2026-07-26 23:33:16,0,10.7,0,2,1,1,6,3,0,0,0.00,0,0.00,0.0,0.0,0.0,0.0,0.0,0.0,0.0,base,bot_camper
2026-07-26 23:33:19,1,13.7,2,0,8,3,7,1,0,0,0.00,0,0.00,0.0,0.0,0.0,0.0,0.0,0.0,0.0,base,bot_rusher
2026-07-26 23:33:21,0,10.2,0,3,1,0,3,3,1,1,0.62,3,0.81,4.8,0.0,0.0,0.3,0.8,1.3,3.1,pro_optimized_v2,bot_camper
2026-07-26 23:33:25,1,20.0,1,0,8,3,4,2,1,0,0.00,7,0.88,8.1,0.0,1.0,1.6,1.3,1.3,5.7,pro,bot_standard
2026-07-26 23:33:28,0,11.7,0,3,6,0,6,3,1,1,0.32,3,0.81,5.2,0.0,0.0,0.5,1.6,1.3,3.1,pro_learned_v5,bot_rusher
2026-07-26 23:33:30,1,7.6,2,0,4,3,3,1,1,1,0.72,0,0.00,4.7,0.0,0.0,0.0,0.8,0.1,1.0,pro_learned_v5,bot_rusher
2026-07-26 23:33:33,0,18.2,0,3,8,0,5,3,2,2,1.09,5,0.86,3.9,0.0,0.8,0.3,2.1,3.1,8.1,pro,bot_rusher
2026-07-26 23:33:37,0,24.0,0,1,11,2,18,3,0,0,0.00,0,0.00,0.0,0.0,0.0,0.0,0.0,0.0,0.0,base,bot_rookie
2026-07-26 23:33:40,1,14.6,2,0,7,3,4,1,1,1,0.94,2,1.29,7.6,0.0,0.0,2.9,1.0,1.3,0.8,pro_optimized_v3,bot_standard
2026-07-26 23:33:43,0,13.0,0,3,6,0,4,3,1,0,0.00,4,0.63,5.7,0.0,1.0,0.5,1.3,1.3,3.1,pro_optimized_v2,bot_rusher
2026-07-26 23:33:46,1,17.6,1,0,11,3,3,2,1,0,0.00,5,1.73,2.3,0.0,0.5,4.9,0.5,1.3,7.0,pro,bot_slippery
2026-07-26 23:33:48,0,9.8,0,2,5,1,5,3,0,0,0.00,4,0.62,2.3,0.8,0.0,1.3,1.8,0.0,3.1,pro_optimized_v1,bot_rusher
2026-07-26 23:33:51,0,13.5,0,2,6,1,5,3,2,2,0.89,2,0.69,3.4,0.5,0.0,2.1,1.8,2.6,2.6,pro_optimized_v1,bot_rookie
2026-07-26 23:33:54,0,20.8,0,2,5,1,3,3,0,0,0.00,4,0.83,10.1,2.1,0.0,2.9,0.9,0.0,4.7,pro_optimized_v1_origin,bot_camper
2026-07-26 23:33:57,0,13.7,0,1,10,2,12,3,0,0,0.00,0,0.00,0.0,0.0,0.0,0.0,0.0,0.0,0.0,base,bot_rusher
2026-07-26 23:34:01,0,18.4,0,1,7,2,6,3,3,2,1.39,4,1.25,4.9,0.0,0.0,3.6,1.8,3.9,3.1,pro_learned_v5,bot_rookie
2026-07-26 23:34:05,0,25.0,0,2,7,1,7,3,2,3,0.95,4,2.29,4.4,1.3,0.3,4.4,3.4,3.1,7.5,pro_optimized_v1,bot_rookie
2026-07-26 23:34:08,0,18.4,0,1,3,2,4,3,0,0,0.00,6,1.77,7.5,0.3,0.0,5.5,1.0,0.0,3.1,pro_optimized_v1_origin,bot_camper
2026-07-26 23:34:11,1,14.0,3,0,9,3,5,0,1,0,0.00,3,1.13,6.2,0.0,0.0,3.6,1.8,1.3,0.0,pro_learned_v5,bot_slippery
2026-07-26 23:34:13,0,11.7,0,3,4,0,3,3,2,0,0.00,2,1.62,3.9,0.0,0.0,1.6,0.8,2.6,2.9,pro_optimized_v3,bot_rookie
2026-07-26 23:34:17,0,16.6,0,2,9,1,6,3,2,1,2.72,4,1.18,3.1,0.0,1.3,0.0,3.1,1.6,7.0,pro,bot_rookie
2026-07-26 23:34:19,0,9.6,0,3,5,0,4,3,0,0,0.00,4,0.59,3.9,0.0,0.3,1.0,1.6,0.0,2.9,pro_learned_v4,bot_camper
2026-07-26 23:34:22,0,20.2,0,2,4,1,6,3,1,1,0.96,4,0.68,10.7,0.0,0.0,0.5,3.6,1.3,3.6,chaos,bot_rookie
2026-07-26 23:34:26,0,18.8,0,3,8,0,8,3,2,2,0.78,5,0.43,8.1,0.0,0.0,1.8,3.4,2.6,2.9,pro_optimized_v3,bot_rookie
2026-07-26 23:34:28,0,9.9,0,3,2,0,3,3,1,0,0.00,2,2.12,3.4,0.0,0.0,1.3,1.0,1.3,2.9,chaos,bot_rookie
2026-07-26 23:34:31,0,17.6,0,1,7,2,3,3,0,0,0.00,3,2.73,4.2,0.0,0.3,4.9,1.0,0.0,6.2,pro,bot_rookie
2026-07-26 23:34:35,0,19.6,0,3,2,0,6,3,2,2,0.88,3,0.61,12.5,0.0,0.0,1.0,1.7,1.6,2.9,pro_optimized_v3,bot_slippery
2026-07-26 23:34:38,0,17.1,0,2,7,1,4,3,3,2,3.48,1,1.96,2.3,0.3,0.0,6.2,1.0,3.9,2.9,pro_optimized_v2,bot_slippery
2026-07-26 23:34:44,1,38.7,1,0,16,3,6,2,2,1,0.98,16,0.67,8.1,0.0,0.0,1.6,3.1,2.6,22.4,chaos,bot_standard
2026-07-26 23:34:47,0,18.2,0,3,8,0,6,3,2,2,2.28,2,0.59,6.0,0.0,0.5,4.2,1.8,2.6,3.1,pro_optimized_v2,bot_rookie
2026-07-26 23:34:50,0,12.5,0,2,5,1,5,3,2,2,1.53,3,1.09,2.9,1.3,0.0,0.8,1.6,2.6,2.9,pro_optimized_v3,bot_slippery
2026-07-26 23:34:52,1,7.7,3,0,4,3,2,0,0,0,0.00,0,0.00,0.0,0.0,0.0,0.0,0.0,0.0,0.0,base,bot_camper
2026-07-26 23:34:55,1,14.6,2,0,11,3,6,1,0,0,0.00,4,0.39,5.7,0.0,0.8,1.6,3.4,0.0,2.2,chaos,bot_slippery
2026-07-26 23:34:57,1,9.3,2,0,6,3,1,1,1,1,3.04,0,0.00,3.4,1.0,0.0,0.7,0.3,1.3,1.6,chaos,bot_slippery
2026-07-26 23:35:00,0,15.8,0,1,9,2,5,3,2,2,1.14,2,1.28,6.0,1.0,0.0,1.0,2.1,1.6,3.1,pro_learned_v5,bot_rookie
2026-07-26 23:35:04,0,21.1,0,3,10,0,8,3,2,1,2.26,4,1.84,7.3,0.0,0.0,4.2,2.4,1.6,5.7,pro_optimized_v2,bot_rookie
2026-07-26 23:35:07,0,19.0,0,3,8,0,7,3,1,0,0.00,7,1.12,4.4,0.0,0.0,3.1,2.6,1.3,7.5,pro_optimized_v1,bot_rookie
2026-07-26 23:35:11,0,20.1,0,2,5,1,4,3,2,2,0.66,6,0.39,9.9,0.0,0.0,3.4,1.1,2.6,2.6,pro_optimized_v3,bot_camper
2026-07-26 23:35:13,0,11.6,0,3,4,0,7,3,0,0,0.00,0,0.00,0.0,0.0,0.0,0.0,0.0,0.0,0.0,base,bot_rookie
2026-07-26 23:35:16,0,13.7,0,3,0,0,5,3,0,0,0.00,5,0.82,5.5,0.0,0.0,3.4,1.5,0.0,3.4,pro_learned_v4,bot_camper
2026-07-26 23:35:19,0,15.4,0,3,7,0,6,3,0,0,0.00,7,0.71,5.2,1.6,0.0,2.3,2.4,0.0,3.9,pro_learned_v4,bot_rookie
2026-07-26 23:35:23,0,20.5,0,2,8,1,5,3,3,4,0.75,2,0.58,10.1,0.0,0.0,1.6,1.8,2.9,3.6,pro_optimized_v2,bot_slippery
2026-07-26 23:35:26,0,16.4,0,1,6,2,9,3,0,0,0.00,0,0.00,0.0,0.0,0.0,0.0,0.0,0.0,0.0,base,bot_standard
2026-07-26 23:35:29,1,15.9,1,0,10,3,7,2,0,0,0.00,0,0.00,0.0,0.0,0.0,0.0,0.0,0.0,0.0,base,bot_slippery
2026-07-26 23:35:33,0,24.7,0,2,8,1,7,3,1,1,0.68,8,0.55,9.4,0.0,0.0,3.1,3.4,1.3,7.0,pro_optimized_v1,bot_rookie
2026-07-26 23:35:36,0,11.3,0,2,5,1,4,3,1,2,0.62,3,1.04,2.1,1.0,0.0,2.1,1.0,1.3,3.4,pro_optimized_v1,bot_standard
2026-07-26 23:35:39,0,16.3,0,1,8,2,6,3,0,0,0.00,6,1.15,3.1,0.3,0.0,5.5,1.6,0.0,4.9,pro_optimized_v1_origin,bot_standard
2026-07-26 23:35:44,1,30.5,2,0,19,3,4,1,2,2,2.67,10,0.97,5.7,0.3,1.8,2.4,1.8,3.1,14.3,pro,bot_slippery
2026-07-26 23:35:46,0,11.7,0,3,2,0,5,3,0,0,0.00,4,0.51,3.6,0.3,0.8,0.8,2.9,0.0,3.4,pro_learned_v4,bot_camper
2026-07-26 23:35:48,0,9.2,0,3,5,0,3,3,1,1,3.28,2,1.15,1.8,0.3,0.0,2.1,0.6,1.3,3.1,pro_optimized_v3,bot_rusher
2026-07-26 23:35:51,0,15.1,0,3,5,0,6,3,2,2,1.44,1,2.88,6.5,0.0,0.0,2.3,1.8,1.6,2.9,pro_learned_v5,bot_standard
2026-07-26 23:35:54,0,10.6,0,2,3,1,9,3,0,0,0.00,0,0.00,0.0,0.0,0.0,0.0,0.0,0.0,0.0,base,bot_rookie
2026-07-26 23:35:58,1,25.0,1,0,7,3,3,2,0,0,0.00,5,1.17,13.0,0.3,0.0,4.7,1.0,0.0,5.0,pro_learned_v4,bot_camper
2026-07-26 23:36:01,0,16.5,0,2,8,1,8,3,0,0,0.00,3,1.72,3.9,0.0,0.0,3.1,4.0,0.0,4.9,pro_optimized_v1_origin,bot_rookie
2026-07-26 23:36:04,0,13.9,0,2,6,1,3,3,2,0,0.00,5,0.85,2.6,0.0,0.0,2.6,0.8,1.5,6.0,pro_optimized_v1,bot_camper
2026-07-26 23:36:07,0,18.1,0,2,10,1,10,3,0,0,0.00,4,2.41,1.6,0.3,0.0,5.7,4.8,0.0,5.2,pro_optimized_v1_origin,bot_rusher
2026-07-26 23:36:09,0,10.2,0,2,2,1,4,3,0,0,0.00,0,0.00,0.0,0.0,0.0,0.0,0.0,0.0,0.0,base,bot_slippery
2026-07-26 23:36:13,0,23.7,0,2,15,1,4,3,1,0,0.00,10,1.18,1.8,0.0,0.5,8.8,1.1,1.3,9.6,chaos,bot_standard
2026-07-26 23:36:17,0,23.8,0,1,10,2,8,3,1,0,0.00,5,0.57,12.2,1.3,0.0,1.8,3.8,1.3,2.3,pro_learned_v5,bot_rookie
2026-07-26 23:36:21,0,19.0,0,1,6,2,6,3,1,1,0.76,4,1.63,2.9,0.5,0.0,3.6,2.9,1.3,6.8,pro_optimized_v1,bot_standard
2026-07-26 23:36:23,0,10.7,0,1,5,2,3,3,0,0,0.00,5,0.73,2.3,1.0,1.3,1.3,0.6,0.0,3.4,pro_learned_v4,bot_camper
2026-07-26 23:36:26,0,14.9,0,3,2,0,3,3,0,0,0.00,3,1.65,8.1,0.0,0.0,2.6,0.6,0.0,3.6,pro_learned_v4,bot_standard
2026-07-26 23:36:30,0,20.1,0,3,8,0,14,3,0,0,0.00,0,0.00,0.0,0.0,0.0,0.0,0.0,0.0,0.0,base,bot_rookie
2026-07-26 23:36:32,0,12.9,0,3,8,0,8,3,0,0,0.00,0,0.00,0.0,0.0,0.0,0.0,0.0,0.0,0.0,base,bot_camper
2026-07-26 23:36:36,0,20.3,0,1,12,2,8,3,0,0,0.00,9,0.89,2.6,0.5,0.0,2.1,3.2,0.0,10.9,pro_optimized_v1_origin,bot_rusher
2026-07-26 23:36:40,0,26.3,0,1,10,2,8,3,3,4,1.01,6,0.57,9.4,0.0,0.0,1.0,4.0,4.7,6.2,chaos,bot_slippery
2026-07-26 23:36:43,0,15.3,0,3,1,0,3,3,1,1,0.82,5,0.77,7.5,0.0,0.5,2.1,1.0,1.3,2.9,pro_optimized_v2,bot_camper
2026-07-26 23:36:47,0,22.6,0,2,8,1,9,3,4,3,2.35,1,0.98,9.9,0.0,0.0,2.9,2.9,4.2,2.3,pro_optimized_v3,bot_slippery
2026-07-26 23:36:50,1,17.1,2,0,8,3,9,1,0,0,0.00,3,0.85,9.1,0.3,0.0,2.1,3.1,0.0,1.6,chaos,bot_slippery
2026-07-26 23:36:53,0,12.9,0,2,8,1,6,3,0,0,0.00,0,0.00,0.0,0.0,0.0,0.0,0.0,0.0,0.0,base,bot_rookie
2026-07-26 23:36:56,0,14.2,0,2,8,1,5,3,1,1,3.48,2,0.39,6.5,0.0,0.8,1.0,1.2,1.3,2.9,chaos,bot_standard
2026-07-26 23:36:58,0,11.4,0,3,4,0,3,3,1,1,1.40,5,0.70,4.7,0.0,0.3,1.6,0.8,1.3,2.9,chaos,bot_slippery
2026-07-26 23:37:02,0,16.8,0,1,7,2,6,3,1,2,0.53,4,0.84,3.6,0.5,0.0,4.4,3.4,1.3,2.6,pro_optimized_v1,bot_camper
2026-07-26 23:37:05,0,18.0,0,3,6,0,4,3,1,0,0.00,8,0.72,2.3,0.0,0.5,5.3,1.0,1.3,7.5,pro,bot_rookie
2026-07-26 23:37:07,0,9.2,0,3,3,0,3,3,0,0,0.00,3,1.00,3.9,0.0,0.0,1.0,0.9,0.0,3.4,pro_optimized_v1_origin,bot_slippery
2026-07-26 23:37:10,0,12.7,0,1,5,2,4,3,1,0,0.00,2,1.84,1.8,0.3,0.0,3.1,1.0,1.3,4.2,pro_learned_v4,bot_rusher
2026-07-26 23:37:12,0,12.0,0,3,1,0,3,3,0,0,0.00,4,0.67,4.9,0.5,0.0,2.2,1.0,0.0,3.4,pro_optimized_v1_origin,bot_camper
2026-07-26 23:37:16,0,19.4,0,2,3,1,3,3,0,0,0.00,8,1.21,3.6,0.0,1.3,5.2,0.7,0.0,8.1,pro,bot_camper
2026-07-26 23:37:18,0,10.4,0,3,3,0,4,3,0,0,0.00,4,1.14,4.2,0.0,0.0,1.8,1.3,0.0,3.1,pro_learned_v4,bot_rookie
2026-07-26 23:37:22,0,22.3,0,1,11,2,17,3,0,0,0.00,0,0.00,0.0,0.0,0.0,0.0,0.0,0.0,0.0,base,bot_rookie
2026-07-26 23:37:25,0,13.3,0,2,8,1,4,3,1,0,0.00,6,0.73,4.4,0.0,0.0,2.3,1.1,1.6,3.4,pro_optimized_v1_origin,bot_rusher
2026-07-26 23:37:28,0,13.6,0,2,6,1,5,3,2,2,1.46,2,1.43,4.9,0.0,0.3,1.0,1.2,2.6,3.1,pro_optimized_v2,bot_rusher
2026-07-26 23:37:30,0,14.3,0,2,6,1,4,3,2,1,2.56,2,1.31,3.6,0.3,0.8,0.3,1.8,2.6,4.4,pro,bot_standard
2026-07-26 23:37:34,0,22.5,0,1,8,2,5,3,3,3,1.07,7,1.22,5.2,0.0,1.0,6.8,1.3,3.9,3.4,pro_optimized_v2,bot_camper
2026-07-26 23:37:37,0,15.0,0,2,3,1,3,3,1,0,0.00,4,0.81,7.3,0.3,0.0,2.3,1.0,1.3,2.3,pro_learned_v4,bot_camper
2026-07-26 23:37:41,1,19.9,1,0,16,3,9,2,1,1,1.22,6,1.14,2.6,0.8,0.0,3.1,4.9,1.3,6.2,pro_learned_v4,bot_slippery
2026-07-26 23:37:44,0,13.5,0,1,6,2,3,3,0,0,0.00,6,0.96,3.6,0.0,0.0,4.9,1.0,0.0,2.9,pro_optimized_v1_origin,bot_rookie
2026-07-26 23:37:51,0,50.3,0,2,16,1,8,3,4,4,1.22,29,0.84,3.1,0.5,1.3,6.8,2.2,5.5,30.4,pro,bot_camper
2026-07-26 23:37:54,0,19.2,0,1,10,2,5,3,2,2,0.56,5,0.81,8.6,0.0,0.0,2.9,1.6,2.6,2.6,pro_optimized_v3,bot_rookie
2026-07-26 23:38:00,0,37.0,0,1,19,2,4,3,0,0,0.00,20,1.03,3.1,0.0,1.0,2.6,1.8,0.0,27.8,chaos,bot_slippery
2026-07-26 23:38:04,1,20.7,1,0,7,3,5,2,1,1,1.06,5,1.10,8.1,0.0,0.3,1.2,2.6,1.3,6.2,pro_optimized_v1,bot_rusher
2026-07-26 23:38:07,0,17.5,0,3,7,0,10,3,1,1,0.44,4,1.00,2.9,0.5,0.0,3.4,5.7,1.3,3.7,pro_optimized_v1,bot_rookie
2026-07-26 23:38:09,0,9.1,0,1,4,2,3,3,0,0,0.00,0,0.00,0.0,0.0,0.0,0.0,0.0,0.0,0.0,base,bot_rusher
2026-07-26 23:38:13,0,24.1,0,3,14,0,8,3,4,4,1.77,5,0.66,6.5,0.3,1.0,5.7,2.3,4.2,4.2,pro_optimized_v2,bot_rookie
2026-07-26 23:38:16,1,13.8,2,0,7,3,8,1,0,0,0.00,3,0.66,3.1,0.3,0.0,2.3,4.9,0.0,2.2,pro_optimized_v1_origin,bot_rookie
2026-07-26 23:38:19,1,16.7,2,0,9,3,7,1,2,2,0.95,4,0.83,2.3,0.0,0.0,1.8,3.4,2.6,5.5,pro_optimized_v1,bot_slippery
2026-07-26 23:38:23,0,19.4,0,2,7,1,4,3,1,1,2.40,8,0.95,1.3,1.0,1.8,2.5,1.6,1.3,9.4,pro,bot_standard
2026-07-26 23:38:27,0,30.4,0,3,10,0,9,3,4,4,0.79,4,1.57,14.5,0.0,0.0,5.2,3.4,4.2,3.1,pro_optimized_v3,bot_slippery
2026-07-26 23:38:30,0,12.4,0,2,5,1,9,3,0,0,0.00,0,0.00,0.0,0.0,0.0,0.0,0.0,0.0,0.0,base,bot_slippery
2026-07-26 23:38:33,1,13.6,1,0,6,3,6,2,1,1,0.82,2,2.35,1.8,0.5,0.0,2.6,3.2,1.3,3.1,chaos,bot_rusher
2026-07-26 23:38:36,0,19.2,0,1,10,2,7,3,3,3,1.37,2,0.95,7.0,0.0,0.0,2.4,2.3,3.9,2.6,pro_learned_v5,bot_standard
2026-07-26 23:38:39,0,14.3,0,3,6,0,5,3,1,1,1.20,2,1.45,4.4,0.0,0.0,3.6,2.1,1.3,2.9,chaos,bot_rookie
2026-07-26 23:38:42,1,15.3,1,0,5,3,5,2,2,2,0.68,3,0.69,1.6,0.5,0.0,1.6,2.6,4.7,3.4,pro_optimized_v1,bot_rusher
2026-07-26 23:38:46,0,19.0,0,2,6,1,8,3,2,1,2.64,1,0.72,9.1,0.8,0.0,0.8,3.2,1.6,3.1,pro_learned_v5,bot_standard
2026-07-26 23:38:48,0,11.1,0,2,8,1,7,3,0,0,0.00,0,0.00,0.0,0.0,0.0,0.0,0.0,0.0,0.0,base,bot_rusher
2026-07-26 23:38:51,0,16.4,0,2,9,1,5,3,1,1,2.72,2,1.71,3.4,0.8,0.3,3.9,2.6,1.3,3.7,pro_optimized_v1,bot_slippery
2026-07-26 23:38:54,0,12.4,0,3,2,0,6,3,0,0,0.00,0,0.00,0.0,0.0,0.0,0.0,0.0,0.0,0.0,base,bot_standard
2026-07-26 23:38:56,0,9.4,0,2,4,1,3,3,0,0,0.00,3,1.02,2.9,0.5,0.0,1.6,0.9,0.0,3.4,pro_optimized_v1_origin,bot_camper
2026-07-26 23:38:59,0,17.4,0,2,7,1,7,3,0,0,0.00,7,0.95,2.9,0.0,0.0,3.7,3.1,0.0,7.3,pro_optimized_v1_origin,bot_slippery
2026-07-26 23:39:03,0,21.7,0,2,5,1,5,3,2,1,3.10,4,0.71,4.2,4.2,0.0,2.9,1.7,3.4,4.9,pro_optimized_v1,bot_camper
2026-07-26 23:39:07,1,22.1,1,0,11,3,2,2,0,0,0.00,8,1.12,7.0,0.0,0.0,1.6,0.8,0.0,11.7,pro_optimized_v1_origin,bot_rusher
2026-07-26 23:39:10,1,19.0,2,0,8,3,7,1,2,1,3.50,3,0.74,5.7,0.0,1.0,1.8,3.2,2.6,3.6,pro_optimized_v1,bot_camper
2026-07-26 23:39:14,0,21.0,0,1,10,2,6,3,2,2,2.21,5,0.59,8.8,0.3,0.0,3.6,2.3,2.6,2.3,pro_optimized_v3,bot_rookie
2026-07-26 23:39:17,0,15.6,0,2,8,1,4,3,1,2,1.43,4,0.70,4.2,0.0,0.8,2.9,1.6,2.9,2.9,pro_optimized_v1,bot_rookie
2026-07-26 23:39:20,0,14.4,0,1,12,2,8,3,1,1,0.60,2,0.65,6.8,0.0,0.3,0.3,2.7,1.3,2.1,pro_optimized_v2,bot_rusher
2026-07-26 23:39:23,0,15.7,0,2,9,1,8,3,1,1,0.36,3,0.57,7.5,0.0,0.0,0.8,3.0,1.3,2.6,pro_learned_v5,bot_standard
2026-07-26 23:39:26,1,18.4,1,0,11,3,5,2,1,1,0.32,9,0.55,5.5,0.0,0.0,0.3,2.6,1.6,7.5,pro_optimized_v1,bot_rusher
2026-07-26 23:39:31,1,29.2,2,0,6,3,1,1,1,0,0.00,7,0.79,15.9,0.3,1.6,0.0,0.3,1.6,8.7,pro,bot_rusher
2026-07-26 23:39:34,1,18.6,2,0,11,3,6,1,1,0,0.00,5,1.06,7.8,0.0,0.0,5.2,2.1,1.3,1.3,pro_optimized_v3,bot_standard
2026-07-26 23:39:38,0,21.1,0,1,11,2,4,3,2,1,3.10,4,0.98,10.1,0.0,0.3,3.1,1.3,2.6,3.1,pro_optimized_v2,bot_rusher
2026-07-26 23:39:42,1,21.5,2,0,12,3,8,1,0,0,0.00,10,0.71,3.6,0.3,0.0,2.9,4.7,0.0,9.1,pro_optimized_v1_origin,bot_slippery
2026-07-26 23:39:44,0,9.1,0,3,3,0,4,3,0,0,0.00,4,0.71,2.6,0.0,0.0,2.3,1.3,0.0,2.9,pro_optimized_v1,bot_rookie
2026-07-26 23:39:47,1,17.7,1,0,5,3,2,2,1,1,1.82,1,0.54,11.0,0.0,0.3,0.3,0.8,1.3,3.1,pro_optimized_v2,bot_rusher
2026-07-26 23:39:51,1,20.0,1,0,9,3,6,2,1,2,0.68,4,1.73,4.4,0.0,0.3,5.5,2.3,1.3,5.2,chaos,bot_slippery
2026-07-26 23:39:54,0,13.1,0,2,4,1,6,3,2,1,0.64,6,0.65,3.6,0.0,0.5,2.1,1.6,1.4,3.4,pro_optimized_v2,bot_camper
2026-07-26 23:39:56,0,11.2,0,1,3,2,5,3,0,0,0.00,0,0.00,0.0,0.0,0.0,0.0,0.0,0.0,0.0,base,bot_standard
2026-07-26 23:40:00,1,23.8,1,0,11,3,8,2,1,0,0.00,4,0.84,10.4,0.5,0.3,0.5,5.5,1.3,4.3,pro_learned_v4,bot_slippery
2026-07-26 23:40:02,0,10.9,0,3,3,0,6,3,0,0,0.00,2,1.52,2.3,1.3,0.0,0.8,2.8,0.0,3.6,pro_learned_v4,bot_rusher
2026-07-26 23:40:05,0,12.8,0,3,8,0,6,3,0,0,0.00,4,1.16,4.2,0.0,0.5,1.3,1.6,0.0,5.2,pro_optimized_v2,bot_slippery
2026-07-26 23:40:09,0,23.1,0,1,6,2,6,3,1,2,1.93,5,0.44,12.5,0.3,0.0,3.4,1.8,1.3,3.1,pro_optimized_v1_origin,bot_rookie
2026-07-26 23:40:14,0,32.5,0,1,17,2,10,3,0,0,0.00,10,1.05,9.6,0.0,0.0,4.4,3.9,0.0,13.6,pro_optimized_v1_origin,bot_standard
2026-07-26 23:40:20,0,35.5,0,3,6,0,8,3,0,0,0.00,8,1.50,13.8,1.6,2.1,1.6,3.5,0.0,13.0,pro,bot_camper
2026-07-26 23:40:23,0,15.9,0,2,8,1,6,3,2,3,0.70,2,0.57,6.0,0.5,0.0,2.1,1.7,2.6,2.9,pro_learned_v5,bot_camper
2026-07-26 23:40:26,0,20.5,0,2,9,1,8,3,2,2,1.09,5,0.58,9.1,0.0,0.0,2.4,3.1,2.6,2.9,pro_optimized_v3,bot_rookie
2026-07-26 23:40:29,0,14.2,0,1,7,2,7,3,1,1,1.40,3,0.84,2.1,0.8,0.0,1.6,4.4,1.6,2.9,pro_optimized_v1,bot_rookie
2026-07-26 23:40:34,0,26.3,0,1,10,2,4,3,1,2,1.44,8,1.31,4.4,0.8,0.3,3.1,1.7,1.3,13.8,pro,bot_rookie
2026-07-26 23:40:36,0,12.4,0,2,2,1,3,3,0,0,0.00,3,1.53,4.2,1.8,0.0,2.1,0.8,0.0,3.1,pro_optimized_v1_origin,bot_standard
2026-07-26 23:40:41,1,25.8,1,0,17,3,7,2,3,4,0.92,9,0.74,3.9,0.8,0.0,0.3,4.7,3.4,11.7,chaos,bot_rusher
2026-07-26 23:40:44,0,18.7,0,2,7,1,5,3,1,1,1.60,3,1.41,7.5,0.5,0.0,3.9,2.1,1.3,2.9,chaos,bot_slippery
2026-07-26 23:40:47,0,17.7,0,2,8,1,8,3,2,2,1.34,7,0.59,7.3,0.0,0.0,2.3,2.3,2.6,3.1,pro_optimized_v3,bot_standard
2026-07-26 23:40:50,0,12.8,0,2,5,1,5,3,0,0,0.00,2,1.05,5.2,0.3,0.3,2.1,2.2,0.0,2.3,pro_learned_v4,bot_rusher
2026-07-26 23:40:55,0,34.4,0,1,16,2,13,3,4,3,3.14,4,0.58,10.4,0.0,1.0,9.6,4.4,5.2,3.1,pro_optimized_v2,bot_rookie
2026-07-26 23:40:57,0,8.2,0,2,4,1,3,3,0,0,0.00,2,0.56,2.6,0.8,0.0,0.0,1.2,0.0,3.1,pro_learned_v5,bot_rusher
2026-07-26 23:41:00,0,11.9,0,1,5,2,3,3,1,2,0.57,4,1.05,2.6,0.0,0.3,2.1,1.0,1.3,3.6,pro,bot_camper
2026-07-26 23:41:04,0,23.7,0,2,12,1,9,3,4,3,0.31,6,1.00,9.4,0.0,0.0,3.4,3.4,3.9,3.1,pro_optimized_v3,bot_rookie
2026-07-26 23:41:07,1,15.2,1,0,8,3,6,2,1,1,0.76,6,0.88,5.2,0.0,0.0,3.4,1.8,1.3,2.6,pro_learned_v5,bot_slippery
2026-07-26 23:41:09,0,10.2,0,1,2,2,5,3,0,0,0.00,0,0.00,0.0,0.0,0.0,0.0,0.0,0.0,0.0,base,bot_camper
2026-07-26 23:41:11,0,9.8,0,2,3,1,3,3,0,0,0.00,5,0.34,2.6,2.6,0.0,0.7,0.8,0.0,2.6,pro_optimized_v1_origin,bot_camper
2026-07-26 23:41:14,0,12.7,0,2,5,1,3,3,0,0,0.00,3,0.95,6.8,0.0,0.0,2.1,0.8,0.0,2.6,pro_optimized_v1_origin,bot_rookie
2026-07-26 23:41:18,0,24.7,0,2,5,1,6,3,0,0,0.00,9,1.02,8.1,0.8,0.0,4.2,2.3,0.0,8.8,pro_optimized_v1_origin,bot_camper
2026-07-26 23:41:21,1,14.8,3,0,5,3,1,0,0,0,0.00,6,0.36,3.1,1.0,1.0,1.8,0.5,0.0,6.2,pro_learned_v4,bot_camper
2026-07-26 23:41:24,0,11.1,0,3,1,0,4,3,2,1,3.66,1,1.48,4.2,0.0,0.5,0.8,1.0,1.6,3.1,pro_optimized_v2,bot_rusher
2026-07-26 23:41:27,0,16.2,0,2,10,1,5,3,0,0,0.00,8,0.98,2.1,0.3,0.5,2.3,1.1,0.0,9.4,pro,bot_rusher
2026-07-26 23:41:31,0,25.3,0,1,9,2,7,3,1,1,0.82,4,2.96,14.8,0.0,0.3,3.1,2.2,1.3,3.1,pro_optimized_v2,bot_rookie
2026-07-26 23:41:34,1,14.8,1,0,7,3,6,2,2,2,0.52,2,0.50,3.1,0.3,0.5,1.8,2.9,2.6,2.6,pro_optimized_v1,bot_rookie
2026-07-26 23:41:36,0,9.2,0,3,2,0,3,3,0,0,0.00,3,0.95,3.9,0.0,0.0,1.8,0.7,0.0,2.9,pro_learned_v4,bot_camper
2026-07-26 23:41:40,0,22.4,0,1,9,2,4,3,2,2,2.18,5,0.89,9.4,0.0,0.8,4.2,1.6,2.6,2.9,pro_optimized_v2,bot_rookie
2026-07-26 23:41:43,0,19.2,0,1,9,2,7,3,3,3,0.85,4,1.12,1.6,0.3,0.0,4.7,3.0,6.0,3.1,pro_optimized_v1,bot_standard
2026-07-26 23:41:47,0,16.6,0,1,6,2,5,3,1,0,0.00,3,1.34,9.1,0.0,0.0,1.0,1.3,1.3,2.9,pro_optimized_v3,bot_rusher
2026-07-26 23:41:50,0,20.0,0,2,4,1,6,3,0,0,0.00,0,0.00,0.0,0.0,0.0,0.0,0.0,0.0,0.0,base,bot_camper
2026-07-26 23:41:53,1,13.5,1,0,12,3,10,2,0,0,0.00,0,0.00,0.0,0.0,0.0,0.0,0.0,0.0,0.0,base,bot_rusher
2026-07-26 23:41:56,0,14.2,0,2,6,1,3,3,1,0,0.00,3,1.48,6.2,0.0,0.0,2.1,0.7,1.3,3.4,pro,bot_standard
2026-07-26 23:42:00,1,29.6,1,0,18,3,12,2,1,0,0.00,10,1.05,7.0,0.0,0.0,5.5,7.0,1.3,7.8,pro_learned_v4,bot_slippery
2026-07-26 23:42:03,0,12.5,0,1,9,2,3,3,0,0,0.00,3,0.98,5.2,0.0,0.0,2.3,0.6,0.0,3.4,pro_optimized_v1_origin,bot_rusher
2026-07-26 23:42:07,0,22.1,0,2,8,1,10,3,0,0,0.00,8,1.15,3.6,0.0,0.3,5.5,4.2,0.0,8.1,pro_learned_v4,bot_rookie
2026-07-26 23:42:10,0,12.4,0,3,4,0,3,3,1,1,2.34,2,0.57,6.2,0.5,0.3,0.8,1.0,1.3,2.3,pro_optimized_v1,bot_slippery
2026-07-26 23:42:12,0,12.2,0,3,4,0,5,3,0,0,0.00,0,0.00,0.0,0.0,0.0,0.0,0.0,0.0,0.0,base,bot_rookie
2026-07-26 23:42:15,0,13.3,0,2,3,1,5,3,0,0,0.00,4,0.99,5.2,0.0,0.0,2.9,1.9,0.0,2.9,pro_learned_v4,bot_slippery
2026-07-26 23:42:18,0,19.2,0,1,11,2,8,3,0,0,0.00,9,0.85,2.3,0.8,0.0,3.1,2.9,0.0,9.1,pro_learned_v4,bot_standard
2026-07-26 23:42:21,0,11.0,0,3,5,0,4,3,2,1,0.54,1,1.10,5.0,0.0,0.3,0.0,1.3,1.6,2.9,pro_optimized_v2,bot_rusher
2026-07-26 23:42:24,1,15.4,1,0,12,3,6,2,1,1,1.18,4,0.59,3.6,0.0,0.0,0.5,3.4,1.8,5.0,pro_optimized_v1,bot_rusher
2026-07-26 23:42:28,0,23.8,0,2,11,1,8,3,0,0,0.00,7,1.51,2.3,1.3,1.3,2.1,3.3,0.0,13.0,pro_learned_v4,bot_standard
2026-07-26 23:42:32,1,22.3,1,0,6,3,4,2,0,0,0.00,0,0.00,0.0,0.0,0.0,0.0,0.0,0.0,0.0,base,bot_standard
2026-07-26 23:42:35,0,19.4,0,2,4,1,3,3,2,3,1.03,2,1.46,10.7,0.0,0.3,2.1,0.5,2.6,3.1,pro_optimized_v2,bot_camper
2026-07-26 23:42:38,0,13.6,0,2,7,1,3,3,0,0,0.00,4,0.78,5.7,1.0,0.0,2.9,0.8,0.0,3.1,pro_optimized_v1_origin,bot_rookie
2026-07-26 23:42:41,0,14.1,0,3,6,0,5,3,3,2,1.26,2,1.72,3.7,0.0,0.3,2.9,1.6,2.9,2.9,pro_optimized_v2,bot_slippery
2026-07-26 23:42:44,0,15.1,0,2,4,1,5,3,1,0,0.00,2,0.90,6.5,0.0,0.0,2.3,2.4,1.3,2.1,pro_optimized_v1_origin,bot_standard
2026-07-26 23:42:46,0,11.7,0,3,3,0,4,3,0,0,0.00,4,0.62,4.7,0.0,0.0,3.1,1.0,0.0,2.9,pro_optimized_v1_origin,bot_slippery
2026-07-26 23:42:49,0,11.5,0,3,2,0,3,3,0,0,0.00,2,1.80,2.3,0.3,0.0,3.7,1.3,0.0,3.9,pro,bot_slippery
2026-07-26 23:42:53,0,26.0,0,2,12,1,6,3,2,1,1.54,10,1.30,3.4,0.0,0.0,5.7,2.6,2.6,11.2,chaos,bot_standard
2026-07-26 23:42:56,0,18.2,0,2,11,1,6,3,3,2,1.23,4,1.07,4.4,0.0,0.0,3.9,2.3,3.9,3.1,pro_learned_v5,bot_standard
2026-07-26 23:43:00,1,22.9,1,0,13,3,6,2,2,3,1.36,11,0.62,1.8,0.5,0.0,6.0,2.7,2.6,8.3,pro_optimized_v1,bot_rookie
2026-07-26 23:43:04,0,24.7,0,3,6,0,3,3,0,0,0.00,11,0.64,10.4,0.0,0.0,2.1,1.1,0.0,11.2,chaos,bot_camper
2026-07-26 23:43:08,0,19.0,0,3,8,0,5,3,3,4,1.75,2,1.32,6.5,0.5,0.0,3.9,1.3,3.9,2.9,pro_optimized_v3,bot_standard
2026-07-26 23:43:11,1,13.5,2,0,7,3,5,1,0,0,0.00,3,1.19,4.4,0.0,0.0,1.3,2.9,0.0,3.9,pro,bot_rusher
2026-07-26 23:43:14,1,17.2,1,0,5,3,2,2,0,0,0.00,3,1.38,9.6,0.0,0.0,3.2,0.5,0.0,2.9,pro_optimized_v1_origin,bot_rusher
2026-07-26 23:43:16,0,12.8,0,3,6,0,6,3,3,1,2.58,4,0.64,3.9,0.0,0.0,1.6,2.3,1.6,3.4,pro_learned_v5,bot_rookie
2026-07-26 23:43:21,0,28.3,0,2,7,1,3,3,2,1,1.90,2,2.08,17.7,0.0,0.0,2.6,0.5,3.1,3.9,chaos,bot_rusher
2026-07-26 23:43:24,0,14.1,0,1,8,2,3,3,0,0,0.00,3,1.55,5.7,0.3,0.0,3.4,0.6,0.0,3.1,pro_learned_v4,bot_rusher
2026-07-26 23:43:29,0,35.4,0,1,15,2,9,3,1,0,0.00,18,0.93,3.9,0.0,0.3,7.0,3.7,2.9,16.6,pro_optimized_v1,bot_standard
2026-07-26 23:43:32,1,10.4,2,0,10,3,6,1,0,0,0.00,0,0.00,3.6,0.5,0.0,1.3,3.9,0.0,0.1,pro_learned_v4,bot_slippery
2026-07-26 23:43:34,0,13.0,0,2,2,1,5,3,2,4,0.61,3,0.85,3.9,0.0,0.0,1.3,1.6,2.6,3.1,pro_optimized_v3,bot_camper
2026-07-26 23:43:41,0,44.5,0,3,15,0,4,3,4,4,1.06,3,6.33,27.0,0.0,1.0,7.6,1.6,4.2,3.1,pro_optimized_v2,bot_slippery
2026-07-26 23:43:44,0,12.2,0,2,4,1,6,3,1,1,2.00,4,0.50,4.7,0.0,0.0,0.8,2.1,1.3,2.9,pro_optimized_v3,bot_rookie
2026-07-26 23:43:47,0,20.2,0,3,8,0,18,3,0,0,0.00,0,0.00,0.0,0.0,0.0,0.0,0.0,0.0,0.0,base,bot_rookie
2026-07-26 23:43:50,0,14.7,0,3,0,0,5,3,1,0,0.00,2,2.29,7.3,0.0,0.0,1.8,1.2,1.3,3.1,pro_learned_v5,bot_standard
2026-07-26 23:43:54,1,22.1,2,0,13,3,1,1,0,0,0.00,11,0.81,3.9,0.0,0.0,3.9,0.3,0.0,13.0,pro,bot_rusher
2026-07-26 23:43:58,0,23.0,0,2,5,1,11,3,0,0,0.00,0,0.00,0.0,0.0,0.0,0.0,0.0,0.0,0.0,base,bot_standard
2026-07-26 23:44:01,0,14.3,0,2,3,1,4,3,1,1,0.38,4,0.39,6.0,0.0,0.0,1.8,1.8,1.3,2.9,pro_optimized_v1,bot_standard
2026-07-26 23:44:05,1,22.1,1,0,13,3,6,2,3,2,1.14,4,1.28,7.8,0.3,0.0,4.4,2.1,3.9,2.6,pro_optimized_v3,bot_standard
2026-07-26 23:44:07,0,12.3,0,2,4,1,4,3,0,0,0.00,3,1.56,2.6,2.6,0.0,2.6,1.5,0.0,2.9,pro_optimized_v1_origin,bot_camper
2026-07-26 23:44:13,0,34.5,0,1,18,2,14,3,6,7,0.88,6,0.56,12.0,0.0,0.0,5.7,6.0,6.8,3.1,pro_learned_v5,bot_rookie
2026-07-26 23:44:16,0,18.8,0,3,4,0,3,3,2,1,2.22,3,0.84,12.0,0.0,0.0,1.3,0.8,1.6,3.1,pro_optimized_v3,bot_camper
2026-07-26 23:44:20,0,25.2,0,2,8,1,7,3,2,1,2.86,3,1.03,15.6,0.0,0.0,2.1,2.1,1.8,3.1,pro_learned_v5,bot_slippery
2026-07-26 23:44:23,1,17.4,2,0,11,3,4,1,1,0,0.00,3,1.49,6.8,0.3,0.8,1.0,2.1,1.3,4.2,pro,bot_rusher
2026-07-26 23:44:27,0,18.5,0,3,8,0,8,3,1,1,3.64,1,2.18,9.6,0.0,0.0,2.1,2.3,1.3,3.1,pro_learned_v5,bot_rookie
2026-07-26 23:44:31,1,25.6,2,0,8,3,8,1,1,1,0.54,5,1.18,12.0,0.0,0.0,1.8,2.9,1.3,6.6,pro_optimized_v2,bot_standard
2026-07-26 23:44:34,0,15.4,0,2,10,1,7,3,0,0,0.00,4,1.41,1.0,1.8,0.0,2.1,3.0,0.0,7.0,pro_learned_v4,bot_rusher
2026-07-26 23:44:37,0,13.3,0,2,7,1,6,3,1,1,0.40,4,0.77,2.6,0.0,0.3,1.6,3.2,1.8,3.4,chaos,bot_standard
2026-07-26 23:44:39,1,9.1,1,0,8,3,6,2,0,0,0.00,0,0.00,0.0,0.0,0.0,0.0,0.0,0.0,0.0,base,bot_rusher
2026-07-26 23:44:41,0,11.3,0,2,3,1,6,3,0,0,0.00,0,0.00,0.0,0.0,0.0,0.0,0.0,0.0,0.0,base,bot_standard
2026-07-26 23:44:47,1,39.5,2,0,11,3,6,1,0,0,0.00,4,1.32,26.8,0.0,0.0,6.2,2.9,0.0,2.6,pro_learned_v4,bot_slippery
2026-07-26 23:44:52,1,23.6,1,0,14,3,15,2,0,0,0.00,0,0.00,0.0,0.0,0.0,0.0,0.0,0.0,0.0,base,bot_standard
2026-07-26 23:44:55,0,20.3,0,2,9,1,5,3,1,2,0.47,11,0.84,2.6,0.0,0.8,4.7,1.6,1.8,8.8,pro,bot_standard
2026-07-26 23:44:58,0,18.5,0,2,12,1,9,3,2,1,1.06,4,0.86,6.8,0.0,0.0,2.1,3.4,2.6,3.1,pro_learned_v5,bot_slippery
2026-07-26 23:45:02,0,16.0,0,2,6,1,9,3,0,0,0.00,5,1.11,2.1,0.0,0.0,2.6,4.4,0.0,6.5,pro_learned_v4,bot_slippery
2026-07-26 23:45:04,0,10.9,0,2,7,1,3,3,1,0,0.00,3,0.57,2.9,1.8,0.0,0.0,1.3,1.3,3.1,chaos,bot_standard
2026-07-26 23:45:07,0,13.8,0,2,4,1,4,3,0,0,0.00,7,0.56,2.9,0.0,0.8,0.3,1.6,0.0,7.8,pro_learned_v4,bot_camper
2026-07-26 23:45:09,0,12.7,0,3,5,0,4,3,1,1,1.92,4,0.57,6.5,0.0,0.0,0.7,1.0,1.3,3.1,pro_learned_v5,bot_standard
2026-07-26 23:45:13,0,17.2,0,3,6,0,5,3,3,3,0.87,3,0.69,7.8,0.0,0.8,1.3,1.6,2.6,3.1,pro_optimized_v2,bot_rookie
2026-07-26 23:45:17,0,29.6,0,2,12,1,9,3,2,4,0.77,4,0.85,16.9,0.0,0.0,4.9,2.1,2.6,2.6,pro_optimized_v3,bot_camper
2026-07-26 23:45:21,1,19.7,1,0,11,3,8,2,2,2,0.95,5,0.62,8.1,0.0,0.0,3.1,2.6,2.6,2.3,pro_learned_v5,bot_rookie
2026-07-26 23:45:24,0,14.7,0,3,7,0,5,3,1,0,0.00,3,1.41,6.0,0.0,0.0,2.9,1.4,1.3,3.1,pro_learned_v5,bot_rusher
2026-07-26 23:45:26,0,12.2,0,3,5,0,10,3,0,0,0.00,0,0.00,0.0,0.0,0.0,0.0,0.0,0.0,0.0,base,bot_slippery
2026-07-26 23:45:29,0,15.2,0,1,8,2,6,3,2,1,0.64,3,0.50,2.9,0.0,0.0,2.6,3.0,2.6,3.1,pro_optimized_v3,bot_slippery
2026-07-26 23:45:32,1,15.3,1,0,8,3,6,2,2,2,1.24,2,0.64,6.2,0.0,0.0,1.0,2.1,2.6,2.3,pro_learned_v5,bot_standard
2026-07-26 23:45:35,0,11.5,0,3,7,0,4,3,0,0,0.00,4,1.05,2.1,1.3,1.3,2.1,1.4,0.0,3.4,pro_learned_v4,bot_rookie
2026-07-26 23:45:38,0,14.8,0,2,4,1,4,3,2,2,1.40,1,0.30,7.8,0.0,0.0,0.3,1.0,2.6,2.6,pro_optimized_v2,bot_rusher
2026-07-26 23:45:41,0,18.1,0,1,7,2,10,3,0,0,0.00,0,0.00,0.0,0.0,0.0,0.0,0.0,0.0,0.0,base,bot_standard
2026-07-26 23:45:44,1,17.1,3,0,6,3,4,0,0,0,0.00,1,1.98,9.9,0.0,1.3,0.3,2.6,0.0,2.1,chaos,bot_rusher
2026-07-26 23:45:47,0,10.5,0,2,7,1,4,3,0,0,0.00,4,0.43,3.6,0.0,0.5,0.0,1.9,0.0,3.9,chaos,bot_standard
2026-07-26 23:45:50,1,19.5,1,0,11,3,7,2,0,0,0.00,7,0.93,4.2,0.3,0.0,4.4,3.4,0.0,6.3,pro_optimized_v1_origin,bot_slippery
2026-07-26 23:45:53,1,13.4,2,0,4,3,3,1,1,2,0.35,6,0.43,3.4,0.0,0.3,0.3,1.6,1.3,5.7,pro,bot_camper
2026-07-26 23:45:56,0,13.1,0,1,6,2,8,3,0,0,0.00,0,0.00,0.0,0.0,0.0,0.0,0.0,0.0,0.0,base,bot_rusher
2026-07-26 23:45:58,1,13.2,1,0,9,3,4,2,1,1,0.52,3,1.23,2.6,0.5,0.5,2.3,1.8,1.3,3.1,pro_optimized_v1,bot_rookie
2026-07-26 23:46:01,0,16.8,0,2,4,1,7,3,0,0,0.00,0,0.00,0.0,0.0,0.0,0.0,0.0,0.0,0.0,base,bot_rookie
2026-07-26 23:46:05,0,19.8,0,1,14,2,9,3,2,2,1.19,5,0.60,7.8,0.0,0.0,1.0,3.0,2.6,4.4,pro_learned_v5,bot_rusher
2026-07-26 23:46:08,0,17.2,0,3,6,0,4,3,2,2,1.08,5,0.86,3.1,0.0,0.3,2.1,1.0,1.6,9.1,pro,bot_rusher
2026-07-26 23:46:11,0,11.2,0,3,2,0,3,3,1,0,0.00,3,0.90,5.2,0.0,0.0,0.5,1.1,1.3,3.1,pro_learned_v5,bot_slippery
2026-07-26 23:46:13,1,10.5,2,0,5,3,5,1,0,0,0.00,4,0.34,3.9,0.0,0.0,1.7,2.9,0.0,1.0,pro_learned_v4,bot_standard
2026-07-26 23:46:18,1,27.8,1,0,11,3,7,2,0,0,0.00,10,0.99,4.4,0.0,0.0,4.9,3.1,0.0,14.3,pro_optimized_v1_origin,bot_standard
2026-07-26 23:46:20,0,12.4,0,3,4,0,3,3,1,0,0.00,3,1.09,4.9,0.0,0.5,1.8,0.7,1.3,3.1,chaos,bot_rusher
2026-07-26 23:46:23,0,15.3,0,1,11,2,6,3,3,1,0.96,6,0.73,2.3,0.5,0.0,3.4,2.6,2.9,2.6,chaos,bot_standard
2026-07-26 23:46:26,0,15.5,0,2,8,1,5,3,2,2,0.86,6,0.70,3.9,0.3,0.3,3.1,1.5,2.6,3.4,chaos,bot_standard
2026-07-26 23:46:29,1,13.3,1,0,9,3,4,2,1,0,0.00,3,1.97,0.8,1.6,0.0,3.6,1.9,1.3,3.1,pro_optimized_v1_origin,bot_slippery
2026-07-26 23:46:43,0,13.8,0,2,4,1,7,3,0,0,0.00,5,0.91,3.4,0.5,0.0,2.6,3.7,0.0,3.1,pro_learned_v4,bot_slippery
2026-07-26 23:46:47,0,18.7,0,1,7,2,7,3,2,1,2.30,3,1.44,5.7,0.0,0.0,3.9,2.4,2.6,3.1,pro_optimized_v3,bot_camper
2026-07-26 23:46:51,1,21.1,2,0,12,3,2,1,1,1,0.46,9,1.00,3.9,0.0,0.0,2.3,1.0,0.3,12.5,pro,bot_standard
2026-07-26 23:46:55,0,24.7,0,2,8,1,8,3,1,1,7.66,7,0.81,11.7,0.0,0.3,5.5,2.1,1.3,3.4,pro_optimized_v2,bot_slippery
2026-07-26 23:46:58,0,21.5,0,3,11,0,4,3,2,3,1.21,6,0.64,8.1,1.6,0.3,4.2,1.2,2.6,3.6,pro_optimized_v1,bot_rookie
2026-07-26 23:47:01,0,15.1,0,1,7,2,13,3,0,0,0.00,0,0.00,0.0,0.0,0.0,0.0,0.0,0.0,0.0,base,bot_standard
2026-07-26 23:47:04,0,15.1,0,2,7,1,3,3,1,1,0.50,2,0.74,7.9,0.0,0.0,1.6,0.8,1.3,3.1,pro_optimized_v3,bot_rookie
2026-07-26 23:47:07,0,13.3,0,3,6,0,3,3,2,1,1.24,5,0.59,5.0,0.0,0.0,1.6,1.0,2.6,3.1,pro_optimized_v3,bot_camper
2026-07-26 23:47:11,0,19.8,0,2,10,1,8,3,0,0,0.00,4,1.20,8.3,0.0,0.0,1.8,4.4,0.0,5.2,pro_learned_v4,bot_slippery
2026-07-26 23:47:13,0,13.2,0,2,11,1,6,3,0,0,0.00,3,1.13,3.1,0.8,0.5,1.8,3.3,0.0,3.1,pro_learned_v4,bot_slippery
2026-07-26 23:47:18,1,28.0,2,0,7,3,2,1,1,0,0.00,4,0.52,17.9,0.0,0.0,1.6,0.8,4.9,1.8,pro_optimized_v1_origin,bot_rusher
2026-07-26 23:47:21,1,19.1,1,0,6,3,3,2,3,2,1.79,3,0.88,4.9,0.0,0.0,2.6,0.8,4.6,5.2,chaos,bot_rusher
2026-07-26 23:47:25,0,16.6,0,2,7,1,6,3,2,2,1.27,3,1.61,2.3,0.3,0.0,6.0,2.1,2.3,3.1,pro_learned_v4,bot_standard
2026-07-26 23:47:27,0,11.0,0,2,8,1,5,3,0,0,0.00,2,0.87,4.5,0.0,0.3,0.5,2.1,0.0,3.1,pro_optimized_v2,bot_rusher
2026-07-26 23:47:30,0,12.8,0,3,8,0,5,3,1,0,0.00,4,0.60,6.8,0.0,0.0,0.5,1.1,1.3,3.1,pro_learned_v5,bot_rusher
2026-07-26 23:47:33,0,21.9,0,1,9,2,5,3,2,1,0.68,4,2.24,5.5,0.0,0.8,5.7,1.4,2.6,4.9,pro,bot_camper
2026-07-26 23:47:37,1,16.2,1,0,8,3,2,2,2,2,2.33,4,0.84,1.0,2.9,0.5,4.6,0.5,2.9,2.9,pro_optimized_v1,bot_standard
2026-07-26 23:47:40,1,18.2,2,0,10,3,8,1,0,0,0.00,4,1.11,3.6,0.3,0.0,2.1,4.2,0.0,7.0,pro_learned_v4,bot_standard
2026-07-26 23:47:42,0,9.0,0,2,3,1,3,3,0,0,0.00,2,2.07,2.9,0.3,0.0,1.8,0.9,0.0,2.6,pro_learned_v4,bot_standard
2026-07-26 23:47:45,0,18.9,0,1,9,2,6,3,1,1,1.78,6,0.66,8.6,0.0,0.0,3.4,2.1,1.3,2.6,pro_optimized_v3,bot_camper
2026-07-26 23:47:51,1,33.0,1,0,15,3,13,2,0,0,0.00,13,1.20,4.9,0.5,0.0,10.4,4.7,0.0,11.4,pro_optimized_v1_origin,bot_rookie
2026-07-26 23:47:55,0,24.2,0,2,7,1,7,3,2,2,0.95,5,0.78,11.7,0.0,0.0,4.2,2.3,2.6,2.9,pro_learned_v5,bot_standard
2026-07-26 23:47:59,0,24.1,0,1,8,2,5,3,0,0,0.00,0,0.00,0.0,0.0,0.0,0.0,0.0,0.0,0.0,base,bot_camper
2026-07-26 23:48:02,0,14.8,0,3,6,0,3,3,2,1,3.18,3,1.32,4.9,0.0,0.3,2.9,1.0,2.6,3.1,pro_optimized_v2,bot_standard
2026-07-26 23:48:05,0,16.9,0,2,7,1,7,3,2,3,0.41,7,0.78,1.8,0.0,0.0,6.2,2.6,2.6,3.1,pro_optimized_v1,bot_slippery
2026-07-26 23:48:07,0,10.7,0,3,6,0,3,3,1,1,1.58,2,0.97,2.3,0.3,0.5,2.1,1.3,1.3,2.9,pro_optimized_v1,bot_rookie
2026-07-26 23:48:11,0,19.5,0,2,12,1,8,3,1,1,1.20,3,1.12,9.9,0.0,0.0,1.0,4.2,1.3,2.6,pro_learned_v5,bot_standard
2026-07-26 23:48:14,0,13.6,0,2,6,1,9,3,0,0,0.00,0,0.00,0.0,0.0,0.0,0.0,0.0,0.0,0.0,base,bot_standard
2026-07-26 23:48:17,0,14.4,0,3,7,0,8,3,2,0,0.00,5,1.04,1.8,0.0,0.0,2.7,3.6,3.1,3.1,pro_optimized_v1_origin,bot_slippery
2026-07-26 23:48:19,0,15.3,0,2,6,1,6,3,1,1,0.66,3,1.43,6.2,0.0,0.0,2.6,1.5,1.3,3.1,pro_optimized_v3,bot_standard
2026-07-26 23:48:22,0,13.7,0,1,7,2,3,3,1,1,3.46,2,1.04,3.1,1.6,0.5,2.3,0.8,1.3,3.1,pro_optimized_v1,bot_standard
2026-07-26 23:48:26,0,22.6,0,3,6,0,3,3,4,3,1.66,4,0.86,7.5,0.0,0.5,6.2,1.0,4.2,3.1,pro_optimized_v2,bot_camper
2026-07-26 23:48:28,0,9.2,0,2,5,1,3,3,1,1,0.92,2,0.30,2.3,0.3,0.0,1.3,0.9,1.3,2.6,pro_optimized_v1,bot_rusher
2026-07-26 23:48:34,0,37.7,0,1,12,2,9,3,6,6,2.63,9,0.74,11.2,0.0,0.3,12.3,2.6,7.8,2.6,pro_optimized_v2,bot_rookie
2026-07-26 23:48:37,0,15.0,0,1,7,2,5,3,1,1,2.12,6,0.53,3.1,0.0,0.0,2.3,1.8,2.1,4.7,pro_optimized_v1,bot_slippery
2026-07-26 23:48:41,0,18.6,0,2,4,1,5,3,0,0,0.00,8,0.68,5.2,0.3,2.1,1.8,2.0,0.0,6.8,pro,bot_camper
2026-07-26 23:48:43,0,14.2,0,1,10,2,10,3,0,0,0.00,0,0.00,0.0,0.0,0.0,0.0,0.0,0.0,0.0,base,bot_standard
2026-07-26 23:48:46,0,12.0,0,2,2,1,3,3,1,1,1.56,2,0.56,5.8,0.0,0.0,0.8,0.8,1.3,2.9,pro_learned_v5,bot_camper
2026-07-26 23:48:49,1,16.3,1,0,4,3,3,2,0,0,0.00,4,1.39,4.9,1.3,0.0,2.1,1.0,0.0,6.0,pro_optimized_v1_origin,bot_standard
2026-07-26 23:48:51,0,10.4,0,1,4,2,4,3,1,0,0.00,4,0.57,2.3,0.3,0.0,1.6,1.6,1.3,2.3,pro_optimized_v1,bot_rusher
2026-07-26 23:48:54,1,12.4,2,0,10,3,6,1,0,0,0.00,0,0.00,0.0,0.0,0.0,0.0,0.0,0.0,0.0,base,bot_standard
2026-07-26 23:48:58,1,24.9,1,0,14,3,3,2,2,1,3.00,8,0.69,4.4,0.3,0.0,1.3,1.0,2.6,14.3,pro_optimized_v1,bot_rusher
2026-07-26 23:49:02,0,19.0,0,2,7,1,8,3,3,2,1.14,2,1.06,2.6,0.0,0.0,2.3,4.4,6.0,3.1,pro_optimized_v1,bot_slippery
2026-07-26 23:49:04,0,13.5,0,3,3,0,4,3,3,2,1.80,2,1.22,5.7,0.0,0.0,0.8,1.0,2.9,3.1,pro_learned_v5,bot_camper
2026-07-26 23:49:08,0,17.5,0,3,3,0,7,3,2,3,0.42,3,1.37,7.6,0.0,0.0,2.1,2.1,2.6,3.1,pro_learned_v5,bot_camper
2026-07-26 23:49:10,1,11.6,3,0,5,3,5,0,1,0,0.00,3,0.48,5.2,0.0,0.0,2.2,1.8,1.3,0.0,pro_learned_v5,bot_camper
2026-07-26 23:49:13,0,14.0,0,2,7,1,5,3,2,1,3.00,2,0.67,6.5,0.0,0.0,1.0,1.3,1.6,3.1,pro_optimized_v3,bot_camper
2026-07-26 23:49:18,0,28.9,0,2,13,1,9,3,2,2,0.27,11,1.16,3.1,0.3,0.3,6.0,3.4,2.6,12.7,pro,bot_slippery
2026-07-26 23:49:21,1,14.2,1,0,12,3,12,2,0,0,0.00,0,0.00,0.0,0.0,0.0,0.0,0.0,0.0,0.0,base,bot_rusher
2026-07-26 23:49:23,0,12.0,0,2,7,1,11,3,0,0,0.00,0,0.00,0.0,0.0,0.0,0.0,0.0,0.0,0.0,base,bot_rusher
2026-07-26 23:49:26,0,15.6,0,2,12,1,7,3,1,1,0.40,6,0.74,5.2,0.3,0.0,2.6,2.9,1.3,2.9,pro_optimized_v3,bot_slippery
2026-07-26 23:49:29,0,12.2,0,2,4,1,7,3,0,0,0.00,0,0.00,0.0,0.0,0.0,0.0,0.0,0.0,0.0,base,bot_rookie
2026-07-26 23:49:32,0,15.1,0,2,5,1,3,3,1,2,1.47,2,0.48,8.8,0.0,0.0,0.8,0.8,1.3,2.9,pro_optimized_v3,bot_standard
2026-07-26 23:49:34,0,10.6,0,2,5,1,3,3,0,0,0.00,4,0.62,4.4,0.0,0.0,2.3,0.7,0.0,2.6,pro_learned_v4,bot_slippery
2026-07-26 23:49:38,0,19.5,0,2,6,1,4,3,0,0,0.00,12,0.56,2.9,0.0,0.0,2.3,1.0,0.0,12.7,pro_optimized_v1_origin,bot_slippery
2026-07-26 23:49:40,1,10.7,2,0,6,3,6,1,0,0,0.00,0,0.00,4.9,0.0,0.0,0.3,4.2,0.0,0.4,pro_optimized_v1_origin,bot_slippery
2026-07-26 23:49:44,1,21.3,2,0,12,3,10,1,1,0,0.00,10,0.36,2.1,0.5,0.5,0.8,6.0,1.3,9.1,pro_learned_v4,bot_slippery
2026-07-26 23:49:46,0,9.4,0,2,5,1,4,3,1,1,0.62,3,0.54,2.9,0.3,0.0,1.0,1.7,1.3,2.1,chaos,bot_standard
2026-07-26 23:49:49,0,18.6,0,1,6,2,6,3,3,4,1.47,2,0.55,7.5,0.0,0.0,1.6,1.5,3.9,3.1,pro_optimized_v3,bot_rookie
2026-07-26 23:49:52,0,11.0,0,3,0,0,6,3,0,0,0.00,5,0.42,3.1,0.0,0.0,1.3,3.7,0.0,2.9,pro_optimized_v1_origin,bot_camper
2026-07-26 23:49:57,1,32.9,1,0,13,3,7,2,4,3,0.97,5,1.22,15.9,0.0,0.5,3.4,1.8,3.3,7.0,pro_optimized_v2,bot_rusher
2026-07-26 23:49:59,1,11.1,2,0,7,3,6,1,0,0,0.00,0,0.00,0.0,0.0,0.0,0.0,0.0,0.0,0.0,base,bot_rusher
2026-07-26 23:50:02,0,15.8,0,1,6,2,4,3,2,1,1.88,4,0.88,5.7,0.0,0.0,2.6,1.0,2.6,2.9,pro_learned_v5,bot_camper
2026-07-26 23:50:06,0,18.5,0,2,8,1,10,3,0,0,0.00,0,0.00,0.0,0.0,0.0,0.0,0.0,0.0,0.0,base,bot_slippery
2026-07-26 23:50:08,0,10.2,0,2,4,1,3,3,0,0,0.00,3,1.17,4.7,0.0,0.0,1.0,0.8,0.0,3.1,pro_optimized_v2,bot_standard
2026-07-26 23:50:12,0,21.2,0,2,8,1,12,3,2,1,0.94,6,1.03,2.1,0.3,0.0,4.4,5.7,3.6,4.6,chaos,bot_camper
2026-07-26 23:50:15,0,12.9,0,1,6,2,6,3,0,0,0.00,2,1.16,4.2,0.3,0.8,0.8,3.4,0.0,2.6,pro_learned_v4,bot_slippery
2026-07-26 23:50:19,0,22.6,0,1,12,2,9,3,1,0,0.00,6,0.92,3.6,1.0,0.0,4.4,4.9,1.3,6.3,pro_optimized_v1_origin,bot_rusher
2026-07-26 23:50:22,0,16.0,0,1,4,2,6,3,1,2,0.70,3,1.68,8.1,0.0,0.0,1.0,2.2,1.3,2.6,pro_learned_v5,bot_standard
2026-07-26 23:50:25,0,15.2,0,2,6,1,8,3,0,0,0.00,0,0.00,0.0,0.0,0.0,0.0,0.0,0.0,0.0,base,bot_camper
2026-07-26 23:50:27,0,14.8,0,2,9,1,6,3,1,2,1.75,3,0.33,5.5,0.0,0.0,2.1,2.3,1.3,3.1,chaos,bot_slippery
2026-07-26 23:50:32,0,27.7,0,1,8,2,5,3,1,2,1.51,7,0.97,4.7,0.0,1.0,10.7,1.5,1.3,7.5,chaos,bot_camper
2026-07-26 23:50:36,0,21.5,0,1,10,2,5,3,1,1,1.78,7,0.96,3.1,0.3,0.0,7.3,2.6,1.3,6.0,pro_optimized_v1,bot_rookie
2026-07-26 23:50:39,0,18.7,0,2,9,1,8,3,0,0,0.00,6,1.05,4.2,0.0,0.0,4.4,3.7,0.0,6.0,pro_optimized_v1_origin,bot_standard
2026-07-26 23:50:43,0,19.5,0,3,10,0,8,3,0,0,0.00,6,1.03,3.6,0.0,0.0,2.9,4.6,0.0,8.3,pro_optimized_v1_origin,bot_slippery
2026-07-26 23:50:45,0,13.2,0,3,4,0,4,3,2,2,1.47,3,1.33,3.4,1.0,0.0,1.8,1.2,2.6,3.1,pro_learned_v5,bot_camper
2026-07-26 23:50:49,0,20.9,0,1,7,2,7,3,3,4,0.58,4,0.66,8.1,0.0,0.5,2.9,2.3,2.7,3.4,pro_optimized_v2,bot_camper
2026-07-26 23:50:52,0,11.2,0,3,3,0,5,3,0,0,0.00,5,0.90,2.6,1.6,0.0,1.8,2.1,0.0,3.1,pro_optimized_v1_origin,bot_standard
2026-07-26 23:50:54,0,10.1,0,3,4,0,4,3,1,0,0.00,5,0.45,3.4,0.0,0.0,1.6,1.3,1.3,2.6,pro_optimized_v1,bot_rookie
2026-07-26 23:50:57,0,14.1,0,2,5,1,3,3,2,2,0.97,4,0.65,6.2,0.0,0.0,1.0,0.6,2.6,3.1,pro_learned_v5,bot_rusher
2026-07-26 23:51:00,0,14.1,0,1,6,2,4,3,1,1,0.86,5,0.61,5.5,0.0,0.0,2.6,1.1,1.3,2.9,pro_learned_v5,bot_rookie
2026-07-26 23:51:03,0,15.6,0,2,9,1,7,3,2,1,0.74,3,0.61,4.4,0.8,0.0,1.3,2.9,2.6,3.1,pro_learned_v5,bot_standard
2026-07-26 23:51:06,0,17.6,0,3,3,0,3,3,0,0,0.00,3,0.87,11.2,1.0,0.5,0.7,1.0,0.0,3.1,pro_learned_v4,bot_rusher
2026-07-26 23:51:09,1,17.2,2,0,12,3,1,1,0,0,0.00,8,0.82,2.6,0.0,0.3,2.3,0.3,0.0,10.8,pro,bot_rusher
2026-07-26 23:51:12,0,16.9,0,1,10,2,18,3,0,0,0.00,0,0.00,0.0,0.0,0.0,0.0,0.0,0.0,0.0,base,bot_rusher
2026-07-26 23:51:16,0,17.7,0,1,6,2,3,3,2,0,0.00,4,1.98,3.6,0.3,0.0,4.9,1.3,1.4,5.2,chaos,bot_rookie
2026-07-26 23:51:19,1,22.5,1,0,10,3,6,2,1,1,0.76,6,0.77,13.0,0.0,0.3,2.1,1.5,1.3,3.4,pro_optimized_v2,bot_rusher
2026-07-26 23:51:24,1,28.4,2,0,18,3,5,1,1,0,0.00,15,0.64,6.2,0.0,1.0,1.8,2.6,1.6,14.2,chaos,bot_slippery
2026-07-26 23:51:27,0,14.1,0,2,6,1,5,3,2,3,0.83,2,0.76,7.1,0.0,0.0,1.3,1.3,1.6,2.3,pro_optimized_v3,bot_standard
2026-07-26 23:51:29,0,8.4,0,2,5,1,3,3,0,0,0.00,3,0.53,2.9,0.3,0.0,0.8,0.6,0.0,3.4,pro_learned_v4,bot_rusher
2026-07-26 23:51:32,0,14.2,0,2,6,1,5,3,0,0,0.00,3,2.16,1.3,1.0,0.0,5.2,2.5,0.0,3.6,pro_optimized_v1_origin,bot_rookie
2026-07-26 23:51:35,0,12.2,0,3,0,0,6,3,0,0,0.00,0,0.00,0.0,0.0,0.0,0.0,0.0,0.0,0.0,base,bot_camper
2026-07-26 23:51:38,1,17.7,2,0,13,3,3,1,3,1,5.96,3,0.80,7.0,0.0,0.5,4.2,0.8,2.7,1.6,pro_optimized_v2,bot_slippery
2026-07-26 23:51:41,0,14.8,0,2,5,1,6,3,2,1,0.24,3,1.23,4.7,0.0,0.0,1.6,2.9,1.3,3.9,pro_optimized_v1,bot_rookie
2026-07-26 23:51:44,1,18.6,1,0,13,3,7,2,1,1,2.70,6,0.64,1.3,1.0,0.0,3.9,2.3,1.6,7.4,pro_optimized_v1_origin,bot_standard
2026-07-26 23:51:48,0,21.4,0,2,15,1,11,3,1,1,1.96,7,0.97,3.1,0.3,0.0,4.2,6.2,1.3,5.9,pro_learned_v4,bot_standard
2026-07-26 23:51:51,0,14.9,0,3,6,0,5,3,0,0,0.00,3,0.53,8.9,0.3,0.0,0.5,2.3,0.0,2.9,pro_optimized_v3,bot_slippery
2026-07-26 23:51:54,0,16.3,0,2,4,1,4,3,2,3,0.54,2,1.53,7.0,0.0,0.0,1.8,1.3,2.6,3.1,pro_optimized_v3,bot_camper
2026-07-26 23:51:58,1,22.6,1,0,8,3,4,2,1,1,2.72,3,0.62,11.4,0.0,1.3,3.1,1.1,1.3,3.4,pro_optimized_v2,bot_rusher
2026-07-26 23:52:04,0,36.9,0,1,6,2,5,3,1,1,0.96,5,1.38,21.9,0.0,1.0,7.3,1.3,1.3,3.1,pro_optimized_v2,bot_standard
2026-07-26 23:52:07,1,22.5,2,0,16,3,4,1,0,0,0.00,9,0.78,4.2,0.0,0.0,1.0,1.4,0.0,14.8,pro_optimized_v1_origin,bot_rusher
2026-07-26 23:52:10,0,11.9,0,3,5,0,5,3,1,0,0.00,5,0.76,4.2,0.0,0.0,2.1,1.3,1.3,3.1,pro_learned_v5,bot_standard
2026-07-26 23:52:13,1,14.8,1,0,9,3,6,2,0,0,0.00,4,1.22,1.8,1.6,0.0,2.6,2.6,0.0,5.3,pro_optimized_v1_origin,bot_slippery
2026-07-26 23:52:15,0,11.4,0,3,4,0,3,3,1,1,0.80,4,0.67,5.5,0.0,0.0,1.0,0.8,1.3,2.9,pro_learned_v5,bot_rookie
2026-07-26 23:52:18,0,10.2,0,2,8,1,8,3,0,0,0.00,0,0.00,0.0,0.0,0.0,0.0,0.0,0.0,0.0,base,bot_rusher
2026-07-26 23:52:22,0,24.5,0,1,14,2,8,3,3,3,2.13,6,0.52,3.6,1.6,0.0,3.6,2.9,4.2,7.7,chaos,bot_standard
2026-07-26 23:52:25,1,17.4,1,0,9,3,6,2,2,1,0.48,3,1.13,7.0,0.0,0.0,1.8,2.1,2.6,2.9,pro_optimized_v3,bot_rusher
2026-07-26 23:52:29,0,19.3,0,2,5,1,3,3,2,1,2.02,2,1.01,8.3,0.0,0.0,2.6,1.1,3.1,3.6,chaos,bot_rookie
2026-07-26 23:52:31,0,10.5,0,3,3,0,4,3,0,0,0.00,3,0.79,3.4,0.0,2.1,0.3,1.7,0.0,3.1,chaos,bot_camper
2026-07-26 23:52:35,0,21.9,0,2,7,1,7,3,1,0,0.00,6,0.92,10.7,0.0,0.0,4.3,2.1,1.3,3.1,pro_learned_v5,bot_camper
2026-07-26 23:52:37,1,9.8,1,0,6,3,3,2,0,0,0.00,5,0.54,2.1,1.0,0.0,1.8,0.8,0.0,3.1,pro_optimized_v1_origin,bot_rusher
2026-07-26 23:52:40,0,16.8,0,2,6,1,7,3,3,3,0.82,5,0.70,4.9,0.0,0.0,2.6,2.0,3.9,2.9,pro_learned_v5,bot_rookie
2026-07-26 23:52:43,0,12.1,0,2,5,1,5,3,0,0,0.00,5,0.69,2.9,0.5,0.0,1.6,2.6,0.0,4.2,pro_learned_v4,bot_camper
2026-07-26 23:52:46,1,18.8,1,0,9,3,5,2,2,2,0.37,8,0.77,3.4,0.0,0.0,4.9,1.6,2.9,5.1,pro_optimized_v1,bot_slippery
2026-07-26 23:52:49,0,13.2,0,2,5,1,3,3,1,2,0.82,2,0.90,6.0,0.0,0.0,2.3,0.5,1.3,2.6,pro_optimized_v1,bot_rusher
2026-07-26 23:52:52,0,13.5,0,2,6,1,5,3,0,0,0.00,4,0.74,3.1,0.5,0.0,2.3,2.1,0.0,4.9,pro_learned_v4,bot_standard
2026-07-26 23:52:54,0,8.0,0,2,6,1,3,3,0,0,0.00,3,0.73,3.6,0.0,0.0,0.3,1.0,0.0,2.6,pro_optimized_v1_origin,bot_rusher
2026-07-26 23:52:58,1,27.9,1,0,12,3,3,2,2,1,2.70,14,0.82,3.9,0.0,0.8,2.1,1.3,2.4,16.4,chaos,bot_slippery
2026-07-26 23:53:02,1,19.9,1,0,8,3,2,2,2,2,1.07,12,0.50,0.8,0.3,2.1,1.0,0.5,2.6,11.7,pro,bot_camper
2026-07-26 23:53:05,0,15.2,0,2,7,1,9,3,1,0,0.00,6,0.96,1.6,0.0,0.0,3.4,4.8,1.3,3.6,pro_learned_v4,bot_slippery
2026-07-26 23:53:08,0,14.3,0,2,9,1,4,3,0,0,0.00,5,1.59,1.3,0.0,0.8,5.5,1.3,0.0,4.9,chaos,bot_standard
2026-07-26 23:53:10,0,8.4,0,2,5,1,4,3,0,0,0.00,2,1.06,2.6,0.8,0.0,1.0,0.9,0.0,2.6,pro_optimized_v1_origin,bot_rusher
2026-07-26 23:53:13,1,12.7,2,0,8,3,4,1,2,2,1.02,3,0.96,4.9,0.0,0.0,2.1,1.3,1.8,1.6,pro_optimized_v3,bot_slippery
2026-07-26 23:53:15,1,9.6,1,0,5,3,5,2,0,0,0.00,0,0.00,0.0,0.0,0.0,0.0,0.0,0.0,0.0,base,bot_rusher
2026-07-26 23:53:18,1,14.5,1,0,6,3,2,2,0,0,0.00,6,0.96,2.9,0.0,1.0,1.0,0.5,0.0,8.1,pro,bot_standard
2026-07-26 23:53:21,1,16.6,1,0,6,3,3,2,1,1,3.50,1,3.44,7.3,0.0,0.0,2.6,1.3,1.3,3.1,pro_optimized_v3,bot_rusher
2026-07-26 23:53:25,1,26.0,1,0,12,3,4,2,2,2,3.53,2,0.71,9.6,0.8,2.9,0.0,1.6,2.6,7.5,chaos,bot_slippery
2026-07-26 23:53:28,0,11.9,0,2,6,1,8,3,0,0,0.00,0,0.00,0.0,0.0,0.0,0.0,0.0,0.0,0.0,base,bot_standard
2026-07-26 23:53:30,0,11.7,0,2,8,1,4,3,1,2,1.12,3,1.65,1.1,1.0,0.0,3.6,1.0,1.3,3.1,pro_learned_v5,bot_camper
2026-07-26 23:53:33,0,12.6,0,2,6,1,7,3,1,1,0.86,2,1.53,4.9,0.0,0.0,0.8,2.0,1.3,3.1,pro_optimized_v3,bot_rusher
2026-07-26 23:53:37,1,22.7,1,0,11,3,8,2,0,0,0.00,6,1.18,5.2,0.5,0.8,3.1,4.2,0.0,7.9,pro_optimized_v1,bot_rookie
2026-07-26 23:53:39,0,11.2,0,3,5,0,4,3,0,0,0.00,4,1.06,3.1,0.8,0.0,2.9,1.6,0.0,2.9,pro_optimized_v1_origin,bot_rookie
2026-07-26 23:53:43,0,19.0,0,2,7,1,7,3,2,1,2.02,7,0.37,7.0,0.0,0.0,3.6,2.3,2.6,2.9,pro_optimized_v3,bot_standard
2026-07-26 23:53:46,0,15.3,0,2,5,1,4,3,0,0,0.00,5,1.66,2.9,0.0,0.8,3.4,1.5,0.0,6.2,pro,bot_rookie
2026-07-26 23:53:49,0,19.5,0,3,2,0,4,3,2,0,0.00,3,1.13,13.3,0.0,0.0,0.5,1.0,1.5,3.1,pro_optimized_v3,bot_standard
2026-07-26 23:53:52,0,11.9,0,3,3,0,4,3,1,0,0.00,3,1.30,3.6,0.3,0.0,2.3,1.0,1.6,3.1,pro_optimized_v1,bot_camper
2026-07-26 23:53:56,1,23.9,2,0,11,3,5,1,2,2,0.72,5,1.17,6.2,0.0,0.8,3.4,2.3,4.2,6.0,pro_optimized_v1,bot_camper
2026-07-26 23:53:59,0,15.1,0,1,7,2,5,3,1,1,0.50,1,2.42,6.8,1.3,0.0,1.3,1.9,1.3,1.6,pro_optimized_v1,bot_rusher
2026-07-26 23:54:02,0,16.5,0,3,6,0,8,3,0,0,0.00,3,1.29,5.3,1.3,0.8,1.3,3.9,0.0,3.9,chaos,bot_camper
2026-07-26 23:54:05,0,11.9,0,2,4,1,4,3,1,1,2.20,3,0.81,3.4,1.6,0.0,1.0,1.3,1.3,2.9,chaos,bot_standard
2026-07-26 23:54:07,0,14.3,0,1,5,2,6,3,0,0,0.00,6,0.96,1.8,0.5,0.0,3.6,2.9,0.0,4.4,pro_optimized_v1_origin,bot_rookie
2026-07-26 23:54:10,0,11.5,0,3,6,0,5,3,0,0,0.00,2,2.02,1.6,0.0,0.0,3.6,2.7,0.0,3.6,pro_optimized_v1,bot_camper
2026-07-26 23:54:15,1,29.6,1,0,14,3,8,2,3,5,1.18,9,0.74,11.2,0.0,0.5,7.5,2.6,3.9,2.9,pro_optimized_v2,bot_standard
2026-07-26 23:54:18,0,17.5,0,2,13,1,11,3,0,0,0.00,2,1.10,8.6,0.0,0.0,1.6,4.3,0.0,2.6,pro_learned_v5,bot_rusher
2026-07-26 23:54:21,0,13.7,0,1,4,2,4,3,0,0,0.00,4,0.89,5.7,0.3,0.0,1.8,1.8,0.0,3.4,pro_learned_v4,bot_camper
2026-07-26 23:54:24,1,17.6,1,0,9,3,4,2,2,1,1.82,4,0.96,5.2,0.0,0.0,3.4,1.7,2.9,3.4,pro_optimized_v1,bot_rusher
2026-07-26 23:54:27,0,17.4,0,1,5,2,3,3,0,0,0.00,3,1.35,9.4,0.5,0.0,3.4,0.6,0.0,2.6,pro_optimized_v1_origin,bot_rookie
2026-07-26 23:54:31,0,21.4,0,3,4,0,3,3,2,2,2.05,2,1.85,11.2,0.0,0.3,3.4,0.8,2.6,3.1,pro,bot_rookie
2026-07-26 23:54:33,0,9.9,0,3,4,0,3,3,1,1,0.84,2,0.48,4.9,0.0,0.0,0.8,1.0,1.3,1.8,chaos,bot_standard
2026-07-26 23:54:37,0,16.9,0,3,6,0,4,3,2,2,0.39,4,1.43,7.5,0.0,0.0,2.9,1.3,2.6,2.6,pro_optimized_v2,bot_camper
2026-07-26 23:54:40,1,20.0,1,0,11,3,4,2,2,2,1.07,6,0.72,8.1,0.0,0.3,4.4,1.3,2.1,2.9,pro_optimized_v2,bot_standard
2026-07-26 23:54:44,0,20.6,0,1,10,2,6,3,2,2,1.01,5,0.81,9.1,0.0,0.3,3.4,2.2,2.6,2.1,pro_optimized_v2,bot_rusher
2026-07-26 23:54:50,1,37.8,1,0,17,3,9,2,2,3,1.23,10,1.14,9.4,1.0,0.0,3.4,3.9,3.6,15.5,pro_optimized_v1,bot_rookie
2026-07-26 23:54:52,1,14.4,2,0,9,3,5,1,0,0,0.00,4,1.27,2.6,0.0,0.0,2.1,2.8,0.0,6.0,pro_learned_v4,bot_rookie
2026-07-26 23:54:56,1,20.5,1,0,5,3,2,2,2,2,0.84,2,0.99,13.0,0.0,0.0,1.0,0.5,1.8,3.1,pro_optimized_v3,bot_rusher
2026-07-26 23:54:59,0,18.3,0,1,8,2,3,3,3,3,1.13,3,0.51,7.0,0.0,0.0,3.6,0.5,3.9,2.6,pro_optimized_v3,bot_rookie
2026-07-26 23:55:02,0,11.7,0,1,6,2,5,3,0,0,0.00,4,1.06,2.1,0.0,0.5,3.6,2.1,0.0,2.3,pro_learned_v4,bot_slippery
2026-07-26 23:55:06,0,21.4,0,1,9,2,8,3,1,0,0.00,4,2.17,3.6,0.0,0.3,2.3,4.1,1.3,8.8,pro_optimized_v1,bot_rookie
2026-07-26 23:55:08,0,9.8,0,3,5,0,5,3,1,1,0.46,3,0.71,2.6,0.0,0.8,0.0,1.2,1.3,3.9,pro_optimized_v2,bot_rusher
2026-07-26 23:55:11,0,15.6,0,2,6,1,4,3,1,2,0.76,4,0.74,2.1,0.3,0.3,2.9,1.8,2.6,5.2,pro,bot_standard
2026-07-26 23:55:14,0,18.2,0,1,8,2,8,3,2,2,0.85,7,0.45,7.5,0.0,0.0,1.8,2.4,2.6,2.9,pro_learned_v5,bot_standard
2026-07-26 23:55:17,0,12.0,0,2,4,1,5,3,1,2,0.73,4,0.66,4.2,0.0,0.0,2.1,1.4,1.3,2.6,pro_optimized_v1,bot_camper
2026-07-26 23:55:20,0,13.4,0,2,5,1,3,3,0,0,0.00,3,1.13,7.8,0.3,0.0,1.0,0.7,0.0,3.1,chaos,bot_rusher
2026-07-26 23:55:22,0,11.5,0,2,4,1,3,3,1,1,0.34,3,0.78,4.4,0.0,0.8,0.8,1.1,1.3,2.6,pro_optimized_v1,bot_camper
2026-07-26 23:55:26,1,21.8,2,0,4,3,2,1,2,2,0.94,2,0.99,16.1,0.0,0.0,1.0,0.5,1.8,1.3,pro_learned_v5,bot_slippery
2026-07-26 23:55:29,0,12.5,0,2,5,1,4,3,0,0,0.00,4,1.02,4.4,1.3,0.0,1.6,1.3,0.0,3.4,pro_optimized_v1_origin,bot_standard
2026-07-26 23:55:32,1,19.7,2,0,10,3,3,1,3,3,1.89,4,0.82,6.2,0.0,0.0,4.9,1.3,2.6,3.6,chaos,bot_slippery
2026-07-26 23:55:34,0,10.1,0,3,4,0,3,3,0,0,0.00,4,0.59,4.7,0.0,0.0,1.0,0.5,0.0,3.9,pro_optimized_v1_origin,bot_rusher
2026-07-26 23:55:39,0,29.8,0,2,11,1,23,3,0,0,0.00,0,0.00,0.0,0.0,0.0,0.0,0.0,0.0,0.0,base,bot_standard
2026-07-26 23:55:43,0,17.4,0,3,12,0,7,3,1,2,0.83,3,1.81,1.3,4.2,0.0,4.2,3.2,1.3,3.4,pro_optimized_v1,bot_slippery
2026-07-26 23:55:47,1,23.2,1,0,8,3,5,2,1,2,0.40,7,1.14,7.3,0.0,0.8,2.9,1.1,1.3,8.8,pro,bot_camper
2026-07-26 23:55:51,0,26.5,0,2,12,1,10,3,3,3,1.59,7,1.35,4.2,0.5,1.8,8.6,3.6,3.9,3.4,pro_optimized_v2,bot_rookie
2026-07-26 23:55:56,0,29.3,0,2,6,1,5,3,3,1,2.04,4,1.54,15.6,0.0,0.0,4.9,1.6,3.9,2.9,pro_learned_v5,bot_rookie
2026-07-26 23:55:59,0,19.0,0,2,9,1,9,3,0,0,0.00,5,1.98,1.8,0.5,0.0,8.8,4.2,0.0,3.1,pro_optimized_v1_origin,bot_camper
2026-07-26 23:56:02,0,18.4,0,1,9,2,5,3,0,0,0.00,6,1.38,3.6,0.0,1.0,1.0,2.6,0.0,9.1,pro,bot_rusher
2026-07-26 23:56:05,1,8.6,3,0,5,3,2,0,0,0,0.00,0,0.00,6.8,0.0,0.0,0.3,0.5,0.0,0.0,pro_learned_v5,bot_rookie
2026-07-26 23:56:07,0,11.5,0,3,1,0,5,3,0,0,0.00,3,1.06,4.4,0.8,0.8,0.6,2.1,0.0,2.9,pro_learned_v4,bot_camper
2026-07-26 23:56:10,0,15.8,0,3,4,0,6,3,2,2,0.55,4,1.01,6.8,0.3,0.0,1.3,1.8,2.6,3.1,pro_optimized_v3,bot_standard
2026-07-26 23:56:15,1,32.3,1,0,10,3,4,2,2,2,3.26,9,1.30,4.9,0.5,1.6,5.2,1.7,2.6,14.8,pro,bot_slippery
2026-07-26 23:56:18,0,15.9,0,3,3,0,5,3,2,1,1.06,4,0.99,7.0,0.0,0.0,2.1,1.3,2.6,2.9,pro_optimized_v3,bot_rookie
2026-07-26 23:56:21,0,14.3,0,2,3,1,3,3,0,0,0.00,5,0.74,6.0,0.8,0.8,2.4,1.0,0.0,2.9,pro_learned_v4,bot_camper
2026-07-26 23:56:24,0,14.8,0,3,4,0,5,3,0,0,0.00,3,1.25,8.3,0.0,0.0,0.8,2.6,0.0,3.1,pro_learned_v4,bot_rookie
2026-07-26 23:56:27,0,13.4,0,1,8,2,5,3,1,1,1.12,4,0.72,2.9,1.8,0.3,1.6,1.7,1.3,2.9,pro_optimized_v1,bot_standard
2026-07-26 23:56:31,0,23.0,0,1,12,2,10,3,3,4,1.25,7,0.30,5.7,0.0,0.3,4.2,4.0,3.9,3.9,pro_optimized_v2,bot_slippery
2026-07-26 23:56:33,1,11.1,2,0,10,3,6,1,0,0,0.00,2,0.96,1.3,0.8,0.0,3.4,3.3,0.0,1.3,pro_optimized_v1,bot_slippery
2026-07-26 23:56:36,1,12.0,2,0,5,3,4,1,0,0,0.00,4,0.81,6.0,0.0,0.0,2.3,1.1,0.0,1.6,pro_learned_v5,bot_standard
2026-07-26 23:56:39,0,19.0,0,1,14,2,7,3,3,3,0.85,4,1.33,4.9,0.0,1.3,3.1,3.1,2.6,2.9,pro_optimized_v2,bot_standard
2026-07-26 23:56:42,1,15.8,1,0,8,3,6,2,2,1,0.86,4,1.02,3.4,0.0,0.0,3.6,2.6,2.6,2.6,pro_learned_v5,bot_rookie
2026-07-26 23:56:45,0,15.9,0,2,5,1,4,3,2,2,1.24,3,0.93,7.3,0.0,0.0,2.1,1.6,1.4,3.1,pro_learned_v5,bot_rookie
2026-07-26 23:56:48,1,15.4,1,0,6,3,3,2,2,2,0.55,3,1.23,2.3,1.8,0.5,1.8,1.0,2.4,4.4,chaos,bot_standard
2026-07-26 23:56:51,0,13.3,0,3,5,0,9,3,0,0,0.00,0,0.00,0.0,0.0,0.0,0.0,0.0,0.0,0.0,base,bot_camper
2026-07-26 23:56:55,0,18.6,0,1,8,2,5,3,0,0,0.00,7,0.95,5.5,0.3,0.0,5.5,1.8,0.0,4.7,pro_optimized_v1_origin,bot_slippery
2026-07-26 23:56:57,0,11.5,0,3,7,0,4,3,1,0,0.00,3,0.87,5.7,0.0,0.0,0.3,1.3,1.3,2.9,pro_learned_v5,bot_rusher
2026-07-26 23:57:02,1,29.4,2,0,15,3,7,1,0,0,0.00,13,0.83,3.4,3.6,0.0,2.6,3.9,0.0,14.8,pro_optimized_v1_origin,bot_rookie
2026-07-26 23:57:06,1,26.9,1,0,14,3,7,2,0,0,0.00,11,0.93,6.0,0.3,0.0,6.5,3.0,0.0,10.1,pro_optimized_v1_origin,bot_slippery
2026-07-26 23:57:08,0,9.4,0,3,4,0,3,3,0,0,0.00,5,0.84,1.8,0.5,0.0,2.7,1.3,0.0,3.1,pro_optimized_v1_origin,bot_camper
2026-07-26 23:57:11,0,10.9,0,3,0,0,7,3,0,0,0.00,5,0.51,3.6,0.0,0.0,1.3,2.6,0.0,3.4,pro_optimized_v1_origin,bot_camper
2026-07-26 23:57:15,0,21.5,0,2,3,1,5,3,3,3,0.75,5,1.56,6.2,0.0,1.3,6.0,1.5,2.9,3.1,pro_optimized_v2,bot_camper
2026-07-26 23:57:17,0,12.5,0,1,4,2,5,3,1,1,2.70,2,0.26,5.5,0.0,0.0,0.3,1.6,1.3,2.9,pro_optimized_v3,bot_slippery
2026-07-26 23:57:20,0,13.6,0,3,11,0,5,3,0,0,0.00,3,1.76,1.6,2.6,0.0,4.2,2.1,0.0,3.1,pro_learned_v4,bot_standard
2026-07-26 23:57:23,0,17.7,0,2,3,1,3,3,0,0,0.00,2,1.77,12.2,0.0,0.0,1.1,0.8,0.0,3.1,pro_optimized_v3,bot_standard
2026-07-26 23:57:26,0,11.4,0,3,3,0,4,3,1,1,3.00,2,1.06,2.9,0.0,0.5,2.3,1.3,1.3,3.1,pro_optimized_v2,bot_rookie
2026-07-26 23:57:29,0,18.6,0,3,4,0,4,3,1,1,2.34,6,1.24,3.1,0.0,0.3,3.4,1.2,1.3,9.4,chaos,bot_camper
2026-07-26 23:57:32,0,13.0,0,2,5,1,5,3,1,1,0.92,3,1.00,5.2,0.0,0.0,1.0,1.8,1.3,3.1,pro_optimized_v3,bot_slippery
2026-07-26 23:57:34,0,11.7,0,2,5,1,4,3,2,0,0.00,5,0.58,3.4,0.0,0.0,1.3,0.8,2.6,3.1,pro_learned_v5,bot_rusher
2026-07-26 23:57:40,0,33.3,0,2,9,1,4,3,0,0,0.00,14,0.68,13.0,0.5,1.6,0.8,1.4,0.0,15.6,pro,bot_camper
2026-07-26 23:57:43,0,19.4,0,1,15,2,7,3,0,0,0.00,6,1.33,2.3,1.0,1.0,7.3,3.4,0.0,3.4,pro_learned_v4,bot_slippery
2026-07-26 23:57:47,0,18.1,0,2,7,1,3,3,2,4,0.64,7,0.61,3.9,0.0,0.2,1.0,0.8,3.9,7.8,pro,bot_slippery
2026-07-26 23:57:49,0,12.5,0,1,7,2,4,3,0,0,0.00,4,0.71,2.3,1.8,0.8,1.3,1.9,0.0,3.4,pro_learned_v4,bot_slippery
2026-07-26 23:57:52,0,11.3,0,2,5,1,3,3,2,2,1.17,1,2.16,4.9,0.0,0.0,0.5,0.6,1.6,3.1,pro_optimized_v3,bot_standard
2026-07-26 23:57:55,0,21.9,0,1,7,2,6,3,1,1,0.82,4,1.33,10.1,0.0,0.3,0.8,2.7,1.3,5.7,pro,bot_rusher
2026-07-26 23:58:00,0,23.8,0,1,13,2,5,3,2,1,2.34,11,0.80,1.8,0.3,0.0,5.2,1.7,2.6,11.2,pro,bot_rusher
2026-07-26 23:58:02,0,13.5,0,2,9,1,6,3,0,0,0.00,6,0.62,2.1,1.6,0.3,3.4,2.9,0.0,2.9,pro_learned_v4,bot_rookie
2026-07-26 23:58:04,0,8.4,0,2,3,1,3,3,0,0,0.00,4,1.01,0.5,2.1,0.0,1.6,0.6,0.0,3.1,pro_learned_v4,bot_rusher
2026-07-26 23:58:09,0,24.2,0,2,10,1,10,3,2,7,1.15,0,0.00,3.1,0.0,0.0,2.6,5.3,2.3,10.4,pro_learned_v4,bot_rusher
2026-07-26 23:58:11,1,8.8,3,0,7,3,3,0,1,1,0.62,0,0.00,3.9,0.0,0.3,0.0,1.8,1.8,0.0,pro_optimized_v1,bot_standard
2026-07-26 23:58:14,0,17.7,0,1,6,2,4,3,1,0,0.00,5,1.30,3.4,0.0,0.0,5.7,1.3,1.3,4.9,pro_optimized_v1,bot_rookie
2026-07-26 23:58:18,0,23.9,0,3,4,0,3,3,2,1,2.62,3,1.40,14.8,0.0,0.5,2.1,0.8,2.6,3.1,pro_optimized_v2,bot_rookie
2026-07-26 23:58:21,0,19.0,0,3,4,0,4,3,1,1,1.48,8,0.54,6.8,0.3,0.0,2.3,1.3,1.3,7.0,pro_learned_v4,bot_camper
2026-07-26 23:58:25,1,17.3,1,0,7,3,4,2,0,0,0.00,2,0.64,10.1,0.0,0.0,0.8,2.1,0.0,3.3,pro_optimized_v1_origin,bot_rusher
2026-07-26 23:58:29,0,22.4,0,1,5,2,3,3,2,1,1.56,5,0.90,12.8,0.0,0.0,2.6,0.8,2.6,2.6,pro_learned_v5,bot_camper
2026-07-26 23:58:33,0,26.8,0,1,15,2,14,3,4,4,1.16,5,0.79,7.5,0.0,0.0,4.5,6.0,5.2,2.6,pro_optimized_v3,bot_rookie
2026-07-26 23:58:36,0,17.2,0,2,5,1,4,3,0,0,0.00,5,1.32,7.0,0.0,0.3,5.2,1.1,0.0,3.1,pro_optimized_v2,bot_rusher
2026-07-26 23:58:39,0,15.1,0,2,5,1,3,3,2,1,0.90,2,1.76,5.7,0.0,0.0,3.4,0.6,2.6,2.6,pro_learned_v5,bot_rookie
2026-07-26 23:58:42,0,13.8,0,3,6,0,5,3,1,1,2.76,3,0.78,6.0,0.0,0.0,2.1,1.5,1.3,2.9,pro_optimized_v3,bot_rookie
2026-07-26 23:58:44,0,11.4,0,2,4,1,4,3,2,1,2.14,2,0.65,4.9,0.0,0.0,0.5,1.2,1.6,3.1,pro_optimized_v2,bot_rusher
2026-07-26 23:58:48,0,23.4,0,3,5,0,11,3,2,2,1.29,5,1.30,5.5,0.5,0.0,3.1,6.2,2.9,5.2,pro_optimized_v1,bot_rookie
2026-07-26 23:58:51,0,12.5,0,2,4,1,7,3,0,0,0.00,0,0.00,0.0,0.0,0.0,0.0,0.0,0.0,0.0,base,bot_rookie
2026-07-26 23:58:55,0,24.8,0,2,10,1,11,3,0,0,0.00,8,1.18,2.9,0.8,0.0,5.5,5.9,0.0,9.4,pro_optimized_v1_origin,bot_rookie
2026-07-26 23:58:58,0,9.3,0,3,4,0,4,3,0,0,0.00,2,1.14,3.1,0.0,0.0,1.8,1.3,0.0,3.1,pro_optimized_v1_origin,bot_rookie
2026-07-26 23:59:00,0,9.8,0,2,2,1,3,3,1,2,0.81,5,0.35,3.9,0.0,0.0,0.8,0.7,1.3,3.1,pro_learned_v5,bot_camper
2026-07-26 23:59:02,0,11.9,0,3,3,0,4,3,1,2,0.71,4,0.51,5.2,0.0,0.0,1.3,1.0,1.3,3.1,pro_optimized_v3,bot_camper
2026-07-26 23:59:05,0,13.2,0,2,6,1,5,3,0,0,0.00,7,0.71,3.1,0.0,1.0,2.1,1.3,0.0,5.1,chaos,bot_camper
2026-07-26 23:59:08,0,12.8,0,3,8,0,6,3,0,0,0.00,7,0.54,3.4,0.0,0.0,2.9,3.1,0.0,3.4,pro_learned_v4,bot_slippery
2026-07-26 23:59:11,0,15.8,0,2,5,1,3,3,2,1,0.54,6,0.54,5.5,0.0,0.0,2.3,0.7,2.6,4.2,pro_optimized_v1,bot_camper
2026-07-26 23:59:14,0,17.1,0,1,7,2,9,3,1,0,0.00,4,1.10,3.4,0.0,0.5,1.6,5.7,1.3,3.6,pro,bot_rookie
2026-07-26 23:59:17,0,16.3,0,1,6,2,13,3,0,0,0.00,0,0.00,0.0,0.0,0.0,0.0,0.0,0.0,0.0,base,bot_standard
2026-07-26 23:59:20,0,16.4,0,2,5,1,3,3,2,3,0.67,2,0.49,9.9,0.0,0.0,0.5,1.1,1.6,2.9,pro_learned_v5,bot_rookie
2026-07-26 23:59:23,0,13.3,0,2,3,1,4,3,0,0,0.00,0,0.00,0.0,0.0,0.0,0.0,0.0,0.0,0.0,base,bot_rookie
2026-07-26 23:59:26,0,15.0,0,1,6,2,6,3,1,1,3.28,1,2.68,3.1,0.0,0.8,1.8,3.4,1.3,3.6,pro,bot_rookie
2026-07-26 23:59:30,0,26.8,0,1,8,2,8,3,4,3,1.29,5,1.56,9.1,0.0,0.0,7.5,2.1,4.2,2.9,pro_optimized_v2,bot_rookie
2026-07-26 23:59:34,0,19.9,0,1,9,2,5,3,1,1,0.82,2,2.30,10.1,0.3,0.0,2.6,1.5,1.3,3.1,pro_optimized_v3,bot_standard
2026-07-26 23:59:38,0,20.9,0,3,10,0,7,3,2,4,1.22,5,1.18,4.7,0.0,1.3,6.2,3.0,2.6,3.1,pro_optimized_v2,bot_slippery
2026-07-26 23:59:41,0,18.7,0,3,3,0,3,3,0,0,0.00,3,1.35,12.2,1.0,0.0,1.0,1.3,0.0,3.1,pro_optimized_v1_origin,bot_rookie
2026-07-26 23:59:44,0,11.2,0,1,6,2,7,3,0,0,0.00,0,0.00,0.0,0.0,0.0,0.0,0.0,0.0,0.0,base,bot_slippery
2026-07-26 23:59:47,0,18.1,0,3,5,0,4,3,3,4,1.10,1,1.24,9.1,0.0,0.0,2.3,1.2,2.9,2.6,pro_optimized_v3,bot_rookie
2026-07-26 23:59:49,0,11.5,0,2,3,1,7,3,0,0,0.00,0,0.00,0.0,0.0,0.0,0.0,0.0,0.0,0.0,base,bot_standard
2026-07-26 23:59:54,1,31.2,1,0,14,3,4,2,1,1,2.56,11,1.28,4.2,0.0,1.3,4.2,1.3,1.6,17.7,pro,bot_rusher
2026-07-26 23:59:57,0,15.9,0,3,6,0,7,3,2,3,1.67,2,0.74,3.1,0.8,0.0,2.6,3.4,2.9,3.1,chaos,bot_rusher
2026-07-27 00:00:02,0,27.9,0,2,14,1,12,3,1,2,0.60,9,1.22,3.9,0.3,0.0,5.5,5.7,1.3,10.8,pro_optimized_v1_origin,bot_rookie
2026-07-27 00:00:05,0,12.0,0,3,2,0,4,3,1,1,0.38,3,0.83,4.2,0.0,0.0,3.1,1.6,1.3,1.8,chaos,bot_camper
2026-07-27 00:00:07,1,14.0,3,0,8,3,0,0,0,0,0.00,2,2.18,7.3,0.8,0.0,4.9,0.0,0.0,0.0,chaos,bot_standard
2026-07-27 00:00:10,0,11.5,0,1,6,2,4,3,0,0,0.00,5,0.68,2.3,1.0,0.5,3.1,0.9,0.0,2.6,pro_learned_v4,bot_rookie
2026-07-27 00:00:12,0,8.1,0,3,1,0,4,3,0,0,0.00,3,0.83,2.3,0.0,0.0,2.1,1.1,0.0,2.6,chaos,bot_rusher
2026-07-27 00:00:15,1,13.8,2,0,6,3,1,1,1,1,1.34,8,0.69,1.8,0.3,0.3,0.0,0.3,1.6,8.7,pro,bot_standard
2026-07-27 00:00:18,0,20.8,0,2,7,1,6,3,3,1,0.76,5,0.95,8.8,0.0,0.0,2.6,2.4,3.9,2.6,pro_optimized_v3,bot_slippery
2026-07-27 00:00:23,0,26.0,0,2,12,1,12,3,2,1,1.76,5,0.72,10.4,0.0,0.3,3.9,5.2,2.6,3.1,pro_optimized_v2,bot_standard
2026-07-27 00:00:26,0,14.3,0,2,6,1,3,3,2,3,1.03,3,0.35,4.4,0.0,0.0,1.8,0.8,2.6,4.2,chaos,bot_rookie
2026-07-27 00:00:29,0,16.3,0,1,10,2,7,3,0,0,0.00,7,0.67,1.6,2.6,1.3,2.3,3.7,0.0,3.9,pro_learned_v4,bot_rookie
2026-07-27 00:00:32,1,15.7,1,0,9,3,2,2,0,0,0.00,7,0.72,6.8,0.0,0.0,1.0,0.5,0.0,6.4,pro_learned_v5,bot_slippery
2026-07-27 00:00:34,0,12.0,0,1,3,2,3,3,1,1,0.24,4,0.64,4.7,0.0,0.8,1.6,0.5,1.3,2.3,pro_optimized_v1,bot_camper
2026-07-27 00:00:37,0,10.6,0,3,2,0,3,3,1,0,0.00,4,1.19,2.3,0.3,0.0,2.6,1.0,1.3,3.1,pro_optimized_v1,bot_rookie
2026-07-27 00:00:41,0,21.6,0,1,8,2,9,3,3,1,0.98,4,1.89,7.0,0.0,0.5,3.6,2.4,3.9,3.1,pro_optimized_v2,bot_rookie
2026-07-27 00:00:44,1,15.9,2,0,6,3,1,1,0,0,0.00,7,0.47,7.8,0.0,0.8,0.0,0.3,0.0,6.1,pro,bot_camper
2026-07-27 00:00:48,1,27.7,2,0,10,3,5,1,3,3,2.31,6,1.36,2.9,0.0,0.8,8.8,2.3,3.8,8.1,chaos,bot_rookie
2026-07-27 00:00:53,1,27.1,1,0,12,3,3,2,1,1,0.64,18,0.62,5.7,0.0,0.3,3.9,0.8,1.3,14.1,pro,bot_rookie
2026-07-27 00:00:58,0,31.2,0,2,7,1,4,3,1,1,2.74,11,0.68,1.3,8.8,0.0,9.4,0.8,1.6,8.8,chaos,bot_camper
2026-07-27 00:01:00,0,8.3,0,1,4,2,3,3,0,0,0.00,3,0.69,2.3,0.3,0.0,1.3,0.8,0.0,2.6,pro_optimized_v3,bot_rusher
2026-07-27 00:01:03,0,18.2,0,2,2,1,9,3,1,2,0.95,4,0.67,8.6,0.0,0.0,2.6,2.8,1.3,2.6,pro_optimized_v2,bot_camper
2026-07-27 00:01:06,0,14.6,0,3,6,0,3,3,1,2,1.34,5,0.44,7.0,0.0,0.0,2.3,0.8,1.3,3.1,pro_optimized_v2,bot_slippery
2026-07-27 00:01:09,0,19.0,0,2,3,1,4,3,0,0,0.00,4,0.86,11.7,0.0,0.0,1.3,1.6,0.0,3.9,pro_learned_v4,bot_slippery
2026-07-27 00:01:12,1,15.2,2,0,10,3,4,1,0,0,0.00,3,1.29,8.8,0.0,0.0,2.6,1.8,0.0,1.0,pro_learned_v5,bot_rusher
2026-07-27 00:01:15,0,12.6,0,2,5,1,3,3,2,3,0.74,3,0.89,2.9,0.5,0.3,2.1,0.9,2.9,2.6,pro_optimized_v1,bot_slippery
2026-07-27 00:01:18,0,12.6,0,3,4,0,3,3,0,0,0.00,0,0.00,0.0,0.0,0.0,0.0,0.0,0.0,0.0,base,bot_rookie
2026-07-27 00:01:23,1,38.3,1,0,16,3,9,2,2,3,0.99,13,1.19,3.1,0.3,0.0,6.5,3.9,3.2,20.3,pro_optimized_v1,bot_rookie
2026-07-27 00:01:27,0,15.6,0,3,4,0,4,3,1,1,1.82,2,1.28,8.8,0.0,0.0,1.3,1.1,1.3,3.1,pro_optimized_v3,bot_rookie
2026-07-27 00:01:29,0,11.2,0,2,6,1,4,3,1,1,1.48,2,0.99,4.4,0.0,0.0,1.0,0.8,1.3,3.1,pro_learned_v5,bot_rusher
2026-07-27 00:01:31,0,11.3,0,3,4,0,4,3,1,1,1.50,5,0.56,2.3,0.5,0.0,3.1,1.0,1.3,3.0,pro_optimized_v1,bot_camper
2026-07-27 00:01:35,0,21.5,0,1,7,2,4,3,2,1,2.18,7,1.00,3.4,0.0,1.3,1.8,1.2,3.6,9.1,pro_optimized_v1,bot_camper
2026-07-27 00:01:38,0,9.9,0,1,3,2,3,3,0,0,0.00,5,0.55,4.4,0.0,0.0,0.8,0.6,0.0,3.1,pro_learned_v4,bot_camper
2026-07-27 00:01:40,0,13.6,0,2,9,1,3,3,2,3,0.83,2,0.96,5.5,0.0,0.0,1.1,1.0,2.6,2.9,pro_optimized_v3,bot_rusher
2026-07-27 00:01:44,0,17.6,0,1,6,2,6,3,2,1,4.76,3,0.89,6.7,0.0,0.0,2.9,1.6,2.6,2.9,pro_optimized_v2,bot_standard
2026-07-27 00:01:49,0,32.2,0,2,9,1,11,3,0,0,0.00,0,0.00,0.0,0.0,0.0,0.0,0.0,0.0,0.0,base,bot_standard
2026-07-27 00:01:52,0,14.1,0,3,0,0,5,3,0,0,0.00,0,0.00,0.0,0.0,0.0,0.0,0.0,0.0,0.0,base,bot_standard
2026-07-27 00:01:54,1,12.7,1,0,7,3,3,2,0,0,0.00,6,0.71,2.3,0.3,0.0,4.7,1.0,0.0,3.4,chaos,bot_camper
2026-07-27 00:01:57,0,12.2,0,3,5,0,5,3,2,2,1.22,3,1.13,2.9,0.5,0.0,2.1,1.3,2.6,2.9,pro_learned_v5,bot_camper
2026-07-27 00:01:59,0,9.9,0,3,6,0,4,3,0,0,0.00,1,4.56,2.3,1.3,0.0,1.3,1.6,0.0,3.4,pro_optimized_v1_origin,bot_standard
2026-07-27 00:02:02,1,11.1,1,0,5,3,3,2,1,1,0.48,4,0.97,2.6,0.3,0.0,2.6,1.1,1.3,2.3,pro_optimized_v1_origin,bot_slippery
2026-07-27 00:02:04,1,9.7,1,0,5,3,6,2,0,0,0.00,0,0.00,0.0,0.0,0.0,0.0,0.0,0.0,0.0,base,bot_rusher
2026-07-27 00:02:09,0,35.5,0,2,12,1,5,3,0,0,0.00,13,1.16,15.3,0.0,0.8,3.4,1.7,0.0,13.8,pro,bot_rusher
2026-07-27 00:02:13,1,17.6,1,0,9,3,4,2,1,1,0.60,8,0.48,5.2,0.0,0.3,0.0,2.6,1.6,7.0,pro_optimized_v1,bot_slippery
2026-07-27 00:02:15,0,10.8,0,3,0,0,5,3,0,0,0.00,6,0.48,2.9,0.0,0.3,1.0,2.5,0.0,4.2,pro_learned_v4,bot_camper
2026-07-27 00:02:18,0,15.1,0,1,6,2,3,3,0,0,0.00,3,0.52,3.1,7.3,0.8,0.0,0.6,0.0,2.3,chaos,bot_camper
2026-07-27 00:02:21,0,17.2,0,3,11,0,6,3,2,1,1.90,8,0.75,4.2,0.0,0.0,4.9,2.3,2.6,3.1,pro_learned_v5,bot_rookie
2026-07-27 00:02:24,0,15.4,0,2,4,1,5,3,2,0,0.00,4,0.61,4.4,0.3,0.0,0.5,3.4,3.1,3.1,pro_optimized_v1,bot_camper
2026-07-27 00:02:28,0,22.9,0,3,9,0,5,3,1,1,0.26,9,1.38,2.9,0.0,2.3,4.4,1.6,1.3,10.4,pro,bot_rookie
2026-07-27 00:02:31,0,10.9,0,3,4,0,3,3,2,2,0.88,4,0.60,1.3,1.0,0.0,1.8,0.8,2.6,3.4,pro_optimized_v1,bot_rookie
2026-07-27 00:02:34,0,16.4,0,3,9,0,4,3,2,1,2.16,7,0.40,5.2,0.0,0.3,3.6,1.8,2.6,2.9,pro_optimized_v2,bot_rookie
2026-07-27 00:02:37,1,17.2,1,0,8,3,3,2,3,2,0.79,4,1.95,2.6,0.5,0.0,7.0,1.0,2.1,2.9,pro_learned_v5,bot_camper
2026-07-27 00:02:41,0,21.7,0,1,9,2,7,3,0,0,0.00,6,1.20,5.2,0.0,0.0,3.6,3.8,0.0,8.1,pro_learned_v4,bot_slippery
2026-07-27 00:02:44,0,19.7,0,2,8,1,7,3,1,1,0.78,5,0.73,10.1,0.0,0.5,1.6,2.6,1.3,3.1,pro_optimized_v2,bot_rookie
2026-07-27 00:02:47,0,13.7,0,1,3,2,3,3,1,1,1.50,2,2.13,3.6,0.0,1.6,1.8,0.7,1.3,3.6,chaos,bot_camper
2026-07-27 00:02:54,0,48.9,0,2,17,1,11,3,5,5,0.87,8,0.67,27.3,0.0,0.8,8.6,3.1,5.7,2.9,pro_optimized_v2,bot_rookie
2026-07-27 00:02:58,0,23.7,0,2,10,1,5,3,0,0,0.00,9,1.29,3.6,0.0,0.0,4.4,2.1,0.0,13.0,pro_optimized_v1_origin,bot_rusher
2026-07-27 00:03:03,0,33.3,0,1,16,2,9,3,1,1,2.36,8,2.09,2.3,0.8,1.3,4.4,5.3,1.3,16.9,pro,bot_slippery
2026-07-27 00:03:07,1,20.7,1,0,9,3,8,2,2,0,0.00,7,1.00,6.0,0.0,0.3,2.3,3.4,1.5,6.2,pro_optimized_v2,bot_standard
2026-07-27 00:03:11,0,20.4,0,1,6,2,6,3,3,1,1.08,2,1.80,8.3,0.0,1.0,1.8,1.7,2.9,3.6,chaos,bot_rookie
2026-07-27 00:03:14,0,14.5,0,1,8,2,6,3,2,1,0.40,3,0.51,3.1,0.0,0.0,0.3,3.1,4.2,2.9,chaos,bot_rusher
2026-07-27 00:03:17,0,21.5,0,1,6,2,7,3,0,0,0.00,9,0.77,4.7,0.0,0.3,2.6,2.6,0.0,10.4,pro_learned_v4,bot_camper
2026-07-27 00:03:20,0,15.0,0,3,4,0,4,3,1,2,0.78,3,0.87,6.2,0.0,0.5,2.3,1.0,1.3,3.6,pro_optimized_v2,bot_camper
2026-07-27 00:03:23,1,11.6,1,0,7,3,4,2,1,1,1.30,2,1.47,2.6,1.8,0.0,0.3,1.5,1.3,3.1,pro_optimized_v1,bot_rusher
2026-07-27 00:03:25,0,10.3,0,2,4,1,7,3,0,0,0.00,0,0.00,0.0,0.0,0.0,0.0,0.0,0.0,0.0,base,bot_standard
2026-07-27 00:03:27,0,8.7,0,2,4,1,3,3,0,0,0.00,4,0.66,1.6,0.0,0.0,2.5,1.0,0.0,3.1,pro_optimized_v1_origin,bot_camper
2026-07-27 00:03:30,0,13.3,0,2,7,1,5,3,0,0,0.00,0,0.00,0.0,0.0,0.0,0.0,0.0,0.0,0.0,base,bot_slippery
2026-07-27 00:03:32,0,10.6,0,3,3,0,7,3,0,0,0.00,0,0.00,0.0,0.0,0.0,0.0,0.0,0.0,0.0,base,bot_rookie
2026-07-27 00:03:35,0,9.2,0,3,3,0,4,3,1,0,0.00,3,0.87,3.1,0.3,0.0,0.5,0.9,1.3,3.1,pro_optimized_v3,bot_rusher
2026-07-27 00:03:42,0,51.4,0,2,7,1,6,3,2,2,0.67,3,6.91,35.9,0.0,1.6,3.9,3.0,4.2,2.3,chaos,bot_standard
2026-07-27 00:03:45,0,13.9,0,2,7,1,6,3,1,1,2.26,2,1.51,4.2,0.0,0.8,1.6,2.5,1.3,3.1,pro_optimized_v2,bot_slippery
2026-07-27 00:03:48,1,13.4,1,0,7,3,11,2,0,0,0.00,0,0.00,0.0,0.0,0.0,0.0,0.0,0.0,0.0,base,bot_rusher
2026-07-27 00:03:50,0,11.3,0,3,3,0,6,3,0,0,0.00,3,0.77,3.6,0.3,0.0,0.3,3.3,0.0,3.9,pro_learned_v4,bot_rusher
2026-07-27 00:03:55,0,31.7,0,1,15,2,8,3,3,4,0.98,9,0.95,10.9,0.0,0.5,9.4,3.4,3.9,2.6,pro_optimized_v2,bot_camper
2026-07-27 00:03:59,0,17.9,0,2,4,1,3,3,1,0,0.00,3,0.99,10.9,0.0,0.0,2.1,1.0,1.3,2.1,pro_optimized_v1,bot_rookie
2026-07-27 00:04:02,0,16.9,0,3,4,0,3,3,0,0,0.00,4,0.64,11.7,0.0,0.3,1.1,0.8,0.0,3.1,pro_learned_v4,bot_standard
2026-07-27 00:04:04,0,12.4,0,2,3,1,5,3,0,0,0.00,0,0.00,0.0,0.0,0.0,0.0,0.0,0.0,0.0,base,bot_camper
2026-07-27 00:04:07,0,13.0,0,2,4,1,4,3,0,0,0.00,6,0.70,5.7,0.0,0.0,2.6,1.1,0.0,3.1,pro_optimized_v2,bot_slippery
2026-07-27 00:04:10,0,11.5,0,2,10,1,5,3,1,1,0.28,7,0.59,3.9,0.0,0.0,1.8,1.3,1.3,3.1,pro_learned_v5,bot_camper
2026-07-27 00:04:12,0,10.7,0,3,4,0,3,3,0,0,0.00,3,1.71,1.8,1.3,0.0,3.4,1.4,0.0,2.9,pro_optimized_v1_origin,bot_rookie
2026-07-27 00:04:14,1,9.9,2,0,3,3,3,1,1,1,0.94,1,1.66,4.4,0.0,0.0,1.0,0.9,1.3,1.3,pro_optimized_v3,bot_camper
2026-07-27 00:04:17,0,9.9,0,3,3,0,3,3,1,2,0.48,3,0.91,4.4,0.0,0.0,0.8,0.5,1.3,2.9,pro_optimized_v3,bot_rookie
2026-07-27 00:04:20,0,15.4,0,3,6,0,4,3,0,0,0.00,3,1.19,7.5,0.5,0.0,2.6,1.6,0.0,3.1,pro_optimized_v1_origin,bot_rusher
2026-07-27 00:04:22,0,8.6,0,3,4,0,4,3,1,1,0.80,2,0.90,2.9,0.0,0.0,0.3,1.4,1.3,2.9,pro_optimized_v3,bot_rusher
2026-07-27 00:04:25,0,16.3,0,1,7,2,7,3,1,1,0.82,3,1.09,2.6,1.8,0.0,2.9,3.1,1.8,3.1,pro_optimized_v1_origin,bot_rookie
2026-07-27 00:04:28,0,20.0,0,2,4,1,4,3,1,0,0.00,4,1.41,10.7,0.0,0.0,3.4,1.0,1.3,3.1,pro_learned_v5,bot_standard
2026-07-27 00:04:32,0,18.1,0,2,4,1,3,3,2,1,0.62,6,0.69,8.1,0.0,0.0,1.8,0.7,2.6,4.4,pro_optimized_v3,bot_slippery
2026-07-27 00:04:35,0,15.3,0,2,7,1,4,3,0,0,0.00,2,2.30,7.0,0.0,0.0,2.3,1.6,0.0,4.2,pro_optimized_v1_origin,bot_standard
2026-07-27 00:04:39,0,27.9,0,2,10,1,6,3,2,2,1.16,5,1.78,12.0,0.8,0.8,6.2,2.2,2.6,2.9,pro_optimized_v1,bot_camper
2026-07-27 00:04:42,0,14.5,0,3,6,0,4,3,1,2,0.63,3,1.03,2.3,1.3,2.1,0.8,1.6,2.3,4.1,pro_optimized_v1,bot_camper
2026-07-27 00:04:45,0,14.2,0,1,7,2,13,3,0,0,0.00,0,0.00,0.0,0.0,0.0,0.0,0.0,0.0,0.0,base,bot_slippery
2026-07-27 00:04:51,0,40.6,0,2,21,1,11,3,2,1,1.00,15,1.23,4.7,0.3,2.1,4.7,5.3,2.6,20.5,pro,bot_rookie
2026-07-27 00:04:56,0,31.2,0,1,10,2,10,3,3,1,1.66,5,1.54,11.0,0.0,0.0,8.6,3.6,3.9,3.1,pro_optimized_v2,bot_slippery
2026-07-27 00:05:00,0,21.1,0,3,4,0,6,3,1,1,1.60,2,1.61,13.5,0.0,0.5,0.8,1.8,1.3,3.1,pro_optimized_v2,bot_standard
2026-07-27 00:05:02,0,12.4,0,2,2,1,4,3,2,2,0.95,1,0.38,6.2,0.0,0.0,0.0,1.8,1.6,2.3,pro_optimized_v3,bot_camper
2026-07-27 00:05:06,0,16.7,0,2,8,1,4,3,1,2,0.38,3,2.05,3.9,0.3,1.0,1.8,1.2,1.3,6.8,pro,bot_slippery
2026-07-27 00:05:09,0,15.0,0,2,6,1,6,3,2,3,1.71,4,0.46,4.2,1.0,0.0,1.8,1.8,2.6,3.1,pro_learned_v5,bot_standard
2026-07-27 00:05:11,0,11.8,0,3,4,0,4,3,0,0,0.00,3,1.43,2.3,2.3,0.0,1.8,1.6,0.0,3.6,pro_optimized_v1_origin,bot_rookie
2026-07-27 00:05:14,1,15.5,1,0,8,3,2,2,2,1,0.22,3,1.05,6.5,0.0,0.0,1.7,0.5,2.6,3.1,pro_optimized_v3,bot_rusher
2026-07-27 00:05:17,0,16.5,0,2,10,1,9,3,1,1,1.40,7,0.72,5.9,0.0,0.0,3.1,2.6,1.3,3.1,pro_learned_v5,bot_camper
2026-07-27 00:05:20,0,12.1,0,2,6,1,4,3,1,0,0.00,5,0.32,4.7,0.0,0.0,0.3,1.5,1.3,3.9,pro_optimized_v2,bot_rusher
2026-07-27 00:05:23,0,15.6,0,3,5,0,4,3,0,0,0.00,5,1.69,3.4,0.0,0.0,8.3,1.0,0.0,2.9,pro_optimized_v1_origin,bot_rookie
2026-07-27 00:05:27,0,28.1,0,1,10,2,5,3,0,0,0.00,4,4.14,9.9,0.0,2.6,5.5,2.4,0.0,6.8,pro,bot_standard
2026-07-27 00:05:30,0,14.5,0,2,4,1,12,3,0,0,0.00,0,0.00,0.0,0.0,0.0,0.0,0.0,0.0,0.0,base,bot_rookie
2026-07-27 00:05:35,0,31.2,0,2,20,1,10,3,5,4,1.17,5,1.11,11.2,0.0,0.5,5.8,3.9,6.5,2.9,pro_optimized_v2,bot_standard
2026-07-27 00:05:40,1,25.4,1,0,9,3,9,2,2,1,1.10,11,0.90,1.6,0.3,0.3,3.9,3.4,2.6,12.5,pro_optimized_v1,bot_camper
2026-07-27 00:05:42,1,10.3,1,0,6,3,5,2,1,0,0.00,2,1.45,0.5,0.3,0.0,2.3,2.3,1.3,2.6,pro_optimized_v1_origin,bot_rusher
2026-07-27 00:05:44,0,11.6,0,2,1,1,3,3,1,0,0.00,3,1.05,4.4,0.3,0.0,0.8,1.0,1.3,3.4,chaos,bot_standard
2026-07-27 00:05:49,1,28.1,1,0,12,3,7,2,2,2,1.53,11,0.91,3.1,0.0,0.0,2.1,3.1,2.9,15.9,pro_optimized_v1,bot_slippery
2026-07-27 00:05:52,1,16.8,3,0,11,3,6,0,1,0,0.00,2,1.17,3.6,3.1,0.3,3.4,2.8,2.6,0.0,pro_optimized_v1,bot_slippery
2026-07-27 00:05:55,0,14.4,0,3,5,0,4,3,1,1,0.72,7,0.34,8.1,0.0,0.0,0.8,1.1,1.3,3.1,pro_optimized_v3,bot_standard
2026-07-27 00:05:58,0,13.4,0,2,9,1,6,3,0,0,0.00,0,0.00,0.0,0.0,0.0,0.0,0.0,0.0,0.0,base,bot_standard
2026-07-27 00:06:01,0,13.6,0,1,5,2,6,3,1,0,0.00,4,0.47,3.6,0.0,0.0,1.3,3.0,1.6,3.1,pro_learned_v4,bot_rusher
2026-07-27 00:06:04,0,17.8,0,2,4,1,4,3,0,0,0.00,6,0.49,10.1,0.0,0.0,2.6,1.2,0.0,3.4,pro_optimized_v1_origin,bot_camper
2026-07-27 00:06:06,1,12.2,1,0,3,3,2,2,0,0,0.00,4,0.74,4.7,0.3,0.0,1.6,0.5,0.0,4.2,pro_optimized_v1_origin,bot_rusher
2026-07-27 00:06:10,0,19.0,0,1,14,2,9,3,2,3,0.75,3,0.80,7.3,0.0,0.0,2.1,2.9,2.6,3.1,pro_learned_v5,bot_slippery
2026-07-27 00:06:14,0,28.0,0,1,16,2,10,3,3,5,2.32,7,0.63,5.7,0.0,0.0,4.7,3.4,3.9,9.4,pro_optimized_v3,bot_standard
2026-07-27 00:06:17,0,14.5,0,1,4,2,5,3,1,1,1.84,2,0.34,7.5,0.0,0.0,1.0,1.2,1.3,2.9,pro_optimized_v3,bot_rusher
2026-07-27 00:06:20,1,13.7,1,0,9,3,5,2,0,0,0.00,5,0.84,2.6,0.5,0.0,0.8,2.5,0.0,6.2,pro_learned_v4,bot_rusher
2026-07-27 00:06:22,0,8.5,0,3,2,0,3,3,1,1,2.68,2,0.56,1.8,0.0,1.0,0.3,1.0,1.3,3.1,pro_optimized_v2,bot_rusher
2026-07-27 00:06:25,0,9.6,0,3,7,0,4,3,0,0,0.00,2,1.25,0.5,1.0,0.0,3.4,1.8,0.0,2.9,pro_optimized_v1_origin,bot_slippery
2026-07-27 00:06:29,0,27.7,0,2,15,1,9,3,3,3,1.38,4,0.73,13.3,0.0,0.0,3.6,3.3,3.9,3.1,pro_optimized_v3,bot_camper
2026-07-27 00:06:31,0,8.1,0,1,5,2,4,3,1,5,0.68,0,0.00,1.0,1.0,0.0,0.3,1.2,1.0,2.6,pro_learned_v4,bot_rusher
2026-07-27 00:06:34,0,14.6,0,1,8,2,8,3,0,0,0.00,0,0.00,0.0,0.0,0.0,0.0,0.0,0.0,0.0,base,bot_slippery
2026-07-27 00:06:37,0,12.8,0,2,1,1,3,3,1,2,0.79,4,0.45,5.1,0.0,0.0,2.1,0.8,1.3,3.1,pro_optimized_v3,bot_camper
2026-07-27 00:06:41,0,23.9,0,1,10,2,7,3,2,1,1.70,3,2.12,9.1,0.0,0.0,3.4,3.1,2.6,4.7,chaos,bot_rookie
2026-07-27 00:06:44,0,16.1,0,3,8,0,4,3,3,2,0.96,3,0.99,5.5,0.0,0.0,3.9,1.0,2.6,3.1,pro_optimized_v2,bot_rookie
2026-07-27 00:06:49,1,28.0,1,0,10,3,5,2,3,2,4.73,4,0.73,11.7,0.0,0.3,8.1,1.5,3.9,1.6,pro_optimized_v2,bot_rusher
2026-07-27 00:06:51,0,12.8,0,2,6,1,4,3,1,1,2.98,2,1.03,5.0,0.0,0.0,1.8,1.3,1.3,2.9,pro_learned_v5,bot_rookie
2026-07-27 00:06:55,0,16.5,0,3,6,0,5,3,2,2,0.89,5,0.66,6.5,0.0,1.3,1.6,1.5,2.6,3.1,pro_optimized_v2,bot_rookie
2026-07-27 00:07:01,0,41.0,0,1,19,2,13,3,3,3,1.65,5,2.46,7.3,0.0,1.3,5.5,8.1,4.2,13.8,pro,bot_rookie
2026-07-27 00:07:05,1,22.1,2,0,11,3,4,1,1,0,0.00,8,0.50,9.4,0.0,0.3,0.3,2.9,1.3,7.1,pro,bot_slippery
2026-07-27 00:07:07,0,14.6,0,2,3,1,4,3,0,0,0.00,0,0.00,0.0,0.0,0.0,0.0,0.0,0.0,0.0,base,bot_rookie
2026-07-27 00:07:11,0,23.4,0,2,5,1,4,3,1,1,1.70,7,1.26,4.4,2.1,2.1,0.8,1.0,1.3,11.2,chaos,bot_camper
2026-07-27 00:07:15,0,19.4,0,3,4,0,8,3,0,0,0.00,0,0.00,0.0,0.0,0.0,0.0,0.0,0.0,0.0,base,bot_standard
2026-07-27 00:07:17,0,11.0,0,1,5,2,4,3,0,0,0.00,0,0.00,0.0,0.0,0.0,0.0,0.0,0.0,0.0,base,bot_rusher
2026-07-27 00:07:21,0,16.3,0,3,3,0,4,3,2,2,1.30,4,0.57,8.3,0.0,0.0,1.0,1.3,2.6,3.1,pro_learned_v5,bot_camper
2026-07-27 00:07:24,1,19.5,1,0,9,3,7,2,3,2,1.47,3,0.95,5.2,0.0,0.0,3.1,3.2,3.9,3.1,pro_learned_v5,bot_rookie
2026-07-27 00:07:29,0,27.6,0,2,8,1,6,3,1,1,2.28,8,1.21,6.2,0.0,0.0,4.4,3.0,1.3,12.2,chaos,bot_rookie
2026-07-27 00:07:31,0,10.3,0,2,3,1,3,3,0,0,0.00,5,0.52,5.2,0.0,0.0,1.3,0.7,0.0,2.6,pro_learned_v4,bot_slippery
2026-07-27 00:07:34,0,14.2,0,1,6,2,12,3,0,0,0.00,0,0.00,0.0,0.0,0.0,0.0,0.0,0.0,0.0,base,bot_standard
2026-07-27 00:07:37,0,13.8,0,1,11,2,5,3,1,1,0.38,4,0.97,4.9,0.0,0.0,2.1,1.9,1.3,2.6,pro_optimized_v2,bot_rusher
2026-07-27 00:07:39,0,11.2,0,2,5,1,3,3,1,1,2.00,1,0.90,4.7,0.0,0.0,0.8,1.4,1.3,2.6,pro_optimized_v1,bot_slippery
2026-07-27 00:07:42,0,16.4,0,2,10,1,7,3,2,2,1.71,3,0.56,5.2,1.0,0.0,2.1,2.4,2.6,3.1,pro_optimized_v3,bot_standard
2026-07-27 00:07:45,0,11.5,0,2,7,1,8,3,0,0,0.00,0,0.00,0.0,0.0,0.0,0.0,0.0,0.0,0.0,base,bot_slippery
2026-07-27 00:07:47,1,10.9,2,0,10,3,8,1,0,0,0.00,0,0.00,0.0,0.0,0.0,0.0,0.0,0.0,0.0,base,bot_rusher
2026-07-27 00:07:50,0,12.7,0,2,4,1,3,3,2,1,2.34,3,0.70,6.0,0.0,0.0,1.0,0.7,1.8,3.1,pro_learned_v5,bot_camper
2026-07-27 00:07:53,0,18.1,0,1,6,2,3,3,1,1,2.28,4,0.81,5.2,2.6,0.0,3.9,0.5,2.1,2.9,pro_optimized_v1_origin,bot_rookie
2026-07-27 00:07:57,1,20.5,1,0,9,3,4,2,3,3,0.76,5,0.80,8.3,0.0,0.0,2.6,1.3,3.4,3.9,pro_optimized_v2,bot_rusher
2026-07-27 00:07:59,0,10.3,0,3,3,0,6,3,0,0,0.00,0,0.00,0.0,0.0,0.0,0.0,0.0,0.0,0.0,base,bot_standard
2026-07-27 00:08:02,0,16.1,0,3,2,0,6,3,0,0,0.00,0,0.00,0.0,0.0,0.0,0.0,0.0,0.0,0.0,base,bot_camper
2026-07-27 00:08:05,0,12.6,0,3,7,0,4,3,2,2,2.01,3,0.65,3.9,0.0,0.3,1.9,1.0,2.6,2.9,pro_optimized_v2,bot_camper
2026-07-27 00:08:08,0,12.6,0,2,5,1,4,3,1,1,2.80,5,0.50,4.9,0.0,0.0,1.4,1.6,1.3,2.9,chaos,bot_camper
2026-07-27 00:08:10,1,13.6,3,0,10,3,8,0,2,1,0.64,3,0.48,4.2,0.0,0.0,2.1,2.6,2.6,1.1,pro_optimized_v3,bot_standard
2026-07-27 00:08:13,0,9.4,0,2,4,1,5,3,0,0,0.00,3,0.57,2.3,0.5,0.0,0.8,2.2,0.0,3.1,pro_optimized_v1_origin,bot_rusher
2026-07-27 00:08:17,0,28.5,0,2,12,1,8,3,5,4,1.05,5,1.24,10.4,0.0,0.0,5.7,2.6,6.5,2.9,pro_learned_v5,bot_standard
2026-07-27 00:08:22,0,33.1,0,1,12,2,11,3,1,1,2.38,6,1.73,9.4,1.6,1.8,8.8,5.6,1.3,3.6,chaos,bot_standard
2026-07-27 00:08:25,0,9.9,0,2,2,1,4,3,0,0,0.00,4,0.77,3.4,0.3,0.0,1.8,1.6,0.0,2.3,pro_optimized_v1_origin,bot_slippery
2026-07-27 00:08:28,1,20.9,1,0,10,3,6,2,3,2,1.06,5,0.85,6.8,0.5,0.0,3.2,2.3,3.9,3.1,pro_optimized_v3,bot_standard
2026-07-27 00:08:33,0,29.4,0,2,13,1,4,3,0,0,0.00,16,0.94,3.4,0.0,1.3,2.3,1.3,0.0,20.5,chaos,bot_standard
2026-07-27 00:08:35,0,9.0,0,1,7,2,3,3,1,1,0.46,2,0.63,1.3,1.8,0.0,0.0,0.9,1.3,3.1,pro_optimized_v1,bot_rusher
2026-07-27 00:08:39,1,21.8,1,0,9,3,6,2,1,0,0.00,5,0.65,12.5,0.0,0.0,2.6,2.1,1.3,2.4,pro_learned_v5,bot_rookie
2026-07-27 00:08:42,1,16.9,2,0,11,3,6,1,1,1,0.68,8,0.63,1.0,1.0,0.5,3.9,3.4,0.8,5.2,pro,bot_standard
2026-07-27 00:08:45,0,10.1,0,2,1,1,3,3,0,0,0.00,5,0.67,3.6,0.0,0.0,2.3,1.1,0.0,2.6,pro_optimized_v1_origin,bot_camper
2026-07-27 00:08:48,0,15.4,0,2,6,1,10,3,0,0,0.00,0,0.00,0.0,0.0,0.0,0.0,0.0,0.0,0.0,base,bot_standard
2026-07-27 00:08:52,0,21.8,0,2,8,1,7,3,1,0,0.00,9,0.83,3.1,0.3,0.0,4.4,2.9,1.3,9.4,pro_optimized_v1_origin,bot_standard
2026-07-27 00:08:54,0,12.5,0,2,1,1,7,3,0,0,0.00,6,0.46,3.1,0.3,0.0,2.1,3.5,0.0,3.4,pro_learned_v4,bot_standard
2026-07-27 00:08:58,0,19.6,0,3,12,0,7,3,3,3,1.75,5,0.70,5.3,1.0,0.0,4.2,2.1,3.9,3.1,pro_learned_v5,bot_camper
2026-07-27 00:09:00,1,13.0,3,0,5,3,3,0,2,3,0.54,0,0.00,5.5,2.1,0.0,0.3,1.4,2.9,0.0,chaos,bot_camper
2026-07-27 00:09:03,0,9.7,0,2,3,1,3,3,1,0,0.00,3,0.56,3.9,0.0,0.0,0.5,0.6,1.3,3.1,pro_optimized_v3,bot_camper
2026-07-27 00:09:06,0,18.4,0,2,8,1,4,3,0,0,0.00,3,2.99,2.3,1.3,1.3,3.9,2.1,0.0,7.0,pro,bot_slippery
2026-07-27 00:09:12,1,37.9,1,0,14,3,10,2,2,2,0.44,10,1.67,6.5,0.0,1.0,8.6,6.0,2.6,12.2,pro,bot_standard
2026-07-27 00:09:14,1,11.3,3,0,10,3,6,0,2,0,0.00,1,0.40,4.4,0.0,0.0,1.3,2.0,2.6,0.0,pro_optimized_v3,bot_slippery
2026-07-27 00:09:17,0,11.0,0,3,5,0,4,3,0,0,0.00,4,0.54,5.8,0.0,0.0,0.8,1.3,0.0,3.1,pro_optimized_v3,bot_slippery
2026-07-27 00:09:19,0,9.8,0,1,5,2,3,3,1,0,0.00,3,0.93,3.6,0.0,0.3,0.8,0.6,1.3,2.6,pro_optimized_v2,bot_rusher
2026-07-27 00:09:22,0,16.1,0,1,6,2,3,3,1,1,2.30,5,0.69,6.0,0.0,0.0,3.9,0.8,1.3,3.1,pro_optimized_v3,bot_standard
2026-07-27 00:09:26,0,20.0,0,1,9,2,3,3,0,0,0.00,8,1.01,7.8,0.0,0.0,1.8,0.5,0.0,8.8,pro,bot_rusher
2026-07-27 00:09:28,1,12.2,2,0,10,3,4,1,2,1,1.06,4,0.53,2.1,0.3,0.0,2.1,1.6,2.6,2.6,pro_optimized_v1,bot_rusher
2026-07-27 00:09:32,0,19.3,0,1,6,2,4,3,2,2,0.61,2,1.16,8.8,0.5,0.3,2.6,0.9,2.6,2.6,pro_optimized_v1,bot_rusher
2026-07-27 00:09:38,0,41.5,0,2,9,1,5,3,4,4,3.42,5,1.17,23.4,0.0,0.8,7.5,1.2,5.2,2.9,chaos,bot_camper
2026-07-27 00:09:41,0,15.0,0,2,5,1,7,3,0,0,0.00,0,0.00,0.0,0.0,0.0,0.0,0.0,0.0,0.0,base,bot_standard
2026-07-27 00:09:43,1,10.4,2,0,6,3,6,1,0,0,0.00,4,0.41,1.8,2.1,0.0,1.3,3.1,0.0,1.0,pro_learned_v4,bot_rusher
2026-07-27 00:09:47,1,20.7,1,0,11,3,4,2,3,3,0.99,5,0.86,3.9,0.0,0.0,3.9,2.1,6.0,3.9,chaos,bot_slippery
2026-07-27 00:09:51,0,18.4,0,3,7,0,7,3,1,0,0.00,6,1.10,7.0,0.0,0.0,3.8,2.6,1.3,3.6,pro_learned_v5,bot_camper
2026-07-27 00:09:53,0,9.6,0,2,6,1,3,3,1,0,0.00,4,0.65,3.1,0.0,0.5,0.3,0.7,1.3,3.1,pro_optimized_v2,bot_rusher
2026-07-27 00:09:56,0,20.4,0,3,11,0,10,3,1,1,0.56,7,0.50,9.7,0.0,0.0,2.9,3.4,1.3,3.1,pro_optimized_v2,bot_rusher
2026-07-27 00:09:59,0,11.3,0,3,5,0,6,3,0,0,0.00,0,0.00,0.0,0.0,0.0,0.0,0.0,0.0,0.0,base,bot_rookie
2026-07-27 00:10:02,0,13.2,0,2,2,1,6,3,0,0,0.00,0,0.00,0.0,0.0,0.0,0.0,0.0,0.0,0.0,base,bot_camper
2026-07-27 00:10:05,1,15.1,1,0,8,3,4,2,1,1,1.62,4,0.68,3.4,0.3,0.0,2.9,1.8,2.9,3.0,pro_optimized_v1,bot_slippery
2026-07-27 00:10:08,0,14.6,0,2,7,1,6,3,1,1,1.48,5,0.94,2.9,0.0,0.0,3.6,2.9,1.3,3.4,pro_learned_v4,bot_slippery
2026-07-27 00:10:10,0,14.0,0,1,6,2,5,3,0,0,0.00,6,1.06,1.8,1.6,0.0,3.9,2.1,0.0,3.6,pro_learned_v4,bot_standard
2026-07-27 00:10:13,1,11.0,2,0,8,3,5,1,0,0,0.00,2,0.80,1.0,2.3,0.3,2.1,3.4,0.0,0.9,pro_optimized_v1,bot_rookie
2026-07-27 00:10:16,0,15.8,0,3,4,0,3,3,2,2,0.91,2,1.18,8.3,0.0,0.0,1.0,0.8,2.6,3.1,pro_learned_v5,bot_camper
2026-07-27 00:10:18,0,11.2,0,2,3,1,5,3,1,0,0.00,3,1.07,1.3,0.0,0.0,2.9,1.9,1.3,3.4,pro_learned_v4,bot_camper
2026-07-27 00:10:22,0,23.6,0,1,17,2,12,3,0,0,0.00,8,0.90,3.1,1.0,0.8,3.9,7.3,0.0,6.5,pro_learned_v4,bot_slippery
2026-07-27 00:10:25,0,12.7,0,2,9,1,4,3,2,1,1.20,3,1.47,1.6,1.6,1.0,0.5,1.8,2.6,3.1,pro_optimized_v1,bot_rookie
2026-07-27 00:10:29,0,23.8,0,1,11,2,7,3,0,0,0.00,8,1.57,2.3,0.0,1.0,3.4,4.1,0.0,12.0,pro,bot_rusher
2026-07-27 00:10:32,0,15.4,0,1,10,2,7,3,0,0,0.00,5,0.94,2.6,0.3,0.0,4.2,3.8,0.0,3.6,pro_learned_v4,bot_standard
2026-07-27 00:10:35,0,18.2,0,2,3,1,5,3,0,0,0.00,5,0.57,9.4,0.0,0.0,3.1,2.1,0.0,3.1,pro_learned_v4,bot_camper
2026-07-27 00:10:39,0,20.4,0,2,7,1,4,3,1,1,0.58,5,1.53,5.7,0.0,0.0,4.2,1.5,1.3,7.3,pro,bot_standard
2026-07-27 00:10:43,0,24.1,0,2,12,1,11,3,0,0,0.00,6,1.52,3.9,0.0,0.3,4.2,5.7,0.0,9.6,pro_learned_v4,bot_rookie
2026-07-27 00:10:48,0,28.6,0,3,3,0,9,3,1,2,1.42,2,0.44,20.5,0.0,0.0,1.3,2.3,1.3,3.1,pro_optimized_v3,bot_camper
2026-07-27 00:10:51,0,15.1,0,2,7,1,6,3,2,1,2.34,2,1.39,4.2,0.3,0.0,1.3,2.4,3.1,3.4,chaos,bot_rusher
2026-07-27 00:10:54,0,13.5,0,1,7,2,5,3,2,1,0.60,3,0.52,5.5,0.0,0.0,0.5,1.4,2.6,2.6,pro_optimized_v3,bot_slippery
2026-07-27 00:10:58,0,22.7,0,2,10,1,18,3,0,0,0.00,0,0.00,0.0,0.0,0.0,0.0,0.0,0.0,0.0,base,bot_rookie
2026-07-27 00:11:01,1,21.2,2,0,9,3,5,1,2,1,1.40,2,0.83,12.2,0.0,0.0,2.1,1.8,2.6,1.6,pro_optimized_v3,bot_standard
2026-07-27 00:11:05,0,22.4,0,2,9,1,6,3,1,1,2.68,5,1.77,3.1,1.8,0.0,4.9,2.3,1.3,8.4,pro_optimized_v1_origin,bot_rookie
2026-07-27 00:11:08,0,12.1,0,3,2,0,4,3,2,3,0.28,3,0.78,2.6,0.3,0.0,2.3,2.0,2.3,2.6,pro_learned_v4,bot_camper
2026-07-27 00:11:12,0,27.3,0,2,16,1,8,3,1,1,0.64,12,1.13,3.4,0.5,0.8,2.6,3.4,1.3,14.8,pro,bot_standard
2026-07-27 00:11:19,0,44.0,0,2,17,1,19,3,0,0,0.00,18,1.07,3.4,0.0,0.8,7.0,10.7,0.0,21.7,pro_learned_v4,bot_rookie
2026-07-27 00:11:24,0,28.7,0,2,9,1,9,3,3,1,5.74,2,3.47,5.5,0.0,1.3,4.4,5.1,3.9,8.1,pro,bot_standard
2026-07-27 00:11:27,0,20.8,0,2,12,1,5,3,1,0,0.00,9,0.76,4.4,2.1,1.8,1.6,1.1,1.3,8.1,pro,bot_camper
2026-07-27 00:11:33,0,39.0,0,3,6,0,11,3,2,3,0.86,14,1.12,3.9,0.3,0.0,15.1,4.5,2.6,12.7,chaos,bot_camper
2026-07-27 00:11:36,0,12.7,0,3,1,0,4,3,0,0,0.00,5,0.66,4.4,0.0,0.0,3.1,1.7,0.0,3.4,pro_optimized_v1_origin,bot_standard
2026-07-27 00:11:41,1,32.6,1,0,14,3,8,2,2,0,0.00,14,0.89,8.1,0.0,0.0,7.0,3.9,2.6,10.0,chaos,bot_slippery
2026-07-27 00:11:45,0,20.9,0,1,8,2,6,3,2,1,1.80,6,1.40,2.3,0.5,0.0,2.9,2.8,3.4,8.1,pro,bot_slippery
2026-07-27 00:11:47,0,13.3,0,2,5,1,4,3,2,1,0.34,5,0.76,3.6,0.0,0.0,2.9,1.0,2.6,2.6,pro_learned_v5,bot_camper
2026-07-27 00:11:50,0,10.1,0,2,5,1,3,3,1,1,2.02,1,1.70,3.9,0.0,0.0,0.5,1.0,1.3,2.9,pro,bot_camper
2026-07-27 00:11:52,1,12.3,1,0,8,3,4,2,1,0,0.00,4,0.60,6.2,0.0,0.0,0.8,1.3,0.4,2.6,pro_optimized_v2,bot_rusher
2026-07-27 00:11:55,0,14.9,0,2,10,1,6,3,1,1,0.38,5,0.92,2.1,0.8,0.0,0.0,3.1,1.3,7.1,pro_optimized_v1,bot_rusher
2026-07-27 00:11:58,0,14.0,0,3,4,0,4,3,0,0,0.00,4,1.73,2.9,0.0,1.3,2.9,1.3,0.0,5.7,pro,bot_rookie
2026-07-27 00:12:01,0,17.4,0,1,6,2,4,3,1,1,0.70,4,1.95,3.6,0.0,0.0,6.5,1.6,1.3,3.4,chaos,bot_standard
2026-07-27 00:12:05,0,21.5,0,2,7,1,4,3,2,2,3.39,3,0.80,9.1,0.0,0.3,4.4,1.5,2.6,3.1,pro_optimized_v2,bot_rookie
2026-07-27 00:12:08,0,14.3,0,2,5,1,7,3,0,0,0.00,0,0.00,0.0,0.0,0.0,0.0,0.0,0.0,0.0,base,bot_rookie
2026-07-27 00:12:10,0,7.8,0,3,0,0,3,3,0,0,0.00,4,0.44,2.3,0.5,0.0,1.0,0.8,0.0,3.1,pro_learned_v4,bot_standard
2026-07-27 00:12:13,1,12.0,1,0,6,3,4,2,0,0,0.00,3,0.85,4.2,0.0,0.0,1.3,2.6,0.0,3.0,pro,bot_standard
2026-07-27 00:12:16,0,16.5,0,2,6,1,6,3,2,2,1.13,6,0.40,6.2,0.0,0.3,1.9,1.8,2.6,3.1,pro_optimized_v2,bot_standard
2026-07-27 00:12:19,0,17.8,0,2,6,1,5,3,1,1,0.62,3,0.56,8.6,0.0,0.0,0.8,2.0,3.1,2.9,pro_optimized_v1,bot_standard
2026-07-27 00:12:21,0,8.4,0,1,4,2,6,3,0,0,0.00,0,0.00,0.0,0.0,0.0,0.0,0.0,0.0,0.0,base,bot_rusher
2026-07-27 00:12:24,0,10.1,0,3,6,0,4,3,1,2,0.43,5,0.39,2.9,0.0,1.0,0.8,1.2,1.3,2.9,chaos,bot_rusher
2026-07-27 00:12:28,0,23.4,0,2,12,1,8,3,1,1,3.22,10,0.85,1.6,0.5,0.5,5.2,3.4,1.3,10.4,chaos,bot_slippery
2026-07-27 00:12:31,0,17.4,0,1,11,2,6,3,2,1,0.46,4,1.63,2.9,0.0,1.0,1.8,2.9,1.3,6.5,chaos,bot_standard
2026-07-27 00:12:34,0,17.7,0,1,11,2,11,3,0,0,0.00,0,0.00,0.0,0.0,0.0,0.0,0.0,0.0,0.0,base,bot_rusher
2026-07-27 00:12:37,0,16.2,0,2,10,1,4,3,2,3,1.18,4,0.87,4.4,0.0,0.3,3.4,0.9,2.6,4.2,pro_optimized_v2,bot_rusher
2026-07-27 00:12:41,0,19.7,0,1,6,2,7,3,0,0,0.00,4,2.01,2.6,3.4,0.0,6.0,3.4,0.0,3.4,pro_learned_v4,bot_rookie
2026-07-27 00:12:44,0,13.7,0,1,6,2,3,3,1,0,0.00,6,0.91,3.4,0.0,0.0,0.8,0.8,1.3,6.5,pro,bot_rusher
2026-07-27 00:12:46,0,13.5,0,2,8,1,5,3,1,1,1.72,3,0.83,6.3,0.0,0.0,0.8,1.6,1.3,3.1,pro_learned_v5,bot_camper
2026-07-27 00:12:49,0,11.8,0,3,4,0,4,3,0,0,0.00,4,1.14,2.9,0.8,0.0,3.5,1.3,0.0,3.4,pro_optimized_v1_origin,bot_camper
2026-07-27 00:12:54,1,32.4,2,0,17,3,8,1,0,0,0.00,16,0.96,2.6,0.0,0.0,9.4,3.6,0.0,15.9,pro_optimized_v1_origin,bot_slippery
2026-07-27 00:12:58,0,19.4,0,1,14,2,8,3,0,0,0.00,4,1.77,2.3,1.3,0.0,5.2,4.1,0.0,5.5,pro_learned_v4,bot_standard
2026-07-27 00:13:00,1,13.4,2,0,6,3,7,1,1,1,1.52,1,1.28,2.9,0.5,0.3,0.3,4.1,1.3,3.1,pro_optimized_v1,bot_slippery
2026-07-27 00:13:03,0,11.1,0,2,4,1,7,3,0,0,0.00,0,0.00,0.0,0.0,0.0,0.0,0.0,0.0,0.0,base,bot_camper
2026-07-27 00:13:07,0,26.0,0,1,9,2,5,3,1,1,1.68,3,0.61,18.2,0.0,0.0,1.3,1.4,1.3,3.1,pro_learned_v5,bot_standard
2026-07-27 00:13:10,0,11.2,0,3,3,0,6,3,0,0,0.00,0,0.00,0.0,0.0,0.0,0.0,0.0,0.0,0.0,base,bot_rusher
2026-07-27 00:13:12,0,8.6,0,2,6,1,3,3,0,0,0.00,4,0.44,3.9,0.0,0.0,0.8,1.0,0.0,2.6,pro_optimized_v1,bot_camper
2026-07-27 00:13:14,0,13.0,0,1,5,2,7,3,0,0,0.00,4,1.19,2.6,0.5,0.0,2.4,3.4,0.0,3.1,pro_learned_v4,bot_rookie
2026-07-27 00:13:17,0,12.4,0,3,8,0,4,3,0,0,0.00,4,1.25,1.8,1.3,0.0,1.6,2.0,0.0,5.7,chaos,bot_rusher
2026-07-27 00:13:20,0,11.0,0,3,7,0,3,3,0,0,0.00,3,0.97,2.3,3.4,0.0,0.6,1.0,0.0,3.6,pro_optimized_v1_origin,bot_camper
2026-07-27 00:13:22,0,12.5,0,3,1,0,6,3,2,2,0.88,5,0.39,0.3,2.3,0.0,1.6,2.9,2.3,3.2,pro_learned_v4,bot_camper
2026-07-27 00:13:25,0,9.9,0,2,4,1,4,3,0,0,0.00,4,0.75,2.6,0.5,0.0,1.3,1.6,0.0,3.4,pro_optimized_v1_origin,bot_slippery
2026-07-27 00:13:27,0,9.9,0,3,3,0,3,3,0,0,0.00,5,0.32,4.9,0.0,0.0,0.5,1.0,0.0,3.4,pro_optimized_v1,bot_camper
2026-07-27 00:13:30,0,13.5,0,2,5,1,6,3,0,0,0.00,3,2.02,4.2,0.0,0.0,2.6,2.6,0.0,3.6,pro_optimized_v1_origin,bot_rookie
2026-07-27 00:13:32,0,11.1,0,3,2,0,4,3,1,1,0.38,2,1.53,4.4,0.0,0.0,1.6,1.0,1.3,2.9,pro_learned_v5,bot_camper
2026-07-27 00:13:35,0,13.7,0,3,10,0,7,3,2,2,0.98,5,0.49,4.2,0.0,0.0,1.8,2.3,2.6,2.9,pro_optimized_v3,bot_standard
2026-07-27 00:13:37,0,10.2,0,2,4,1,3,3,0,0,0.00,3,1.32,3.9,0.0,0.0,1.8,0.9,0.0,3.1,pro_optimized_v1_origin,bot_rusher
2026-07-27 00:13:39,0,8.5,0,2,3,1,4,3,0,0,0.00,2,1.69,3.4,0.5,0.0,0.0,1.0,0.0,3.1,pro_optimized_v3,bot_slippery
2026-07-27 00:13:43,0,18.1,0,2,9,1,5,3,2,1,0.54,5,0.82,4.4,0.5,0.8,2.9,2.2,2.9,3.9,chaos,bot_camper
2026-07-27 00:13:46,0,19.4,0,2,10,1,4,3,2,3,1.21,4,1.17,7.3,0.0,0.0,4.2,2.0,2.6,2.9,pro_optimized_v3,bot_camper
2026-07-27 00:13:49,1,13.1,1,0,12,3,4,2,2,2,1.29,3,1.07,4.2,0.0,0.0,1.3,1.0,2.6,3.1,pro_learned_v5,bot_standard
2026-07-27 00:13:54,1,31.7,1,0,12,3,6,2,0,0,0.00,8,1.81,8.6,0.3,2.1,4.7,3.4,0.0,11.7,pro,bot_standard
2026-07-27 00:13:57,0,11.1,0,1,9,2,6,3,0,0,0.00,0,0.00,0.0,0.0,0.0,0.0,0.0,0.0,0.0,base,bot_rusher
2026-07-27 00:14:00,0,20.2,0,3,4,0,5,3,1,1,0.64,3,1.63,11.2,0.0,0.0,3.4,1.6,1.3,2.9,pro_optimized_v3,bot_camper
2026-07-27 00:14:03,0,16.3,0,1,10,2,6,3,2,1,1.20,5,0.93,5.2,0.3,0.0,2.3,1.8,2.6,3.1,pro_learned_v5,bot_slippery
2026-07-27 00:14:08,0,26.8,0,3,17,0,27,3,0,0,0.00,0,0.00,0.0,0.0,0.0,0.0,0.0,0.0,0.0,base,bot_rookie
2026-07-27 00:14:10,0,11.5,0,2,7,1,3,3,2,3,0.56,3,0.62,4.2,0.0,0.0,0.5,0.6,2.6,3.1,pro_optimized_v3,bot_rusher
2026-07-27 00:14:14,0,19.0,0,2,6,1,8,3,3,1,1.28,5,1.01,6.8,0.0,0.0,1.8,2.9,3.9,3.1,pro_learned_v5,bot_standard
2026-07-27 00:14:16,0,12.5,0,3,4,0,3,3,3,2,1.44,1,2.28,4.4,0.0,0.0,1.6,0.8,2.9,2.9,pro_learned_v5,bot_rookie
2026-07-27 00:14:20,0,20.5,0,1,8,2,4,3,0,0,0.00,6,1.65,4.9,0.0,1.8,2.9,1.3,0.0,8.6,pro,bot_rookie
2026-07-27 00:14:24,1,25.4,1,0,13,3,4,2,1,0,0.00,10,0.92,4.9,0.0,0.5,2.6,2.1,1.3,13.0,pro,bot_rusher
2026-07-27 00:14:28,0,18.0,0,2,9,1,4,3,2,1,2.50,4,1.23,6.3,0.0,0.0,4.2,1.3,2.6,3.1,pro_optimized_v2,bot_slippery
2026-07-27 00:14:30,0,9.7,0,3,0,0,5,3,0,0,0.00,5,0.37,4.4,0.0,0.0,0.8,1.3,0.0,3.1,pro_optimized_v3,bot_camper
2026-07-27 00:14:32,0,10.9,0,1,5,2,6,3,0,0,0.00,4,1.04,2.1,0.0,0.0,2.3,2.6,0.0,2.9,pro_learned_v4,bot_standard
2026-07-27 00:14:35,0,12.8,0,1,9,2,4,3,3,3,1.41,1,0.74,4.4,0.0,0.0,1.3,0.9,2.9,2.3,pro_optimized_v3,bot_rusher
2026-07-27 00:14:38,0,12.5,0,2,7,1,7,3,1,1,1.92,3,0.76,3.4,0.0,0.3,0.8,2.9,1.3,3.4,pro_optimized_v2,bot_rusher
2026-07-27 00:14:40,0,11.4,0,2,5,1,3,3,0,0,0.00,4,0.93,3.4,1.0,0.0,1.6,0.7,0.0,4.2,pro_optimized_v1_origin,bot_standard
2026-07-27 00:14:43,0,17.4,0,2,9,1,4,3,2,3,1.02,4,1.28,6.7,0.5,0.0,2.9,1.0,2.6,3.1,pro_optimized_v3,bot_camper
2026-07-27 00:14:46,1,15.7,2,0,14,3,8,1,0,0,0.00,2,1.18,3.4,1.6,0.8,2.1,5.3,0.0,1.6,pro_learned_v4,bot_slippery
2026-07-27 00:14:49,0,12.5,0,1,9,2,5,3,1,0,0.00,4,1.02,3.1,0.5,0.0,1.3,2.2,1.3,3.1,pro_optimized_v1,bot_rusher
2026-07-27 00:14:53,0,19.3,0,3,7,0,8,3,1,1,0.70,3,0.73,7.8,0.0,0.0,2.1,4.7,1.3,3.4,chaos,bot_rookie
2026-07-27 00:14:55,0,11.5,0,2,3,1,4,3,2,3,0.63,1,2.30,3.4,0.5,0.0,1.6,1.3,1.8,2.9,pro_optimized_v3,bot_slippery
2026-07-27 00:14:58,0,14.6,0,2,2,1,3,3,1,0,0.00,4,0.80,5.5,0.0,0.0,1.0,0.8,3.4,3.4,chaos,bot_slippery
2026-07-27 00:15:01,1,15.8,2,0,12,3,12,1,0,0,0.00,0,0.00,0.0,0.0,0.0,0.0,0.0,0.0,0.0,base,bot_rusher
2026-07-27 00:15:04,0,15.5,0,1,3,2,3,3,0,0,0.00,2,0.78,10.7,0.0,0.0,0.8,0.7,0.0,2.3,pro_learned_v4,bot_rookie
2026-07-27 00:15:07,1,15.2,2,0,8,3,1,1,0,0,0.00,4,1.87,5.5,0.0,0.0,6.7,0.3,0.0,1.8,pro_optimized_v1_origin,bot_standard
2026-07-27 00:15:11,0,21.0,0,1,11,2,3,3,2,1,1.32,7,1.23,1.3,1.3,2.3,0.3,1.0,1.6,12.2,pro,bot_camper
2026-07-27 00:15:14,0,19.2,0,1,11,2,8,3,1,1,1.70,6,1.12,2.3,0.5,0.0,2.1,3.9,1.3,8.1,pro_optimized_v1,bot_standard
2026-07-27 00:15:17,0,9.5,0,1,6,2,3,3,0,0,0.00,4,0.46,4.2,0.0,0.0,0.5,0.7,0.0,3.1,pro_optimized_v1_origin,bot_rusher
2026-07-27 00:15:20,1,21.0,2,0,11,3,5,1,1,0,0.00,7,1.00,3.6,0.0,0.5,5.5,2.3,1.3,6.8,pro,bot_standard
2026-07-27 00:15:22,1,7.2,3,0,6,3,2,0,1,1,0.42,0,0.00,1.3,0.0,0.0,2.3,1.3,1.3,0.0,chaos,bot_slippery
2026-07-27 00:15:26,1,23.9,1,0,16,3,7,2,2,4,1.96,4,0.67,8.3,0.0,1.0,6.0,1.6,2.6,3.4,pro_optimized_v2,bot_slippery
2026-07-27 00:15:29,0,9.4,0,3,2,0,3,3,0,0,0.00,6,0.34,3.6,0.0,0.0,0.3,1.0,0.0,4.4,pro,bot_rookie
2026-07-27 00:15:31,0,12.5,0,1,5,2,6,3,0,0,0.00,2,1.21,3.6,1.0,0.0,1.0,3.2,0.0,2.6,pro_optimized_v1_origin,bot_standard
2026-07-27 00:15:36,1,27.0,2,0,12,3,4,1,1,1,0.38,8,0.68,10.7,0.8,1.3,0.3,2.9,1.3,8.8,pro,bot_standard
2026-07-27 00:15:38,0,10.8,0,2,1,1,3,3,0,0,0.00,4,0.51,6.5,0.0,0.0,0.5,0.5,0.0,3.1,pro_learned_v4,bot_standard
2026-07-27 00:15:41,1,15.8,2,0,8,3,3,1,2,1,0.68,3,1.15,8.3,0.0,0.0,2.1,1.0,2.1,1.3,pro_optimized_v3,bot_slippery
2026-07-27 00:15:44,0,11.7,0,3,6,0,4,3,2,1,1.32,3,0.68,4.2,0.0,0.3,0.8,0.8,2.6,3.1,pro_optimized_v2,bot_rusher
2026-07-27 00:15:48,0,27.7,0,1,8,2,3,3,0,0,0.00,7,1.42,10.4,0.0,0.3,6.2,0.7,0.0,9.1,pro,bot_standard
2026-07-27 00:15:51,0,11.9,0,1,4,2,4,3,1,0,0.00,5,0.84,3.1,0.0,0.0,1.6,1.0,1.3,3.9,chaos,bot_slippery
2026-07-27 00:15:53,0,9.5,0,2,7,1,4,3,0,0,0.00,4,0.56,4.4,0.0,0.0,0.5,0.9,0.0,3.1,pro_optimized_v2,bot_rusher
2026-07-27 00:15:57,0,21.0,0,1,13,2,7,3,3,3,0.60,6,0.52,7.0,0.0,0.0,3.6,2.6,3.9,2.9,pro_optimized_v3,bot_rookie
2026-07-27 00:15:59,0,11.7,0,3,4,0,5,3,1,1,2.02,3,0.37,2.9,0.0,0.5,1.8,1.9,1.6,3.1,pro_optimized_v1,bot_camper
2026-07-27 00:16:04,0,29.3,0,3,3,0,4,3,0,0,0.00,2,2.73,21.8,0.3,0.0,2.9,1.3,0.0,3.1,pro_optimized_v3,bot_rookie
2026-07-27 00:16:07,1,9.9,2,0,8,3,7,1,0,0,0.00,0,0.00,0.0,0.0,0.0,0.0,0.0,0.0,0.0,base,bot_standard
2026-07-27 00:16:10,0,16.1,0,3,5,0,7,3,1,2,1.20,3,0.89,7.3,1.0,0.0,1.6,1.8,1.3,3.1,pro_learned_v5,bot_camper
2026-07-27 00:16:13,0,20.0,0,2,7,1,4,3,1,1,2.02,3,1.61,8.8,0.0,0.3,0.0,1.6,1.3,7.5,pro_optimized_v2,bot_rusher
2026-07-27 00:16:16,0,11.5,0,3,4,0,4,3,2,1,1.34,4,0.47,2.1,0.3,0.0,2.3,1.1,2.6,3.1,pro_learned_v5,bot_standard
2026-07-27 00:16:18,1,11.6,1,0,8,3,5,2,0,0,0.00,4,0.65,2.3,1.0,0.0,1.0,2.8,0.0,3.4,pro_learned_v4,bot_rusher
2026-07-27 00:16:21,0,12.6,0,3,3,0,3,3,2,3,1.43,1,0.96,4.1,0.0,0.3,1.8,0.8,2.6,3.1,pro_optimized_v2,bot_rookie
2026-07-27 00:16:23,0,10.2,0,2,4,1,3,3,0,0,0.00,4,1.17,1.3,0.5,0.0,4.2,0.6,0.0,3.1,pro_optimized_v1_origin,bot_rusher
2026-07-27 00:16:26,0,15.7,0,2,6,1,4,3,0,0,0.00,8,0.44,3.6,1.8,0.0,3.9,1.3,0.0,4.6,pro_optimized_v1_origin,bot_camper
2026-07-27 00:16:30,0,16.9,0,2,6,1,7,3,1,1,3.32,2,1.37,7.6,0.0,0.0,2.1,2.6,1.3,2.9,pro_optimized_v3,bot_rookie
2026-07-27 00:16:32,0,14.4,0,1,7,2,5,3,2,2,1.08,2,0.92,6.2,0.0,0.0,0.8,1.2,2.6,2.6,pro_optimized_v3,bot_rusher
2026-07-27 00:16:35,1,15.2,1,0,8,3,4,2,1,1,0.56,7,0.64,3.1,0.3,0.3,5.2,1.6,1.3,2.5,pro,bot_slippery
2026-07-27 00:16:39,1,17.0,1,0,5,3,5,2,3,1,3.40,1,2.06,7.3,0.0,0.0,1.3,1.5,2.9,3.1,pro_optimized_v2,bot_slippery
2026-07-27 00:16:42,1,16.4,1,0,12,3,7,2,2,2,0.48,2,1.16,1.8,0.0,0.3,1.6,3.8,5.2,2.9,pro_optimized_v1,bot_rusher
2026-07-27 00:16:44,0,10.2,0,2,5,1,8,3,0,0,0.00,0,0.00,0.0,0.0,0.0,0.0,0.0,0.0,0.0,base,bot_rusher
2026-07-27 00:16:48,0,19.3,0,1,10,2,5,3,2,1,0.58,4,0.59,3.6,0.0,0.0,2.1,2.4,6.8,3.4,pro_optimized_v1,bot_standard
2026-07-27 00:16:50,0,13.1,0,2,7,1,5,3,0,0,0.00,5,0.50,5.7,0.0,0.0,1.3,2.7,0.0,2.9,pro_optimized_v1_origin,bot_slippery
2026-07-27 00:16:57,0,43.5,0,2,6,1,5,3,0,0,0.00,6,3.02,34.8,0.0,0.0,3.1,2.1,0.0,3.4,pro_optimized_v1_origin,bot_slippery
2026-07-27 00:17:01,0,20.0,0,2,9,1,9,3,0,0,0.00,5,1.09,4.2,1.6,0.0,1.8,4.9,0.0,7.0,pro_optimized_v1_origin,bot_camper
2026-07-27 00:17:03,0,9.7,0,3,7,0,3,3,1,1,2.38,3,0.70,2.3,0.0,0.0,1.8,1.1,1.3,3.1,pro_optimized_v3,bot_rusher
2026-07-27 00:17:06,0,14.5,0,2,5,1,4,3,1,0,0.00,4,1.00,5.5,0.0,0.3,3.1,1.0,1.3,2.9,pro_learned_v4,bot_camper
2026-07-27 00:17:09,1,17.3,1,0,8,3,7,2,1,0,0.00,4,1.57,3.4,0.0,0.0,3.4,2.8,1.3,5.5,pro_optimized_v1,bot_slippery
2026-07-27 00:17:13,1,24.6,1,0,13,3,8,2,3,2,2.66,4,0.96,8.6,0.0,0.8,3.1,3.1,3.8,4.2,pro_optimized_v2,bot_standard
2026-07-27 00:17:16,0,10.5,0,3,4,0,4,3,1,1,0.44,3,0.53,4.7,0.0,0.0,0.6,1.8,1.3,2.1,pro_optimized_v1,bot_camper
2026-07-27 00:17:19,1,16.7,1,0,6,3,4,2,2,1,1.12,4,1.03,3.4,0.0,0.0,2.9,1.0,5.6,2.9,pro_optimized_v1,bot_rookie
2026-07-27 00:17:23,0,22.4,0,1,15,2,13,3,0,0,0.00,5,1.45,3.6,0.0,0.0,3.1,8.1,0.0,6.8,pro_optimized_v1_origin,bot_slippery
2026-07-27 00:17:27,0,25.7,0,3,10,0,5,3,1,1,0.44,13,0.66,6.5,0.0,1.0,2.9,2.1,1.3,12.0,pro,bot_camper
2026-07-27 00:17:30,0,13.0,0,2,5,1,7,3,0,0,0.00,0,0.00,0.0,0.0,0.0,0.0,0.0,0.0,0.0,base,bot_rookie
2026-07-27 00:17:33,0,18.3,0,1,10,2,6,3,1,1,0.28,5,0.64,2.3,0.5,0.0,2.3,3.5,1.3,7.3,pro_optimized_v1,bot_rusher
2026-07-27 00:17:36,0,19.7,0,2,9,1,6,3,2,0,0.00,6,0.70,4.4,1.3,0.0,3.9,2.8,3.1,3.6,pro_optimized_v1_origin,bot_rookie
2026-07-27 00:17:39,1,12.7,2,0,10,3,5,1,1,1,0.86,1,1.26,6.0,0.5,0.0,1.0,2.9,1.3,0.0,pro_optimized_v1,bot_slippery
2026-07-27 00:17:43,1,23.0,1,0,14,3,6,2,0,0,0.00,9,0.85,5.7,0.5,0.0,3.6,3.4,0.0,8.8,chaos,bot_slippery
2026-07-27 00:17:47,0,22.1,0,1,12,2,16,3,0,0,0.00,0,0.00,0.0,0.0,0.0,0.0,0.0,0.0,0.0,base,bot_standard
2026-07-27 00:17:50,0,18.2,0,2,5,1,3,3,2,2,0.82,1,2.24,10.1,1.0,0.0,1.3,1.2,1.6,2.9,pro_learned_v5,bot_camper
2026-07-27 00:17:53,0,13.0,0,1,8,2,6,3,0,0,0.00,3,0.97,3.4,0.3,0.0,0.8,3.4,0.0,4.2,pro_learned_v4,bot_rusher
2026-07-27 00:17:56,0,15.4,0,3,3,0,4,3,0,0,0.00,0,0.00,0.0,0.0,0.0,0.0,0.0,0.0,0.0,base,bot_rookie
2026-07-27 00:17:59,0,11.9,0,3,2,0,6,3,0,0,0.00,3,0.91,5.5,0.0,0.0,1.0,2.5,0.0,2.9,pro_optimized_v2,bot_slippery
2026-07-27 00:18:02,0,19.7,0,1,13,2,7,3,0,0,0.00,7,1.20,3.6,0.8,0.0,5.5,2.9,0.0,6.0,pro_optimized_v1_origin,bot_standard
2026-07-27 00:18:05,1,14.9,1,0,7,3,5,2,0,0,0.00,5,1.23,3.1,0.0,0.0,2.2,3.1,0.0,5.5,pro_learned_v4,bot_rookie
2026-07-27 00:18:08,0,11.4,0,1,2,2,4,3,0,0,0.00,0,0.00,0.0,0.0,0.0,0.0,0.0,0.0,0.0,base,bot_camper
2026-07-27 00:18:10,1,14.0,1,0,13,3,8,2,1,1,0.70,4,0.68,0.3,0.0,0.0,3.6,3.9,1.3,3.9,chaos,bot_slippery
2026-07-27 00:18:13,0,14.3,0,3,5,0,3,3,2,1,2.58,4,0.43,6.5,0.0,0.0,1.0,1.0,2.6,3.1,pro_learned_v5,bot_standard
2026-07-27 00:18:16,1,9.0,1,0,5,3,2,2,0,0,0.00,2,0.84,4.2,0.0,0.0,0.8,0.5,0.0,2.6,pro_optimized_v1_origin,bot_rusher
2026-07-27 00:18:18,0,13.3,0,1,5,2,7,3,0,0,0.00,0,0.00,0.0,0.0,0.0,0.0,0.0,0.0,0.0,base,bot_camper
2026-07-27 00:18:21,0,15.9,0,2,4,1,4,3,0,0,0.00,1,0.74,10.7,0.0,0.0,0.5,0.9,0.0,3.4,pro_optimized_v1_origin,bot_rusher
2026-07-27 00:18:24,1,12.4,1,0,10,3,6,2,0,0,0.00,2,0.81,4.9,0.0,0.0,2.1,3.4,0.0,1.0,pro_learned_v4,bot_standard
2026-07-27 00:18:27,0,12.5,0,2,8,1,10,3,0,0,0.00,0,0.00,0.0,0.0,0.0,0.0,0.0,0.0,0.0,base,bot_rusher
2026-07-27 00:18:29,0,11.0,0,3,3,0,3,3,0,0,0.00,3,1.09,1.8,0.3,0.0,4.3,0.8,0.0,3.9,pro_optimized_v1_origin,bot_slippery
2026-07-27 00:18:31,0,9.6,0,3,4,0,3,3,0,0,0.00,3,1.24,2.6,0.8,0.8,1.6,0.7,0.0,3.1,pro_learned_v4,bot_rookie
2026-07-27 00:18:34,0,12.7,0,2,2,1,5,3,1,1,0.58,4,0.98,5.5,0.3,0.0,0.8,1.3,1.3,3.1,pro_optimized_v3,bot_camper
2026-07-27 00:18:38,0,18.4,0,2,9,1,5,3,3,1,2.46,6,0.51,8.3,0.0,0.0,2.6,1.3,2.9,2.9,pro_optimized_v3,bot_slippery
2026-07-27 00:18:41,0,15.9,0,3,10,0,6,3,2,1,2.80,5,0.71,1.6,1.0,0.0,5.5,2.3,2.6,2.9,pro_learned_v4,bot_rookie
2026-07-27 00:18:44,0,21.6,0,1,9,2,5,3,0,0,0.00,12,0.71,4.7,0.0,0.0,4.7,1.6,0.0,9.6,pro_optimized_v1_origin,bot_rookie
2026-07-27 00:18:49,0,27.6,0,2,10,1,12,3,3,4,0.83,3,1.03,11.2,0.0,0.0,2.9,5.2,3.9,3.9,pro_learned_v5,bot_standard
2026-07-27 00:18:51,0,11.0,0,1,4,2,5,3,0,0,0.00,3,0.65,3.1,0.3,0.0,1.0,2.5,0.0,3.1,pro_learned_v4,bot_standard
2026-07-27 00:18:54,0,12.6,0,2,4,1,3,3,1,1,2.00,5,0.51,5.2,0.0,0.3,1.8,0.6,1.3,2.9,pro_optimized_v1,bot_rookie
2026-07-27 00:18:59,0,31.3,0,3,14,0,10,3,3,1,0.30,6,1.34,12.1,0.0,1.3,7.3,3.9,3.9,2.9,pro_optimized_v2,bot_rookie
2026-07-27 00:19:03,1,21.6,2,0,15,3,9,1,0,0,0.00,6,0.93,4.4,0.0,0.0,1.8,5.0,0.0,9.4,chaos,bot_rusher
2026-07-27 00:19:06,0,15.3,0,2,8,1,5,3,1,1,1.52,4,0.88,6.2,0.0,0.0,2.6,1.8,1.3,2.9,pro_optimized_v3,bot_rookie
2026-07-27 00:19:08,0,9.5,0,2,6,1,3,3,0,0,0.00,1,1.44,5.2,0.0,0.0,0.3,0.6,0.0,2.9,pro_optimized_v3,bot_rusher
2026-07-27 00:19:12,1,23.8,1,0,15,3,8,2,0,0,0.00,4,0.96,9.6,0.8,0.3,0.8,5.5,0.0,5.9,pro_learned_v4,bot_rusher
2026-07-27 00:19:17,0,31.4,0,1,5,2,5,3,1,1,1.64,3,0.91,22.6,0.0,0.0,2.3,1.5,1.3,2.6,pro_optimized_v3,bot_rookie
2026-07-27 00:19:21,0,22.4,0,2,6,1,5,3,1,1,0.50,5,1.24,5.2,0.5,0.0,5.2,1.9,1.3,7.8,pro_optimized_v1,bot_standard
2026-07-27 00:19:24,0,10.0,0,3,1,0,4,3,1,2,0.56,5,0.32,2.9,0.0,0.0,1.3,2.0,1.3,2.6,pro_optimized_v1,bot_camper
2026-07-27 00:19:28,0,23.9,0,1,11,2,7,3,3,3,1.81,2,1.40,6.8,0.0,0.5,4.4,2.6,3.9,4.7,pro_optimized_v2,bot_standard
2026-07-27 00:19:31,0,15.1,0,1,9,2,14,3,0,0,0.00,0,0.00,0.0,0.0,0.0,0.0,0.0,0.0,0.0,base,bot_standard
2026-07-27 00:19:34,0,13.9,0,2,5,1,4,3,0,0,0.00,7,0.79,2.1,0.0,1.3,1.0,1.5,0.0,7.5,chaos,bot_slippery
2026-07-27 00:19:37,1,19.5,2,0,12,3,5,1,3,2,2.10,4,0.82,7.8,0.0,0.0,3.6,1.9,3.9,1.3,pro_optimized_v3,bot_slippery
2026-07-27 00:19:41,0,20.3,0,1,9,2,6,3,2,2,1.44,7,0.70,3.4,0.0,0.5,3.1,2.2,2.9,7.3,pro_optimized_v1,bot_standard
2026-07-27 00:19:43,0,13.8,0,3,4,0,4,3,1,1,1.66,5,0.54,6.0,0.0,0.8,1.6,1.0,1.3,3.1,pro_optimized_v2,bot_camper
2026-07-27 00:19:47,0,22.7,0,1,5,2,9,3,0,0,0.00,0,0.00,0.0,0.0,0.0,0.0,0.0,0.0,0.0,base,bot_rusher
2026-07-27 00:19:50,1,14.3,2,0,8,3,6,1,2,1,1.26,4,0.79,2.6,0.5,0.5,2.3,2.6,2.6,2.1,pro_optimized_v1,bot_slippery
2026-07-27 00:19:53,1,14.3,2,0,9,3,6,1,0,0,0.00,8,0.45,1.8,0.0,0.0,2.6,3.6,0.0,5.3,pro_optimized_v1,bot_slippery
2026-07-27 00:19:56,1,17.0,2,0,10,3,6,1,2,1,1.18,5,1.01,2.9,0.0,0.0,4.7,3.1,4.4,0.9,pro,bot_slippery
2026-07-27 00:19:58,1,8.1,1,0,6,3,5,2,0,0,0.00,0,0.00,0.0,0.0,0.0,0.0,0.0,0.0,0.0,base,bot_rusher
2026-07-27 00:20:01,0,13.8,0,1,6,2,6,3,1,0,0.00,3,1.11,4.8,0.0,0.0,1.8,1.8,1.3,3.1,pro_learned_v5,bot_slippery
2026-07-27 00:20:04,1,15.8,2,0,7,3,6,1,2,1,1.00,6,0.48,1.6,0.3,0.0,2.3,3.4,2.6,4.7,pro_optimized_v1,bot_camper
2026-07-27 00:20:07,0,14.6,0,1,8,2,6,3,1,1,0.24,4,0.77,3.6,0.8,0.3,1.6,2.9,1.6,3.0,pro_optimized_v1,bot_standard
2026-07-27 00:20:13,0,33.3,0,1,18,2,13,3,5,5,1.28,7,1.72,6.8,0.0,0.8,10.2,4.7,6.5,3.4,pro_optimized_v2,bot_rookie
2026-07-27 00:20:15,1,11.6,1,0,8,3,10,2,0,0,0.00,0,0.00,0.0,0.0,0.0,0.0,0.0,0.0,0.0,base,bot_rusher
2026-07-27 00:20:18,0,16.4,0,2,12,1,7,3,1,1,0.92,5,1.01,5.7,0.0,1.0,2.1,2.6,1.3,3.1,pro_optimized_v2,bot_standard
2026-07-27 00:20:22,1,18.6,1,0,8,3,4,2,2,2,2.29,2,2.70,5.7,0.0,0.0,5.2,1.0,2.6,3.1,pro_optimized_v2,bot_rusher
2026-07-27 00:20:24,0,12.7,0,3,9,0,6,3,0,0,0.00,3,1.02,0.8,3.4,0.8,2.3,2.3,0.0,3.1,pro_learned_v4,bot_rookie
2026-07-27 00:20:27,0,11.9,0,3,3,0,5,3,1,2,0.65,3,0.83,4.7,0.0,0.0,1.3,1.5,1.3,3.1,pro_learned_v5,bot_camper
2026-07-27 00:20:30,0,13.6,0,1,4,2,3,3,1,1,0.42,5,0.98,3.6,0.0,0.0,1.6,0.7,1.6,5.2,chaos,bot_rookie
2026-07-27 00:20:33,0,15.8,0,2,9,1,9,3,0,0,0.00,5,1.20,3.1,0.5,0.0,2.9,4.4,0.0,4.4,pro_optimized_v1_origin,bot_standard
2026-07-27 00:20:35,0,11.7,0,2,4,1,5,3,1,0,0.00,4,0.75,3.1,0.5,0.0,1.3,1.8,1.3,3.1,pro_learned_v4,bot_rusher
2026-07-27 00:20:39,0,16.9,0,1,6,2,3,3,1,1,0.56,10,0.64,2.3,0.0,1.3,1.6,0.6,1.3,9.1,chaos,bot_camper
2026-07-27 00:20:42,0,15.8,0,2,9,1,11,3,0,0,0.00,0,0.00,0.0,0.0,0.0,0.0,0.0,0.0,0.0,base,bot_slippery
2026-07-27 00:20:44,0,13.0,0,1,5,2,6,3,2,2,0.79,2,1.13,2.1,0.3,0.0,2.1,2.9,2.6,2.1,chaos,bot_camper
2026-07-27 00:20:48,0,19.5,0,1,12,2,10,3,2,2,1.19,5,0.89,6.5,0.0,0.0,2.9,3.7,2.6,2.9,pro_learned_v5,bot_slippery
2026-07-27 00:20:51,0,20.2,0,2,7,1,3,3,1,1,1.08,9,0.54,6.2,1.8,0.0,1.6,1.0,1.3,7.8,chaos,bot_camper
2026-07-27 00:20:55,0,17.9,0,1,6,2,8,3,2,1,1.54,5,0.36,3.9,0.0,0.0,2.6,4.5,3.4,2.9,chaos,bot_standard
2026-07-27 00:20:59,0,20.8,0,1,6,2,8,3,1,2,1.24,4,0.65,10.4,0.0,0.0,2.3,3.0,1.3,3.1,pro_learned_v5,bot_camper
2026-07-27 00:21:04,0,31.2,0,1,20,2,12,3,4,4,0.91,5,1.49,6.8,0.0,0.3,2.6,4.9,5.2,10.4,chaos,bot_slippery
2026-07-27 00:21:07,0,22.1,0,2,9,1,4,3,2,2,1.32,3,2.97,6.8,0.0,0.0,8.1,1.3,2.6,2.9,pro_optimized_v2,bot_standard
2026-07-27 00:21:11,0,19.2,0,1,10,2,6,3,2,4,0.91,4,0.79,7.0,0.0,0.0,4.2,1.6,2.6,2.9,pro_optimized_v3,bot_rookie
2026-07-27 00:21:14,0,12.7,0,1,6,2,4,3,1,0,0.00,5,0.84,3.4,0.0,0.5,2.1,1.3,1.3,3.1,pro_optimized_v1,bot_camper
2026-07-27 00:21:17,1,19.9,1,0,11,3,6,2,2,1,0.58,5,0.69,8.1,0.0,0.5,0.0,3.1,2.3,4.9,pro,bot_rusher
2026-07-27 00:21:20,0,12.6,0,3,5,0,5,3,0,0,0.00,4,1.01,4.2,0.0,0.0,3.9,1.7,0.0,2.9,pro_optimized_v1_origin,bot_rookie
2026-07-27 00:21:24,0,23.8,0,1,8,2,5,3,2,1,0.48,8,0.86,8.3,0.0,0.0,3.1,1.8,2.9,6.8,pro_optimized_v1,bot_slippery
2026-07-27 00:21:27,0,12.7,0,1,9,2,4,3,1,1,2.84,2,0.96,2.9,1.0,0.0,1.3,1.7,2.3,2.9,pro_learned_v4,bot_standard
2026-07-27 00:21:29,0,10.1,0,2,5,1,5,3,0,0,0.00,5,0.52,3.9,0.3,0.0,1.1,1.6,0.0,2.9,chaos,bot_slippery
2026-07-27 00:21:32,0,18.1,0,2,2,1,4,3,2,2,2.51,1,1.04,7.3,0.0,0.0,2.9,1.8,2.6,3.1,pro_optimized_v1,bot_slippery
2026-07-27 00:21:36,0,19.5,0,1,9,2,9,3,0,0,0.00,5,1.04,5.2,0.0,0.0,4.7,5.5,0.0,3.1,pro_learned_v4,bot_slippery
2026-07-27 00:21:39,0,16.7,0,2,7,1,6,3,2,1,2.22,3,0.72,7.3,0.0,0.0,1.0,2.2,2.6,3.1,pro_optimized_v2,bot_rusher
2026-07-27 00:21:42,0,11.1,0,2,7,1,5,3,0,0,0.00,3,1.45,0.3,0.0,0.0,4.7,2.6,0.0,3.1,pro_optimized_v1_origin,bot_rookie
2026-07-27 00:21:45,0,19.3,0,1,16,2,7,3,1,1,2.78,7,0.81,2.3,1.0,0.3,2.9,2.9,1.3,7.5,pro_optimized_v1,bot_slippery
2026-07-27 00:21:48,0,17.4,0,3,5,0,3,3,0,0,0.00,4,1.15,8.6,1.6,0.0,3.2,1.0,0.0,3.1,pro_optimized_v1_origin,bot_standard
2026-07-27 00:21:53,0,30.8,0,1,10,2,10,3,3,3,1.28,6,0.63,15.6,0.0,0.0,4.4,2.8,3.9,3.1,pro_learned_v5,bot_slippery
2026-07-27 00:21:58,0,30.9,0,2,18,1,7,3,5,4,1.08,9,0.69,11.7,0.0,0.0,7.3,1.8,6.5,3.1,pro_optimized_v3,bot_camper
2026-07-27 00:22:01,0,10.0,0,2,2,1,3,3,0,0,0.00,5,0.60,2.9,0.0,0.0,2.6,0.7,0.0,3.4,pro_optimized_v1_origin,bot_camper
2026-07-27 00:22:03,0,13.8,0,2,5,1,6,3,0,0,0.00,0,0.00,0.0,0.0,0.0,0.0,0.0,0.0,0.0,base,bot_camper
2026-07-27 00:22:06,0,9.2,0,3,3,0,3,3,0,0,0.00,2,0.88,3.6,0.0,0.0,1.3,1.4,0.0,2.9,chaos,bot_standard
2026-07-27 00:22:09,0,16.1,0,3,4,0,4,3,1,0,0.00,9,1.04,1.8,0.0,0.3,5.5,1.5,1.3,5.7,pro,bot_camper
2026-07-27 00:22:12,0,14.9,0,1,8,2,4,3,2,2,0.90,4,0.88,4.2,0.3,0.0,2.6,1.0,2.6,3.1,pro_learned_v5,bot_rusher
2026-07-27 00:22:14,0,8.9,0,2,5,1,3,3,0,0,0.00,2,1.78,3.1,0.0,0.0,0.8,1.1,0.0,3.4,pro_optimized_v1_origin,bot_rusher
2026-07-27 00:22:17,1,17.4,1,0,4,3,4,2,2,2,1.64,5,1.11,5.5,0.0,0.0,4.2,1.1,2.6,3.1,pro_optimized_v3,bot_camper
2026-07-27 00:22:20,0,12.0,0,1,9,2,10,3,0,0,0.00,0,0.00,0.0,0.0,0.0,0.0,0.0,0.0,0.0,base,bot_slippery
2026-07-27 00:22:23,1,13.7,1,0,6,3,4,2,1,1,1.02,2,1.31,2.9,0.3,0.0,3.1,2.0,1.3,3.1,chaos,bot_rusher
2026-07-27 00:22:27,1,24.1,1,0,12,3,4,2,2,2,4.37,6,0.96,2.1,0.5,0.0,4.1,1.8,2.6,12.0,pro_optimized_v1,bot_standard
2026-07-27 00:22:29,0,12.0,0,1,4,2,4,3,0,0,0.00,0,0.00,0.0,0.0,0.0,0.0,0.0,0.0,0.0,base,bot_camper
2026-07-27 00:22:34,0,25.0,0,3,3,0,9,3,3,1,0.28,7,0.61,13.0,0.0,0.0,2.6,2.6,3.9,2.9,pro_optimized_v3,bot_camper
2026-07-27 00:22:37,1,20.7,1,0,12,3,8,2,1,2,0.76,4,1.49,6.0,0.0,0.0,3.6,3.8,1.3,4.9,pro_optimized_v1_origin,bot_slippery
2026-07-27 00:22:40,0,10.1,0,3,3,0,4,3,1,0,0.00,4,0.45,3.4,0.0,0.3,0.8,1.0,1.3,3.4,pro_learned_v4,bot_rookie
2026-07-27 00:22:42,0,12.5,0,2,3,1,7,3,0,0,0.00,0,0.00,0.0,0.0,0.0,0.0,0.0,0.0,0.0,base,bot_standard
2026-07-27 00:22:46,0,24.4,0,2,6,1,5,3,0,0,0.00,13,0.72,6.5,2.1,0.0,2.6,1.5,0.0,11.2,pro_optimized_v1_origin,bot_standard
2026-07-27 00:22:49,0,9.2,0,2,2,1,4,3,0,0,0.00,5,0.50,2.6,0.5,0.0,0.8,1.2,0.0,3.6,pro_learned_v4,bot_camper
2026-07-27 00:22:51,0,9.4,0,3,4,0,5,3,0,0,0.00,3,0.59,3.9,0.0,0.0,0.8,1.6,0.0,3.1,pro_learned_v5,bot_standard
2026-07-27 00:22:55,0,24.2,0,2,6,1,9,3,2,1,0.30,4,0.88,12.7,0.0,0.0,3.6,3.1,1.3,2.9,pro_learned_v5,bot_rookie
2026-07-27 00:22:58,0,13.7,0,2,5,1,4,3,1,1,0.62,5,0.88,4.7,0.0,0.0,1.6,1.0,1.3,4.7,pro_optimized_v2,bot_standard
2026-07-27 00:23:01,0,15.7,0,3,8,0,5,3,2,3,1.49,2,0.52,7.0,0.0,0.0,1.6,1.3,2.6,3.1,pro_learned_v5,bot_rookie
2026-07-27 00:23:04,1,11.1,2,0,10,3,2,1,1,1,1.78,3,0.53,2.6,1.3,0.0,2.3,0.8,1.3,1.8,pro_optimized_v1,bot_camper
2026-07-27 00:23:08,0,24.2,0,2,8,1,4,3,0,0,0.00,7,1.49,6.8,0.0,1.0,3.4,1.7,0.0,11.2,pro,bot_slippery
2026-07-27 00:23:11,0,16.8,0,2,5,1,7,3,1,2,1.04,5,0.90,5.2,0.0,0.5,4.2,2.0,1.3,3.1,pro_optimized_v2,bot_camper
2026-07-27 00:23:15,0,21.3,0,1,13,2,6,3,3,4,1.66,2,1.00,8.6,0.0,0.0,2.9,1.8,3.9,3.1,pro_learned_v5,bot_slippery
2026-07-27 00:23:18,0,20.0,0,1,11,2,6,3,0,0,0.00,6,1.06,5.7,1.3,0.0,2.9,2.2,0.0,7.0,pro_optimized_v1,bot_rookie
2026-07-27 00:23:23,0,26.5,0,2,7,1,8,3,1,1,1.38,3,0.82,17.7,0.0,0.0,2.1,2.1,1.3,2.9,pro_learned_v5,bot_rookie
2026-07-27 00:23:26,0,15.9,0,3,4,0,6,3,2,0,0.00,3,1.73,1.3,1.6,0.0,3.9,3.4,1.3,4.4,pro_optimized_v1,bot_slippery
2026-07-27 00:23:29,0,18.9,0,2,2,1,7,3,0,0,0.00,8,1.11,4.2,0.3,0.0,6.0,2.5,0.0,6.0,pro_optimized_v1_origin,bot_camper
2026-07-27 00:23:33,1,23.6,1,0,11,3,8,2,2,1,0.40,5,0.75,12.7,0.0,0.0,1.8,2.6,2.6,2.9,pro_learned_v5,bot_rusher
2026-07-27 00:23:38,0,27.6,0,1,14,2,8,3,2,1,0.50,10,1.04,5.2,0.0,0.0,1.0,4.7,2.1,13.5,chaos,bot_rusher
2026-07-27 00:23:41,1,19.6,1,0,8,3,6,2,1,1,1.24,4,1.19,5.7,0.8,0.5,3.0,2.6,1.3,4.7,pro_optimized_v1,bot_standard
2026-07-27 00:23:45,0,18.1,0,3,7,0,8,3,0,0,0.00,4,0.86,6.8,0.0,0.0,1.6,4.1,0.0,5.7,pro_learned_v4,bot_slippery
2026-07-27 00:23:48,0,20.5,0,2,8,1,6,3,3,4,1.41,5,0.67,2.9,0.5,0.3,2.3,3.4,5.2,5.5,pro_optimized_v1,bot_standard
2026-07-27 00:23:52,0,20.6,0,1,12,2,8,3,2,1,0.42,4,0.99,1.3,3.9,0.0,4.9,3.7,2.6,3.1,chaos,bot_camper
2026-07-27 00:23:56,0,27.2,0,1,16,2,6,3,2,2,1.21,13,0.88,2.3,0.3,0.5,5.5,2.8,2.6,12.2,pro,bot_standard
2026-07-27 00:23:59,0,10.9,0,1,6,2,4,3,2,1,0.24,4,0.47,3.1,0.0,0.0,1.6,0.8,2.6,2.3,chaos,bot_rusher
2026-07-27 00:24:02,0,18.9,0,1,13,2,7,3,1,1,1.28,4,1.54,5.5,0.0,1.0,1.8,2.1,1.3,6.2,pro_optimized_v2,bot_slippery
2026-07-27 00:24:06,0,19.6,0,3,11,0,10,3,2,3,0.78,3,1.39,7.0,0.0,0.0,3.7,3.4,2.6,2.9,pro_optimized_v3,bot_rookie
2026-07-27 00:24:09,0,12.7,0,2,4,1,4,3,0,0,0.00,5,0.93,3.9,0.5,0.8,3.1,1.1,0.0,2.9,pro_learned_v4,bot_camper
2026-07-27 00:24:11,0,14.0,0,1,7,2,4,3,2,2,2.01,4,0.90,1.6,0.0,0.0,4.2,1.6,2.6,3.1,chaos,bot_rookie
2026-07-27 00:24:15,1,17.6,2,0,10,3,10,1,3,2,1.31,3,0.43,5.2,0.3,0.0,2.3,3.4,3.9,1.6,pro_optimized_v3,bot_slippery
2026-07-27 00:24:18,0,20.1,0,3,7,0,5,3,2,3,0.58,4,0.77,11.2,0.0,0.0,1.4,1.8,2.6,3.1,pro_optimized_v2,bot_camper
2026-07-27 00:24:25,0,44.2,0,1,8,2,11,3,1,0,0.00,7,2.66,15.1,0.0,1.0,7.8,5.7,1.3,12.2,pro,bot_standard
2026-07-27 00:24:29,0,19.7,0,2,6,1,7,3,3,4,1.25,3,0.66,7.3,0.0,0.3,2.3,2.6,3.9,2.9,pro_optimized_v2,bot_standard
2026-07-27 00:24:32,0,14.5,0,3,3,0,3,3,2,1,3.12,2,0.76,8.8,0.0,0.0,0.5,0.8,1.6,2.9,pro_optimized_v3,bot_camper
2026-07-27 00:24:35,1,16.6,1,0,9,3,6,2,3,3,1.21,4,0.62,4.2,0.0,0.3,2.6,1.8,3.9,2.9,pro_optimized_v2,bot_standard
2026-07-27 00:24:37,1,8.9,2,0,5,3,1,1,0,0,0.00,4,0.79,2.1,0.3,0.8,0.2,0.3,0.0,4.4,pro,bot_rusher
2026-07-27 00:24:41,1,20.8,1,0,10,3,8,2,0,0,0.00,3,1.27,8.6,0.3,1.0,1.3,4.2,0.0,4.4,pro_learned_v4,bot_standard
2026-07-27 00:24:44,1,15.3,1,0,6,3,2,2,1,1,0.92,4,0.61,4.4,0.0,0.0,1.6,0.8,2.1,5.5,chaos,bot_rookie
2026-07-27 00:24:47,0,17.1,0,3,8,0,8,3,1,0,0.00,6,1.01,5.5,0.0,0.3,2.9,2.5,1.3,4.7,pro_optimized_v2,bot_rookie
2026-07-27 00:24:50,0,16.3,0,3,4,0,7,3,2,1,1.14,5,0.75,6.8,0.0,0.0,3.1,1.8,1.5,3.1,pro_optimized_v3,bot_camper
2026-07-27 00:24:53,1,11.7,2,0,7,3,2,1,1,1,2.44,3,0.37,5.5,0.0,0.0,1.9,0.5,1.3,1.6,pro_learned_v5,bot_standard
2026-07-27 00:24:56,0,14.8,0,1,11,2,6,3,2,1,0.58,2,0.77,6.8,0.0,0.0,1.3,1.8,1.6,2.3,pro_optimized_v2,bot_rusher
2026-07-27 00:24:59,0,16.7,0,2,2,1,3,3,2,3,1.19,1,0.56,8.6,0.3,0.0,1.3,0.8,2.3,2.9,pro_learned_v4,bot_standard
2026-07-27 00:25:01,1,9.2,1,0,7,3,2,2,1,1,0.38,1,0.32,3.6,0.0,0.0,0.0,0.8,0.9,2.9,pro_optimized_v1,bot_rusher
2026-07-27 00:25:04,0,16.8,0,2,3,1,8,3,2,2,1.22,5,0.75,3.4,0.0,0.0,4.2,3.1,2.6,3.1,pro_optimized_v1,bot_camper
2026-07-27 00:25:07,0,13.5,0,1,9,2,4,3,1,1,0.60,3,0.79,4.4,0.0,0.0,3.2,1.0,1.3,2.6,pro_optimized_v2,bot_rusher
2026-07-27 00:25:10,0,17.3,0,3,4,0,6,3,0,0,0.00,5,1.16,3.1,0.8,0.0,4.4,2.5,0.0,6.5,pro_optimized_v1_origin,bot_slippery
2026-07-27 00:25:14,1,18.0,1,0,7,3,2,2,0,0,0.00,5,1.04,8.1,0.0,0.0,3.9,0.5,0.0,4.5,pro_optimized_v1_origin,bot_rookie
2026-07-27 00:25:16,0,13.7,0,1,5,2,4,3,1,0,0.00,6,0.55,6.2,0.0,0.0,1.8,0.8,1.3,2.6,pro_learned_v5,bot_rookie
2026-07-27 00:25:20,0,18.5,0,2,4,1,5,3,3,1,1.16,4,0.84,5.5,0.0,0.0,4.2,1.3,3.9,3.1,pro_optimized_v2,bot_camper
2026-07-27 00:25:23,1,20.2,2,0,9,3,4,1,1,1,1.02,10,0.88,1.6,0.3,0.0,2.3,1.5,1.3,12.2,pro,bot_standard
2026-07-27 00:25:29,0,33.3,0,2,20,1,17,3,3,3,0.73,8,0.94,11.7,0.0,0.0,6.8,7.3,3.9,3.1,pro_learned_v5,bot_rookie
2026-07-27 00:25:32,0,16.1,0,2,4,1,6,3,2,1,0.94,6,0.92,4.4,0.0,0.0,1.0,1.6,1.3,7.3,pro_learned_v5,bot_standard
2026-07-27 00:25:34,0,10.2,0,3,2,0,3,3,2,2,0.87,3,0.47,2.7,0.0,0.0,1.3,0.8,2.6,2.9,pro_optimized_v3,bot_camper
2026-07-27 00:25:38,1,19.0,1,0,11,3,5,2,1,0,0.00,3,1.14,7.3,0.3,0.0,0.5,2.9,1.3,5.8,pro_optimized_v1,bot_slippery
2026-07-27 00:25:43,0,32.5,0,1,18,2,12,3,4,5,1.29,5,1.10,8.2,0.0,1.6,7.5,4.7,5.2,4.4,pro_optimized_v2,bot_slippery
2026-07-27 00:25:46,0,18.6,0,1,6,2,5,3,1,0,0.00,5,0.98,6.8,0.0,0.0,2.6,2.3,1.6,4.4,pro_learned_v4,bot_standard
2026-07-27 00:25:50,1,21.9,1,0,6,3,2,2,1,0,0.00,4,0.95,13.3,0.0,0.3,1.8,0.6,1.3,3.6,pro,bot_rookie
2026-07-27 00:25:53,0,13.3,0,2,6,1,3,3,2,2,1.22,3,0.52,5.8,0.0,0.0,0.5,0.8,2.6,3.1,pro_learned_v5,bot_rusher
2026-07-27 00:25:55,0,9.2,0,3,2,0,5,3,0,0,0.00,0,0.00,0.0,0.0,0.0,0.0,0.0,0.0,0.0,base,bot_rookie
2026-07-27 00:25:58,0,13.0,0,3,2,0,3,3,1,2,0.57,3,1.95,2.6,0.3,0.0,4.4,1.0,1.6,3.1,pro,bot_rookie
2026-07-27 00:26:03,1,28.6,1,0,14,3,8,2,0,0,0.00,6,2.40,6.2,1.6,0.8,4.4,4.5,0.0,10.1,pro,bot_slippery
2026-07-27 00:26:06,1,13.9,3,0,7,3,5,0,0,0,0.00,1,0.88,10.4,0.0,0.0,1.0,1.5,0.0,0.0,pro_learned_v5,bot_rusher
2026-07-27 00:26:10,0,23.7,0,2,7,1,6,3,2,2,0.41,5,0.60,11.4,0.0,1.3,1.6,1.6,2.6,4.7,pro_optimized_v2,bot_camper
2026-07-27 00:26:12,1,9.8,2,0,5,3,2,1,1,1,0.38,2,0.92,4.2,0.0,0.0,1.6,0.5,1.3,1.3,pro_learned_v5,bot_standard
2026-07-27 00:26:17,1,28.8,1,0,18,3,5,2,0,0,0.00,15,0.94,2.9,0.0,0.0,8.3,2.1,0.0,14.6,chaos,bot_rusher
2026-07-27 00:26:19,0,12.3,0,1,6,2,4,3,0,0,0.00,2,0.82,5.2,0.0,0.0,1.6,1.9,0.0,2.6,pro_learned_v4,bot_rookie
2026-07-27 00:26:22,0,14.5,0,2,2,1,10,3,0,0,0.00,0,0.00,0.0,0.0,0.0,0.0,0.0,0.0,0.0,base,bot_slippery
2026-07-27 00:26:25,1,10.8,1,0,8,3,3,2,1,1,0.30,1,0.48,4.2,0.0,0.0,0.7,1.3,1.3,2.3,pro_optimized_v3,bot_rusher
2026-07-27 00:26:28,0,19.8,0,2,5,1,3,3,1,0,0.00,9,0.62,4.4,2.3,0.0,0.6,1.0,1.6,9.4,chaos,bot_camper
2026-07-27 00:26:32,1,21.0,2,0,14,3,8,1,0,0,0.00,6,1.20,3.9,0.8,0.0,6.0,4.7,0.0,4.7,pro_optimized_v1_origin,bot_slippery
2026-07-27 00:26:35,0,13.6,0,2,4,1,4,3,0,0,0.00,3,0.47,7.8,0.3,0.0,1.0,1.4,0.0,2.6,pro_optimized_v1_origin,bot_rusher
2026-07-27 00:26:38,0,14.6,0,2,4,1,7,3,0,0,0.00,4,0.84,3.9,0.0,0.0,2.6,4.0,0.0,3.6,chaos,bot_rookie
2026-07-27 00:26:40,0,9.8,0,3,4,0,3,3,1,0,0.00,5,0.53,1.8,0.0,0.0,2.3,1.2,1.3,3.1,pro_optimized_v2,bot_camper
2026-07-27 00:26:42,0,10.4,0,1,4,2,3,3,0,0,0.00,5,0.69,4.2,0.8,0.0,1.6,0.5,0.0,2.6,pro_optimized_v1_origin,bot_camper
2026-07-27 00:26:45,0,11.4,0,3,4,0,5,3,0,0,0.00,3,0.99,2.9,0.8,0.0,2.1,2.3,0.0,3.4,pro_learned_v4,bot_camper
2026-07-27 00:26:49,0,25.2,0,1,10,2,8,3,0,0,0.00,7,1.33,7.0,0.3,0.0,1.6,3.4,0.0,12.0,pro_optimized_v1_origin,bot_standard
2026-07-27 00:26:52,0,12.7,0,2,3,1,3,3,1,1,1.28,3,0.99,6.2,0.0,0.0,1.6,0.8,1.3,2.3,pro_learned_v5,bot_rookie
2026-07-27 00:26:56,0,22.8,0,2,6,1,3,3,2,2,1.81,6,0.84,6.8,1.0,0.5,2.6,1.2,3.1,7.0,pro,bot_rookie
2026-07-27 00:26:59,0,20.2,0,1,3,2,4,3,1,1,1.94,6,0.56,10.4,0.0,0.3,1.0,1.3,1.3,4.9,pro,bot_camper
2026-07-27 00:27:02,0,14.2,0,2,7,1,7,3,0,0,0.00,7,0.65,1.8,1.0,1.0,1.0,2.8,0.0,6.0,pro_learned_v4,bot_rookie
2026-07-27 00:27:06,0,18.0,0,1,8,2,3,3,0,0,0.00,8,0.67,6.2,0.5,0.0,2.1,0.6,0.0,7.5,pro_optimized_v1_origin,bot_rusher
2026-07-27 00:27:10,0,22.5,0,2,10,1,9,3,1,1,1.00,6,0.94,10.9,0.0,0.0,3.4,3.3,1.3,3.1,pro_optimized_v3,bot_camper
2026-07-27 00:27:12,0,9.5,0,3,7,0,4,3,1,2,0.33,4,0.45,1.8,1.3,0.5,1.0,1.2,1.3,2.3,chaos,bot_camper
2026-07-27 00:27:15,1,17.7,1,0,6,3,4,2,0,0,0.00,7,0.80,4.7,1.0,0.0,2.1,2.3,0.0,6.5,pro_optimized_v1_origin,bot_standard
2026-07-27 00:27:19,1,16.6,1,0,9,3,14,2,0,0,0.00,0,0.00,0.0,0.0,0.0,0.0,0.0,0.0,0.0,base,bot_rookie
2026-07-27 00:27:22,0,16.8,0,2,2,1,4,3,0,0,0.00,0,0.00,0.0,0.0,0.0,0.0,0.0,0.0,0.0,base,bot_camper
2026-07-27 00:27:26,0,24.6,0,2,6,1,6,3,1,1,1.56,4,0.77,13.5,0.0,0.0,1.8,2.8,1.3,4.7,pro_optimized_v1,bot_rookie
2026-07-27 00:27:30,0,25.0,0,1,14,2,3,3,2,1,1.56,5,0.91,1.3,12.0,0.0,4.2,1.0,2.6,2.9,chaos,bot_camper
2026-07-27 00:27:33,0,14.4,0,2,8,1,8,3,0,0,0.00,4,1.17,2.1,0.0,0.0,3.4,4.4,0.0,4.1,pro_learned_v4,bot_rookie
2026-07-27 00:27:36,0,17.4,0,1,9,2,6,3,0,0,0.00,5,1.17,1.3,2.1,0.0,4.9,3.2,0.0,5.2,pro_learned_v4,bot_rookie
2026-07-27 00:27:40,0,19.1,0,1,7,2,4,3,4,3,2.81,2,1.52,4.4,1.0,0.0,4.7,0.9,4.2,3.1,pro_learned_v5,bot_camper
2026-07-27 00:27:43,0,12.7,0,1,4,2,5,3,1,1,0.84,5,0.67,3.9,0.0,0.8,1.0,1.6,1.3,3.1,pro_optimized_v2,bot_camper
2026-07-27 00:27:46,0,13.6,0,1,6,2,6,3,0,0,0.00,0,0.00,0.0,0.0,0.0,0.0,0.0,0.0,0.0,base,bot_camper
2026-07-27 00:27:48,0,12.2,0,2,4,1,4,3,0,0,0.00,0,0.00,0.0,0.0,0.0,0.0,0.0,0.0,0.0,base,bot_camper
2026-07-27 00:27:51,1,13.5,2,0,10,3,7,1,2,2,1.94,2,1.04,3.6,0.3,0.0,2.9,2.3,1.8,1.6,pro_optimized_v3,bot_slippery
2026-07-27 00:27:54,0,18.3,0,3,5,0,6,3,2,2,1.09,3,0.68,8.7,0.0,0.0,2.6,1.6,2.6,2.9,pro_learned_v5,bot_camper
2026-07-27 00:27:58,0,20.7,0,2,11,1,10,3,1,1,0.62,7,0.72,9.1,0.0,0.0,4.2,3.1,1.3,2.6,pro_learned_v5,bot_slippery
2026-07-27 00:28:01,1,17.0,2,0,7,3,8,1,1,0,0.00,2,2.31,2.6,0.0,0.8,1.3,5.5,1.3,4.5,pro,bot_rookie
2026-07-27 00:28:05,0,20.8,0,1,7,2,5,3,1,1,3.28,5,1.54,3.9,0.0,0.8,6.0,1.3,1.3,6.5,pro,bot_camper
2026-07-27 00:28:10,0,29.9,0,1,19,2,9,3,1,0,0.00,18,0.75,1.8,0.0,0.0,5.2,4.2,0.0,17.7,pro_optimized_v1_origin,bot_slippery
2026-07-27 00:28:14,0,27.5,0,1,12,2,8,3,0,0,0.00,10,1.29,3.9,0.0,0.0,6.2,3.9,0.0,12.5,pro_learned_v4,bot_rookie
2026-07-27 00:28:17,0,11.7,0,1,5,2,4,3,0,0,0.00,4,0.46,6.2,0.0,0.8,0.5,0.9,0.0,2.6,pro_optimized_v2,bot_rusher
2026-07-27 00:28:19,0,9.7,0,2,6,1,3,3,1,1,0.50,4,0.66,2.6,0.0,0.3,1.0,0.9,1.3,3.1,pro_optimized_v2,bot_rusher
2026-07-27 00:28:22,1,15.1,3,0,12,3,5,0,1,2,1.16,1,1.98,5.2,2.3,0.0,3.9,1.4,1.3,0.0,chaos,bot_slippery
2026-07-27 00:28:25,0,10.8,0,3,4,0,4,3,0,0,0.00,0,0.00,0.0,0.0,0.0,0.0,0.0,0.0,0.0,base,bot_camper
2026-07-27 00:28:28,0,17.8,0,2,4,1,5,3,0,0,0.00,4,0.87,10.4,0.0,0.5,1.8,2.0,0.0,2.6,pro_learned_v4,bot_slippery
2026-07-27 00:28:32,0,18.7,0,2,10,1,9,3,2,1,0.66,7,0.59,6.0,0.3,0.8,2.6,3.1,2.6,2.9,pro_optimized_v2,bot_standard
2026-07-27 00:28:35,0,20.8,0,3,8,0,6,3,3,3,1.21,7,0.74,7.5,0.0,0.0,4.9,1.8,3.9,2.6,pro_optimized_v3,bot_rookie
2026-07-27 00:28:38,0,15.6,0,1,4,2,6,3,2,1,2.30,3,0.66,7.6,0.0,0.0,0.5,1.8,1.6,3.1,pro_optimized_v3,bot_slippery
2026-07-27 00:28:42,0,16.9,0,3,3,0,7,3,2,3,1.27,2,1.13,7.8,0.3,0.0,1.8,1.6,2.6,2.9,pro_optimized_v3,bot_camper
2026-07-27 00:28:46,0,24.1,0,3,6,0,5,3,3,2,1.58,6,0.57,9.1,1.0,0.0,2.3,2.0,3.9,5.7,chaos,bot_rookie
2026-07-27 00:28:48,0,12.9,0,2,5,1,5,3,1,2,0.51,3,0.45,3.9,0.0,0.0,1.3,2.8,1.3,3.1,pro_optimized_v1,bot_camper
2026-07-27 00:28:52,1,19.1,1,0,11,3,9,2,0,0,0.00,8,0.80,1.8,1.0,0.0,2.9,4.9,0.0,7.5,pro_optimized_v1_origin,bot_rookie
2026-07-27 00:28:55,0,16.9,0,2,7,1,15,3,0,0,0.00,0,0.00,0.0,0.0,0.0,0.0,0.0,0.0,0.0,base,bot_rookie
2026-07-27 00:28:58,0,11.4,0,2,4,1,6,3,0,0,0.00,0,0.00,0.0,0.0,0.0,0.0,0.0,0.0,0.0,base,bot_rookie
2026-07-27 00:29:04,0,37.7,0,1,21,2,10,3,5,5,1.49,9,0.75,15.6,0.3,0.0,8.3,3.5,6.5,2.6,pro_optimized_v2,bot_slippery
2026-07-27 00:29:06,0,13.3,0,1,5,2,10,3,0,0,0.00,0,0.00,0.0,0.0,0.0,0.0,0.0,0.0,0.0,base,bot_rusher
2026-07-27 00:29:09,0,12.0,0,3,5,0,4,3,0,0,0.00,4,0.86,4.4,1.3,0.0,1.8,1.1,0.0,3.4,pro_learned_v4,bot_slippery
2026-07-27 00:29:12,1,14.5,1,0,12,3,5,2,2,3,0.83,2,1.08,2.6,0.5,0.0,3.1,2.1,2.6,2.6,chaos,bot_slippery
2026-07-27 00:29:15,0,15.8,0,1,6,2,6,3,1,1,0.32,5,1.20,3.6,0.0,0.8,3.9,2.4,1.3,3.1,pro,bot_camper
2026-07-27 00:29:19,0,26.6,0,3,6,0,9,3,0,0,0.00,7,0.77,11.2,0.0,0.5,3.1,5.6,0.0,6.2,chaos,bot_camper
2026-07-27 00:29:23,0,17.7,0,1,7,2,4,3,1,0,0.00,6,1.23,3.6,0.8,0.0,2.1,1.4,1.3,7.5,pro_optimized_v1,bot_rusher
2026-07-27 00:29:27,1,21.4,1,0,6,3,3,2,2,2,2.93,2,0.42,12.1,0.0,0.0,2.3,0.8,2.6,2.6,chaos,bot_standard
2026-07-27 00:29:29,0,13.5,0,2,3,1,5,3,2,1,1.08,5,0.50,3.1,0.0,0.3,0.5,1.9,2.9,4.4,pro_optimized_v1,bot_standard
2026-07-27 00:29:32,0,8.6,0,3,3,0,3,3,0,0,0.00,3,1.20,0.3,1.8,0.0,2.9,0.8,0.0,2.9,pro_learned_v4,bot_standard
2026-07-27 00:29:36,0,24.9,0,1,10,2,11,3,2,2,0.87,4,0.87,13.3,0.0,0.0,1.3,3.6,2.6,3.1,pro_learned_v5,bot_slippery
2026-07-27 00:29:38,0,8.8,0,3,2,0,3,3,0,0,0.00,2,2.00,3.1,0.0,0.0,1.8,0.8,0.0,3.1,pro_optimized_v1_origin,bot_rookie
2026-07-27 00:29:41,0,17.6,0,1,7,2,16,3,0,0,0.00,0,0.00,0.0,0.0,0.0,0.0,0.0,0.0,0.0,base,bot_rookie
2026-07-27 00:29:43,0,8.8,0,3,2,0,3,3,0,0,0.00,4,0.75,2.3,0.5,0.0,1.0,1.5,0.0,3.4,pro_optimized_v1_origin,bot_camper
2026-07-27 00:29:48,1,24.3,1,0,16,3,3,2,1,1,3.88,7,0.82,3.9,0.0,0.0,0.8,1.6,0.7,16.4,pro_optimized_v1_origin,bot_rusher
2026-07-27 00:29:50,0,10.2,0,3,6,0,4,3,0,0,0.00,5,0.60,1.8,1.0,0.3,2.1,1.6,0.0,3.4,pro_learned_v4,bot_rusher
2026-07-27 00:29:53,0,13.9,0,2,7,1,5,3,1,1,0.36,4,0.99,6.5,0.0,0.0,1.0,1.4,1.3,3.1,pro_learned_v5,bot_rusher
2026-07-27 00:29:57,1,23.7,1,0,8,3,10,2,2,1,1.42,5,1.84,3.9,0.0,0.0,4.2,4.0,2.9,7.8,chaos,bot_camper
2026-07-27 00:29:59,0,10.3,0,2,3,1,3,3,1,0,0.00,3,1.05,3.4,0.3,0.0,1.6,0.6,1.3,3.1,pro_learned_v4,bot_rookie
2026-07-27 00:30:02,0,10.3,0,3,4,0,4,3,1,2,1.23,1,1.20,3.4,0.0,0.0,1.6,1.2,1.3,2.9,pro_optimized_v3,bot_rookie
2026-07-27 00:30:05,0,16.1,0,1,10,2,12,3,0,0,0.00,0,0.00,0.0,0.0,0.0,0.0,0.0,0.0,0.0,base,bot_standard
2026-07-27 00:30:07,0,10.3,0,2,6,1,3,3,1,0,0.00,3,1.44,3.6,0.0,0.0,1.0,0.7,1.3,3.1,pro_learned_v5,bot_rusher
2026-07-27 00:30:10,1,14.0,2,0,9,3,4,1,1,2,1.98,2,0.64,3.1,0.0,0.5,4.7,1.8,1.3,1.6,pro,bot_slippery
2026-07-27 00:30:13,0,10.1,0,2,3,1,4,3,1,2,1.08,2,0.34,3.6,0.0,0.0,1.3,1.5,1.3,1.8,pro_optimized_v1,bot_camper
2026-07-27 00:30:15,1,10.7,1,0,5,3,3,2,0,0,0.00,3,1.05,3.4,0.0,0.3,2.1,1.3,0.0,2.6,pro_learned_v4,bot_slippery
2026-07-27 00:30:18,1,12.9,2,0,8,3,4,1,0,0,0.00,6,0.87,3.1,0.3,1.3,1.3,1.7,0.0,4.2,pro_learned_v4,bot_standard
2026-07-27 00:30:21,0,13.8,0,3,1,0,7,3,0,0,0.00,0,0.00,0.0,0.0,0.0,0.0,0.0,0.0,0.0,base,bot_camper
2026-07-27 00:30:23,0,11.5,0,3,3,0,3,3,1,1,1.76,2,0.47,6.1,0.0,0.0,0.5,0.8,1.3,2.9,pro_learned_v5,bot_standard
2026-07-27 00:30:26,0,14.8,0,3,10,0,6,3,2,2,0.72,4,0.81,5.2,0.0,0.0,1.0,1.8,2.6,4.2,chaos,bot_rusher
2026-07-27 00:30:29,0,11.9,0,3,0,0,7,3,0,0,0.00,0,0.00,0.0,0.0,0.0,0.0,0.0,0.0,0.0,base,bot_camper
2026-07-27 00:30:31,1,9.9,2,0,10,3,6,1,0,0,0.00,0,0.00,0.0,0.0,0.0,0.0,0.0,0.0,0.0,base,bot_slippery
2026-07-27 00:30:36,0,29.2,0,1,14,2,7,3,3,4,0.68,7,0.56,16.4,0.0,0.0,2.3,2.4,3.9,3.1,pro_learned_v5,bot_rookie
2026-07-27 00:30:39,0,16.7,0,1,6,2,3,3,0,0,0.00,3,1.08,8.8,1.3,0.0,1.8,0.9,0.0,2.9,pro_optimized_v1_origin,bot_rusher
2026-07-27 00:30:42,0,13.4,0,2,5,1,3,3,1,2,1.21,3,0.71,3.9,0.8,0.0,3.4,0.9,1.3,2.6,pro_optimized_v1_origin,bot_rookie
2026-07-27 00:30:46,0,26.7,0,1,15,2,9,3,3,1,1.06,10,0.71,5.5,0.0,0.0,5.2,2.6,3.9,8.6,pro_learned_v5,bot_rookie
2026-07-27 00:30:49,0,11.7,0,3,5,0,5,3,0,0,0.00,5,1.18,1.8,0.8,0.0,4.2,1.8,0.0,3.1,pro_optimized_v1_origin,bot_camper
2026-07-27 00:30:52,0,12.1,0,2,7,1,7,3,0,0,0.00,0,0.00,0.0,0.0,0.0,0.0,0.0,0.0,0.0,base,bot_standard
2026-07-27 00:30:55,0,15.7,0,1,10,2,11,3,0,0,0.00,0,0.00,0.0,0.0,0.0,0.0,0.0,0.0,0.0,base,bot_standard
2026-07-27 00:30:58,1,19.3,2,0,9,3,7,1,1,0,0.00,3,3.00,2.3,0.0,0.0,4.2,4.7,1.3,5.8,chaos,bot_rusher
2026-07-27 00:31:00,0,9.2,0,3,1,0,4,3,1,0,0.00,6,0.50,2.9,0.0,0.0,1.0,0.9,1.3,3.1,pro_optimized_v1,bot_camper
2026-07-27 00:31:03,0,14.5,0,3,5,0,7,3,1,0,0.00,7,0.68,4.4,0.0,0.0,2.9,2.8,1.3,3.1,pro_learned_v5,bot_camper
2026-07-27 00:31:05,0,7.9,0,3,3,0,6,3,0,0,0.00,0,0.00,0.0,0.0,0.0,0.0,0.0,0.0,0.0,base,bot_slippery
2026-07-27 00:31:09,0,20.1,0,1,7,2,4,3,2,2,1.25,5,1.04,4.3,0.3,0.0,8.1,1.0,2.6,2.9,pro_optimized_v3,bot_camper
2026-07-27 00:31:12,1,17.1,1,0,7,3,4,2,0,0,0.00,4,1.82,2.9,0.5,1.6,1.8,1.8,0.0,7.5,pro,bot_camper
2026-07-27 00:31:15,0,12.6,0,2,3,1,7,3,0,0,0.00,0,0.00,0.0,0.0,0.0,0.0,0.0,0.0,0.0,base,bot_standard
2026-07-27 00:31:18,0,18.7,0,1,6,2,6,3,3,3,1.79,2,0.47,7.0,0.0,0.0,1.8,2.1,3.9,2.9,pro_learned_v5,bot_standard
2026-07-27 00:31:24,1,36.2,1,0,13,3,5,2,2,1,0.60,19,0.57,11.2,0.0,0.3,4.8,2.6,2.9,13.5,pro,bot_rookie
2026-07-27 00:31:27,0,9.1,0,3,2,0,3,3,0,0,0.00,4,0.53,4.9,0.0,0.0,0.5,0.5,0.0,3.1,pro_learned_v5,bot_camper
2026-07-27 00:31:29,0,11.0,0,3,4,0,5,3,0,0,0.00,5,0.58,3.4,0.0,0.0,1.8,1.7,0.0,4.2,pro_optimized_v1_origin,bot_standard
2026-07-27 00:31:32,0,15.3,0,1,6,2,7,3,0,0,0.00,0,0.00,0.0,0.0,0.0,0.0,0.0,0.0,0.0,base,bot_rusher
2026-07-27 00:31:35,1,12.5,2,0,6,3,10,1,0,0,0.00,0,0.00,0.0,0.0,0.0,0.0,0.0,0.0,0.0,base,bot_rusher
2026-07-27 00:31:39,0,22.3,0,2,6,1,9,3,2,2,1.21,3,1.28,8.3,0.0,0.0,2.1,4.3,2.6,4.4,pro_learned_v5,bot_rookie
2026-07-27 00:31:43,0,20.2,0,1,7,2,3,3,1,1,3.58,4,1.15,4.4,1.8,0.0,4.2,0.8,1.3,6.8,chaos,bot_standard
2026-07-27 00:31:45,1,11.9,1,0,5,3,4,2,1,1,0.78,4,0.75,4.4,0.0,0.0,1.6,0.8,1.3,2.9,pro_optimized_v2,bot_rookie
2026-07-27 00:31:48,1,16.2,2,0,8,3,4,1,0,0,0.00,9,0.62,1.6,0.0,1.3,1.6,2.1,0.0,8.7,chaos,bot_rookie
2026-07-27 00:31:51,0,16.0,0,2,3,1,3,3,0,0,0.00,3,0.84,9.9,1.0,0.3,0.8,0.8,0.0,2.8,pro_learned_v4,bot_camper
2026-07-27 00:31:55,0,21.6,0,3,8,0,8,3,0,0,0.00,10,1.01,4.2,0.0,0.0,4.4,3.1,0.0,9.9,pro_learned_v4,bot_rookie
2026-07-27 00:31:58,0,14.4,0,3,6,0,7,3,1,1,0.24,5,1.16,1.8,1.0,0.0,3.6,3.5,1.6,2.9,pro_optimized_v1,bot_rookie
2026-07-27 00:32:03,1,29.8,1,0,17,3,10,2,4,3,0.62,6,0.82,13.3,0.0,0.3,3.9,4.4,4.2,2.9,pro_optimized_v2,bot_rookie
2026-07-27 00:32:06,0,15.0,0,1,5,2,4,3,1,1,0.42,5,0.71,3.9,0.0,0.0,1.3,1.8,1.3,5.7,pro_optimized_v1,bot_rookie
2026-07-27 00:32:09,1,15.0,1,0,3,3,4,2,0,0,0.00,5,0.52,7.5,0.0,0.0,1.8,1.6,0.0,3.1,pro_optimized_v1_origin,bot_camper
2026-07-27 00:32:15,1,40.3,2,0,19,3,14,1,6,5,0.61,7,1.00,18.2,0.0,0.8,6.5,4.4,7.4,2.1,pro_optimized_v2,bot_rookie
2026-07-27 00:32:18,1,12.3,1,0,8,3,2,2,0,0,0.00,7,0.60,2.1,1.0,0.0,0.8,0.5,0.0,6.9,chaos,bot_rusher
2026-07-27 00:32:23,1,27.0,1,0,10,3,3,2,0,0,0.00,13,0.73,8.3,0.0,0.3,0.5,1.6,0.0,15.4,pro,bot_slippery
2026-07-27 00:32:25,0,11.8,0,2,3,1,3,3,1,1,0.06,4,1.11,5.2,0.0,0.3,2.1,1.0,0.2,2.6,pro_optimized_v2,bot_slippery
2026-07-27 00:32:29,0,18.2,0,2,10,1,5,3,2,1,1.32,4,1.81,3.1,0.0,1.0,6.5,1.3,2.6,3.1,pro_optimized_v2,bot_standard
2026-07-27 00:32:33,1,21.3,1,0,5,3,4,2,0,0,0.00,3,2.16,7.3,1.3,0.3,4.2,2.1,0.0,5.2,pro_learned_v4,bot_camper
2026-07-27 00:32:36,0,20.8,0,3,5,0,7,3,0,0,0.00,6,1.21,5.2,0.3,0.0,4.2,2.9,0.0,8.3,pro_optimized_v1_origin,bot_rookie
2026-07-27 00:32:40,1,20.4,1,0,6,3,6,2,2,1,2.06,5,0.64,10.9,0.0,0.0,1.5,1.6,2.6,2.9,pro_optimized_v3,bot_standard
2026-07-27 00:32:44,1,23.3,2,0,12,3,1,1,1,0,0.00,8,0.47,10.7,0.3,1.0,0.0,0.3,1.3,8.7,pro,bot_rusher
2026-07-27 00:32:47,0,12.5,0,2,6,1,6,3,2,1,0.74,2,0.81,3.6,0.3,0.0,0.8,2.1,2.6,2.9,pro_optimized_v3,bot_slippery
2026-07-27 00:32:50,0,17.4,0,3,1,0,3,3,0,0,0.00,5,0.90,8.3,0.5,0.0,4.2,1.0,0.0,3.4,pro_optimized_v1_origin,bot_camper
2026-07-27 00:32:53,0,16.1,0,2,5,1,12,3,0,0,0.00,0,0.00,0.0,0.0,0.0,0.0,0.0,0.0,0.0,base,bot_rookie
2026-07-27 00:32:56,0,17.2,0,2,9,1,5,3,0,0,0.00,4,1.75,2.6,0.3,0.0,6.2,1.4,0.0,6.2,chaos,bot_rusher
2026-07-27 00:33:01,0,27.2,0,3,12,0,13,3,0,0,0.00,8,0.98,4.9,0.0,0.0,0.5,8.6,0.0,13.1,pro_learned_v4,bot_rookie
2026-07-27 00:33:05,0,26.5,0,1,11,2,5,3,2,1,6.00,7,0.47,7.5,0.0,0.8,2.1,2.1,2.6,10.4,chaos,bot_rookie
2026-07-27 00:33:08,0,14.6,0,2,10,1,8,3,1,1,1.02,5,0.73,2.1,0.3,0.3,2.3,5.0,1.3,2.9,pro,bot_standard
2026-07-27 00:33:11,1,15.2,1,0,8,3,6,2,1,0,0.00,4,0.52,5.2,1.0,0.0,1.0,2.6,1.3,3.1,pro_learned_v5,bot_standard
2026-07-27 00:33:14,0,15.0,0,1,7,2,6,3,2,1,1.02,4,1.21,3.6,0.0,0.0,2.6,2.3,2.6,2.9,pro_optimized_v3,bot_rookie
2026-07-27 00:33:18,1,22.6,2,0,14,3,7,1,0,0,0.00,7,1.38,5.5,0.5,0.0,9.4,3.6,0.0,2.6,pro_learned_v4,bot_slippery
2026-07-27 00:33:21,0,11.7,0,2,7,1,10,3,0,0,0.00,0,0.00,0.0,0.0,0.0,0.0,0.0,0.0,0.0,base,bot_camper
2026-07-27 00:33:24,0,15.4,0,2,2,1,7,3,0,0,0.00,0,0.00,0.0,0.0,0.0,0.0,0.0,0.0,0.0,base,bot_rookie
2026-07-27 00:33:27,0,12.4,0,3,9,0,5,3,0,0,0.00,5,1.04,2.1,0.8,0.8,1.8,2.0,0.0,4.9,pro,bot_slippery
2026-07-27 00:33:30,0,15.2,0,2,7,1,6,3,1,1,0.54,5,0.62,7.3,0.0,0.0,1.8,1.7,1.3,2.6,pro_learned_v5,bot_standard
2026-07-27 00:33:32,0,12.7,0,2,6,1,5,3,2,3,0.85,1,1.84,3.4,0.0,1.0,1.0,1.6,1.6,3.6,pro_optimized_v2,bot_rookie
2026-07-27 00:33:35,0,13.8,0,3,4,0,5,3,2,2,0.55,2,1.28,3.9,0.0,0.0,5.2,1.3,0.6,2.9,pro_learned_v5,bot_camper
2026-07-27 00:33:38,1,13.0,1,0,10,3,4,2,0,0,0.00,0,0.00,0.0,0.0,0.0,0.0,0.0,0.0,0.0,base,bot_standard
2026-07-27 00:33:42,0,20.1,0,3,4,0,6,3,2,1,1.90,1,1.56,12.5,0.0,0.5,0.3,2.3,1.4,3.1,pro_optimized_v2,bot_rookie
2026-07-27 00:33:46,1,25.2,3,0,17,3,8,0,2,2,1.02,7,1.23,4.2,0.5,0.0,4.4,4.0,2.6,8.6,chaos,bot_slippery
2026-07-27 00:33:49,0,13.1,0,2,6,1,5,3,1,1,3.10,3,0.38,5.5,0.0,0.0,1.6,1.1,1.3,3.1,pro_optimized_v3,bot_rusher
2026-07-27 00:33:52,0,15.7,0,2,5,1,6,3,0,0,0.00,4,0.82,7.0,0.0,0.0,2.1,2.9,0.0,3.3,pro_learned_v4,bot_camper
2026-07-27 00:33:55,1,17.3,1,0,10,3,6,2,1,0,0.00,4,0.68,5.5,0.0,0.0,2.3,2.8,1.3,4.4,pro_learned_v4,bot_rusher
2026-07-27 00:33:57,1,9.8,2,0,4,3,3,1,2,0,0.00,1,0.96,3.9,0.0,0.0,0.3,1.6,1.5,1.6,pro_learned_v5,bot_camper
2026-07-27 00:34:01,1,18.3,2,0,8,3,4,1,2,2,0.72,1,0.26,11.8,0.0,0.5,0.3,1.6,1.6,1.6,chaos,bot_rusher
2026-07-27 00:34:03,0,9.5,0,2,4,1,4,3,0,0,0.00,3,1.28,3.1,0.3,0.0,1.3,1.6,0.0,3.1,pro_optimized_v1_origin,bot_rookie
2026-07-27 00:34:07,1,19.3,1,0,8,3,5,2,0,0,0.00,4,1.01,7.0,1.3,0.3,1.6,2.6,0.0,5.6,pro_learned_v4,bot_rusher
2026-07-27 00:34:10,0,19.4,0,2,8,1,6,3,3,3,1.75,4,0.30,6.8,0.0,0.8,3.1,1.5,3.9,2.9,pro_optimized_v2,bot_rookie
2026-07-27 00:34:13,1,11.6,1,0,6,3,4,2,0,0,0.00,3,0.37,5.7,0.3,0.0,0.3,1.7,0.0,2.6,pro_learned_v4,bot_rusher
2026-07-27 00:34:15,0,12.3,0,2,6,1,3,3,0,0,0.00,5,0.69,3.1,0.8,0.0,3.4,0.8,0.0,3.8,pro_optimized_v1_origin,bot_camper
2026-07-27 00:34:20,1,25.1,1,0,13,3,7,2,0,0,0.00,11,0.99,3.6,0.0,0.0,3.4,3.8,0.0,13.3,chaos,bot_slippery
2026-07-27 00:34:24,0,27.3,0,2,13,1,9,3,2,3,1.53,9,0.56,3.6,1.0,0.0,6.8,4.2,2.6,8.6,chaos,bot_rookie
2026-07-27 00:34:28,1,18.9,1,0,10,3,2,2,0,0,0.00,12,0.62,2.6,0.0,1.3,0.5,0.5,0.0,13.0,pro,bot_slippery
2026-07-27 00:34:30,0,13.0,0,2,7,1,4,3,2,1,2.56,4,0.43,4.2,0.0,0.5,1.1,1.3,2.6,2.9,pro_optimized_v2,bot_slippery
2026-07-27 00:34:33,0,14.1,0,1,6,2,6,3,1,2,0.40,4,0.89,5.5,0.3,0.0,1.0,1.9,1.3,3.1,pro_learned_v5,bot_slippery
2026-07-27 00:34:39,1,33.6,2,0,19,3,7,1,0,0,0.00,21,0.85,3.1,0.0,0.0,9.6,3.1,0.0,16.8,chaos,bot_slippery
2026-07-27 00:34:43,1,25.1,2,0,12,3,8,1,1,0,0.00,7,1.11,3.6,0.0,0.8,3.1,4.1,2.1,10.4,chaos,bot_standard
2026-07-27 00:34:46,0,12.7,0,2,9,1,7,3,0,0,0.00,4,0.65,1.3,1.8,0.0,1.0,4.6,0.0,3.4,pro_learned_v4,bot_slippery
2026-07-27 00:34:49,0,14.6,0,2,7,1,5,3,0,0,0.00,8,0.73,1.6,1.6,1.3,2.6,1.8,0.0,5.2,pro_learned_v4,bot_rookie
2026-07-27 00:34:52,0,19.8,0,3,5,0,6,3,2,1,1.92,5,0.83,6.8,0.0,0.0,0.8,2.1,1.9,8.3,pro_optimized_v1,bot_standard
2026-07-27 00:34:55,1,11.1,2,0,7,3,4,1,0,0,0.00,1,2.48,3.9,0.0,0.0,1.8,2.5,0.0,1.8,pro_optimized_v1_origin,bot_slippery
2026-07-27 00:34:58,1,20.4,1,0,13,3,4,2,0,0,0.00,9,0.92,1.8,0.3,0.0,5.5,1.6,0.0,10.4,chaos,bot_slippery
2026-07-27 00:35:01,0,11.5,0,3,7,0,3,3,0,0,0.00,6,0.61,2.6,0.3,0.8,0.0,1.4,0.0,6.5,pro,bot_rusher
2026-07-27 00:35:05,0,26.7,0,1,12,2,11,3,0,0,0.00,8,1.23,5.7,0.0,0.0,6.0,5.2,0.0,8.8,pro_learned_v4,bot_slippery
2026-07-27 00:35:11,0,33.4,0,2,9,1,10,3,0,0,0.00,17,0.80,5.2,0.0,0.0,6.5,5.1,0.0,16.1,pro_learned_v4,bot_camper
2026-07-27 00:35:14,1,15.0,2,0,9,3,3,1,0,0,0.00,5,1.29,3.9,0.0,0.5,2.9,1.2,0.0,5.5,pro,bot_camper
2026-07-27 00:35:21,1,50.5,1,0,16,3,3,2,0,0,0.00,15,1.44,23.4,0.0,1.6,4.4,0.8,0.0,19.3,pro,bot_standard
2026-07-27 00:35:24,0,16.4,0,1,5,2,3,3,2,1,0.74,8,0.61,5.7,0.0,0.0,3.6,0.7,2.6,3.1,pro_optimized_v3,bot_camper
2026-07-27 00:35:29,0,26.2,0,1,14,2,3,3,1,2,3.11,9,0.86,1.8,1.0,2.9,1.3,0.8,1.3,16.1,pro,bot_standard
2026-07-27 00:35:32,0,20.6,0,1,7,2,5,3,2,2,1.81,4,0.81,9.1,0.0,0.0,3.6,1.1,2.6,3.1,pro_optimized_v3,bot_standard
2026-07-27 00:35:35,0,8.8,0,3,4,0,3,3,2,2,1.08,2,0.98,1.8,0.0,0.0,1.6,0.8,1.6,3.1,pro_learned_v5,bot_rookie
2026-07-27 00:35:38,0,18.3,0,2,6,1,7,3,0,0,0.00,5,1.18,3.1,1.8,0.0,5.5,3.1,0.0,4.3,chaos,bot_standard
2026-07-27 00:35:41,1,18.6,2,0,12,3,5,1,2,1,3.76,6,0.51,1.0,2.3,0.0,4.7,2.8,2.6,4.2,chaos,bot_standard
2026-07-27 00:35:44,0,11.0,0,1,5,2,6,3,0,0,0.00,3,0.76,3.1,0.0,0.3,0.3,3.5,0.0,2.9,pro_optimized_v1,bot_rusher
2026-07-27 00:35:49,0,31.1,0,1,8,2,8,3,1,1,0.32,10,0.80,13.8,0.3,0.0,1.0,4.4,1.3,9.3,pro_optimized_v1,bot_camper
2026-07-27 00:35:51,0,12.4,0,3,5,0,8,3,0,0,0.00,0,0.00,0.0,0.0,0.0,0.0,0.0,0.0,0.0,base,bot_rookie
2026-07-27 00:35:54,0,15.2,0,2,6,1,5,3,0,0,0.00,5,0.78,7.8,0.0,0.0,2.6,1.4,0.0,2.9,pro_learned_v5,bot_camper
2026-07-27 00:35:57,0,14.8,0,1,7,2,6,3,0,0,0.00,8,0.49,4.4,0.0,0.0,1.8,1.8,0.0,5.7,pro_optimized_v1_origin,bot_camper
2026-07-27 00:36:01,1,21.2,1,0,8,3,8,2,3,3,0.70,4,0.79,7.3,0.0,0.0,2.1,2.9,3.9,4.2,pro_learned_v5,bot_standard
2026-07-27 00:36:06,0,26.7,0,1,14,2,6,3,2,3,1.11,3,2.03,11.2,1.0,0.0,5.2,2.6,2.3,3.4,pro_learned_v4,bot_standard
2026-07-27 00:36:09,1,17.1,1,0,8,3,5,2,1,0,0.00,6,1.15,3.6,0.0,0.3,1.8,2.5,1.3,6.5,pro,bot_slippery
2026-07-27 00:36:11,0,11.7,0,2,6,1,4,3,0,0,0.00,2,0.48,3.9,0.3,0.5,1.6,1.8,0.0,3.1,pro_learned_v4,bot_slippery
2026-07-27 00:36:15,0,17.9,0,2,6,1,6,3,0,0,0.00,8,0.67,2.9,0.0,0.0,4.2,2.6,0.0,7.8,pro_learned_v4,bot_camper
2026-07-27 00:36:18,0,18.5,0,2,3,1,4,3,1,1,0.62,2,1.81,10.9,0.3,0.5,1.3,1.6,1.3,2.1,pro,bot_rookie
2026-07-27 00:36:22,1,20.6,1,0,3,3,3,2,0,0,0.00,2,1.50,13.0,0.0,0.0,2.2,1.3,0.0,3.1,pro_learned_v4,bot_rusher
2026-07-27 00:36:25,0,13.0,0,2,5,1,4,3,2,2,1.07,2,1.03,4.2,0.0,0.0,1.6,1.3,2.6,2.9,pro_learned_v5,bot_camper
2026-07-27 00:36:27,0,12.0,0,2,6,1,4,3,1,1,1.74,4,0.81,4.8,0.0,0.0,1.8,1.0,1.3,2.6,pro_optimized_v3,bot_rookie
2026-07-27 00:36:30,0,12.7,0,2,2,1,4,3,0,0,0.00,2,1.55,5.2,0.0,0.0,2.3,1.6,0.0,3.1,pro_learned_v4,bot_slippery
2026-07-27 00:36:33,0,15.5,0,2,5,1,5,3,1,2,0.71,2,1.56,1.0,0.8,0.3,3.1,1.8,3.6,4.4,pro,bot_rusher
2026-07-27 00:36:37,0,24.6,0,2,15,1,11,3,2,2,2.31,5,0.60,1.6,4.2,0.8,3.9,5.5,2.6,5.7,pro_optimized_v1,bot_rookie
2026-07-27 00:36:40,0,12.8,0,2,5,1,5,3,0,0,0.00,2,2.10,4.2,0.8,0.0,2.7,2.1,0.0,2.6,pro_optimized_v1_origin,bot_standard
2026-07-27 00:36:42,0,12.5,0,1,6,2,3,3,1,1,0.72,4,1.29,2.6,0.3,0.3,1.8,0.8,1.3,4.9,pro,bot_slippery
2026-07-27 00:36:47,1,29.7,1,0,15,3,3,2,2,1,1.78,11,0.96,1.8,0.0,0.3,4.7,0.8,4.2,17.0,pro,bot_rusher
2026-07-27 00:36:50,1,14.5,1,0,10,3,5,2,2,2,0.78,4,1.17,3.6,0.0,0.0,2.6,1.6,2.6,3.1,pro_optimized_v3,bot_slippery
2026-07-27 00:36:53,1,16.1,2,0,7,3,2,1,2,2,0.69,2,1.08,9.1,0.0,0.0,1.3,1.0,2.2,1.6,pro_optimized_v2,bot_rusher
2026-07-27 00:36:56,0,15.3,0,3,6,0,8,3,1,1,1.46,2,0.70,5.7,0.8,0.0,1.8,2.6,1.3,3.1,pro_learned_v5,bot_standard
2026-07-27 00:36:59,0,13.0,0,3,7,0,5,3,0,0,0.00,0,0.00,0.0,0.0,0.0,0.0,0.0,0.0,0.0,base,bot_standard
2026-07-27 00:37:02,0,16.4,0,1,7,2,7,3,2,2,0.65,3,1.22,4.4,0.0,0.0,2.6,2.9,2.6,2.9,pro_optimized_v2,bot_slippery
2026-07-27 00:37:07,0,30.5,0,2,13,1,10,3,2,1,3.62,9,0.78,2.6,2.6,0.0,4.8,5.2,2.6,12.2,pro_optimized_v1_origin,bot_camper
2026-07-27 00:37:09,0,10.6,0,3,3,0,3,3,2,1,1.84,1,1.40,3.6,0.0,0.0,0.8,0.8,2.6,2.9,pro_learned_v5,bot_rookie
2026-07-27 00:37:13,0,21.0,0,2,9,1,9,3,2,2,4.15,1,2.62,3.9,0.3,0.0,5.5,4.4,2.9,3.6,pro_optimized_v1,bot_rookie
2026-07-27 00:37:16,0,16.7,0,1,10,2,7,3,1,1,1.66,2,0.68,8.8,0.0,0.0,0.8,1.7,1.3,3.1,pro_optimized_v3,bot_rusher
2026-07-27 00:37:19,1,16.6,2,0,10,3,6,1,3,3,0.97,3,0.98,6.2,0.0,0.0,2.6,1.3,3.9,1.6,pro_optimized_v3,bot_rookie
2026-07-27 00:37:24,0,28.3,0,3,7,0,6,3,3,4,1.26,2,3.79,8.8,0.0,2.1,4.7,2.6,4.2,6.0,chaos,bot_rookie
2026-07-27 00:37:27,0,14.6,0,3,6,0,3,3,0,0,0.00,10,0.54,3.4,0.0,0.0,2.7,0.8,0.0,7.8,pro_optimized_v1,bot_camper
2026-07-27 00:37:30,0,11.2,0,1,5,2,3,3,0,0,0.00,4,0.69,4.4,0.0,0.0,1.8,0.9,0.0,3.1,pro_optimized_v1,bot_rusher
2026-07-27 00:37:32,1,13.1,1,0,4,3,2,2,1,1,1.96,4,0.71,6.0,0.0,0.0,1.2,0.5,1.3,3.1,pro_optimized_v3,bot_standard
2026-07-27 00:37:37,0,28.9,0,2,6,1,6,3,1,1,2.26,6,0.75,14.0,0.8,0.0,5.7,2.6,1.3,3.9,pro_optimized_v1_origin,bot_rookie
2026-07-27 00:37:43,1,40.2,2,0,18,3,6,1,1,2,1.22,18,0.70,8.3,0.0,0.0,1.0,2.6,1.3,25.9,pro_optimized_v1,bot_rookie
2026-07-27 00:37:47,0,21.6,0,2,6,1,3,3,2,2,0.60,5,1.15,9.9,0.8,0.0,3.7,1.0,2.6,3.1,pro_learned_v5,bot_camper
2026-07-27 00:37:50,1,14.2,2,0,8,3,10,1,0,0,0.00,0,0.00,0.0,0.0,0.0,0.0,0.0,0.0,0.0,base,bot_rusher
2026-07-27 00:37:52,1,10.2,2,0,6,3,2,1,1,1,0.52,1,0.30,3.4,0.0,0.8,0.0,1.3,3.1,0.7,pro,bot_standard
2026-07-27 00:37:56,0,22.7,0,1,12,2,6,3,2,3,0.67,4,1.39,10.0,0.0,0.0,4.4,1.8,2.6,2.9,pro_optimized_v3,bot_standard
2026-07-27 00:37:59,0,15.7,0,3,6,0,4,3,1,2,1.39,1,0.46,8.6,0.8,0.0,0.8,1.1,1.3,3.1,pro_optimized_v3,bot_standard
2026-07-27 00:38:01,0,9.4,0,3,4,0,4,3,0,0,0.00,5,0.78,2.1,0.3,0.0,2.2,2.1,0.0,2.9,pro_optimized_v1_origin,bot_standard
2026-07-27 00:38:05,1,20.9,1,0,11,3,6,2,4,3,1.54,5,0.82,6.5,0.0,0.0,4.7,1.4,4.2,3.1,pro_learned_v5,bot_rookie
2026-07-27 00:38:07,0,8.3,0,3,2,0,3,3,0,0,0.00,5,0.79,1.8,0.3,0.0,2.6,0.8,0.0,2.9,pro_learned_v5,bot_rookie
2026-07-27 00:38:10,0,14.3,0,1,4,2,3,3,0,0,0.00,6,0.82,5.7,0.0,0.5,1.8,1.0,0.0,4.7,pro,bot_slippery
2026-07-27 00:38:14,0,24.8,0,1,9,2,3,3,1,1,2.24,9,1.21,3.4,0.0,1.6,3.2,1.0,1.3,13.3,pro,bot_rookie
2026-07-27 00:38:17,0,11.8,0,1,4,2,3,3,0,0,0.00,2,3.10,3.6,0.0,0.0,3.9,0.6,0.0,3.1,pro_optimized_v1_origin,bot_slippery
2026-07-27 00:38:20,1,16.8,2,0,8,3,5,1,1,1,0.32,2,1.22,6.0,1.6,1.0,0.4,2.6,1.3,2.9,pro,bot_camper
2026-07-27 00:38:23,1,10.7,1,0,4,3,4,2,2,3,0.41,4,0.72,1.3,0.0,0.8,1.0,1.4,2.6,2.6,chaos,bot_rookie
2026-07-27 00:38:26,0,16.4,0,1,13,2,3,3,1,0,0.00,8,0.85,2.1,0.0,1.0,0.5,0.6,1.3,9.9,chaos,bot_rusher
2026-07-27 00:38:28,0,10.2,0,1,5,2,6,3,0,0,0.00,0,0.00,0.0,0.0,0.0,0.0,0.0,0.0,0.0,base,bot_slippery
2026-07-27 00:38:31,0,15.4,0,1,2,2,6,3,1,1,1.30,6,0.64,3.6,0.0,0.0,3.6,2.5,1.6,3.1,pro_optimized_v1,bot_camper
2026-07-27 00:38:34,1,16.1,3,0,6,3,2,0,1,1,0.32,5,0.84,4.2,0.0,0.5,2.9,1.0,1.3,5.2,chaos,bot_rusher
2026-07-27 00:38:37,0,11.5,0,2,2,1,6,3,0,0,0.00,0,0.00,0.0,0.0,0.0,0.0,0.0,0.0,0.0,base,bot_camper
2026-07-27 00:38:39,0,11.9,0,3,5,0,6,3,1,1,0.70,3,1.31,3.4,0.0,0.3,1.0,2.3,1.3,3.6,pro,bot_rookie
2026-07-27 00:38:42,0,11.2,0,2,3,1,5,3,0,0,0.00,3,0.61,5.7,0.0,0.0,0.5,1.6,0.0,2.9,pro_optimized_v3,bot_rusher
2026-07-27 00:38:44,0,10.9,0,2,6,1,6,3,0,0,0.00,5,0.68,4.2,0.0,0.0,1.6,1.8,0.0,2.9,pro_learned_v5,bot_slippery
2026-07-27 00:38:47,0,12.8,0,3,3,0,3,3,0,0,0.00,4,0.96,7.0,0.0,0.0,1.6,1.1,0.0,3.1,pro_learned_v4,bot_standard
2026-07-27 00:38:50,0,17.4,0,1,11,2,5,3,2,0,0.00,5,1.50,3.9,0.0,1.0,1.3,1.3,1.3,7.5,chaos,bot_camper
2026-07-27 00:38:56,0,36.7,0,2,8,1,4,3,1,1,0.66,8,0.64,20.8,1.0,0.0,2.3,1.8,3.6,6.6,pro_optimized_v1,bot_rookie
2026-07-27 00:39:00,0,17.9,0,2,8,1,9,3,1,1,0.36,4,0.97,6.8,0.5,0.0,2.6,3.4,1.3,2.9,pro_optimized_v3,bot_rookie
2026-07-27 00:39:03,1,16.1,1,0,9,3,4,2,3,4,0.67,4,1.00,4.9,0.5,0.0,2.6,1.0,3.1,2.9,pro_optimized_v3,bot_standard
2026-07-27 00:39:06,0,16.0,0,2,5,1,9,3,0,0,0.00,6,0.59,4.9,0.0,0.0,0.5,5.3,0.0,4.7,pro_learned_v4,bot_camper
2026-07-27 00:39:09,1,13.5,1,0,10,3,12,2,0,0,0.00,0,0.00,0.0,0.0,0.0,0.0,0.0,0.0,0.0,base,bot_standard
2026-07-27 00:39:12,0,21.9,0,2,11,1,10,3,3,3,0.64,5,1.13,3.9,1.0,0.0,4.7,5.5,4.2,2.1,chaos,bot_rookie
2026-07-27 00:39:20,1,52.8,2,0,12,3,4,1,2,2,12.84,16,0.79,25.5,0.5,0.8,7.1,2.3,2.6,13.0,pro,bot_standard
2026-07-27 00:39:24,0,19.2,0,1,13,2,6,3,1,0,0.00,5,1.26,4.4,0.0,0.0,2.1,3.1,1.3,7.3,pro_optimized_v1,bot_standard
2026-07-27 00:39:26,0,9.6,0,3,3,0,3,3,0,0,0.00,4,0.73,4.2,0.0,0.0,1.3,1.0,0.0,3.1,pro_optimized_v1_origin,bot_rookie
2026-07-27 00:39:28,1,8.2,3,0,4,3,3,0,1,1,1.18,1,0.24,3.9,0.0,0.0,0.3,1.4,1.6,0.0,pro_optimized_v1,bot_rusher
2026-07-27 00:39:34,0,35.9,0,1,22,2,9,3,3,1,0.28,16,0.94,4.4,0.3,0.0,5.7,3.9,4.2,16.4,pro,bot_rookie
2026-07-27 00:39:37,1,18.6,1,0,11,3,14,2,0,0,0.00,0,0.00,0.0,0.0,0.0,0.0,0.0,0.0,0.0,base,bot_slippery
2026-07-27 00:39:40,0,10.5,0,1,6,2,3,3,1,1,0.42,0,0.00,4.9,0.0,0.0,0.5,0.7,1.3,2.1,pro_learned_v5,bot_rusher
2026-07-27 00:39:42,0,11.7,0,2,6,1,4,3,0,0,0.00,4,1.22,2.3,0.0,0.3,3.4,1.6,0.0,3.6,chaos,bot_camper
2026-07-27 00:39:44,0,9.8,0,3,1,0,3,3,0,0,0.00,3,0.67,5.7,0.0,0.0,0.0,1.0,0.0,3.1,pro_optimized_v2,bot_camper
2026-07-27 00:39:48,1,18.1,1,0,5,3,2,2,2,1,1.38,3,1.23,6.5,0.0,0.0,2.8,0.5,3.6,3.6,chaos,bot_rusher
2026-07-27 00:39:52,0,23.8,0,3,3,0,4,3,3,2,1.74,5,0.78,5.2,0.0,1.6,1.0,1.2,6.8,8.1,pro,bot_slippery
2026-07-27 00:39:55,0,18.6,0,2,12,1,19,3,0,0,0.00,0,0.00,0.0,0.0,0.0,0.0,0.0,0.0,0.0,base,bot_rookie
2026-07-27 00:40:01,0,32.5,0,1,13,2,7,3,0,0,0.00,8,1.37,9.4,0.0,0.0,10.4,2.9,0.0,8.8,pro_optimized_v1_origin,bot_standard
2026-07-27 00:40:04,1,20.4,1,0,13,3,8,2,3,4,0.74,4,1.21,7.5,0.0,0.0,3.0,2.1,3.9,2.9,pro_learned_v5,bot_slippery
2026-07-27 00:40:07,0,14.8,0,1,5,2,4,3,1,0,0.00,3,1.61,5.7,0.0,0.0,2.6,1.0,1.3,3.1,pro_optimized_v3,bot_rusher
2026-07-27 00:40:09,0,9.6,0,2,4,1,3,3,1,1,0.92,3,0.70,3.4,0.3,0.5,0.3,0.8,1.6,2.3,pro_optimized_v1,bot_rookie
2026-07-27 00:40:12,1,12.3,1,0,8,3,3,2,0,0,0.00,4,0.98,2.9,0.8,0.8,0.3,1.5,0.0,5.2,pro,bot_rusher
2026-07-27 00:40:17,0,30.8,0,1,17,2,9,3,2,2,1.62,8,1.70,4.7,1.3,1.0,6.2,3.8,2.6,10.1,pro,bot_rookie
2026-07-27 00:40:21,1,21.3,2,0,7,3,4,1,3,2,1.64,5,1.49,5.5,0.0,0.3,9.1,1.0,3.2,1.3,pro_optimized_v2,bot_camper
2026-07-27 00:40:25,0,23.5,0,2,4,1,4,3,0,0,0.00,7,0.64,14.0,0.3,0.0,2.9,1.0,0.0,5.2,pro_learned_v4,bot_standard
2026-07-27 00:40:27,0,10.6,0,3,3,0,5,3,0,0,0.00,3,0.77,2.6,0.0,0.0,3.1,1.3,0.0,3.6,pro_learned_v5,bot_standard
2026-07-27 00:40:30,0,8.5,0,2,4,1,3,3,0,0,0.00,2,0.60,3.6,0.0,0.0,0.8,0.7,0.0,2.9,pro_optimized_v1,bot_rusher
2026-07-27 00:40:33,0,19.2,0,1,12,2,8,3,2,1,2.02,3,0.92,6.2,0.0,0.0,4.2,2.1,2.6,3.1,pro_learned_v5,bot_rusher
2026-07-27 00:40:36,0,14.6,0,2,6,1,5,3,2,3,1.14,3,0.33,4.9,0.5,0.0,1.7,1.3,2.6,3.1,chaos,bot_camper
2026-07-27 00:40:39,0,13.8,0,1,9,2,7,3,0,0,0.00,3,0.77,5.2,0.0,0.0,1.8,2.7,0.0,3.1,pro_learned_v5,bot_slippery
2026-07-27 00:40:42,0,14.8,0,3,3,0,8,3,0,0,0.00,0,0.00,0.0,0.0,0.0,0.0,0.0,0.0,0.0,base,bot_rookie
2026-07-27 00:40:47,1,30.0,1,0,17,3,11,2,1,0,0.00,13,0.79,4.4,0.0,0.5,0.5,5.3,1.6,16.6,chaos,bot_rusher
2026-07-27 00:40:50,0,18.6,0,3,5,0,4,3,0,0,0.00,9,0.89,3.9,0.0,0.8,3.4,1.2,0.0,9.4,pro,bot_rookie
2026-07-27 00:40:53,0,13.3,0,1,6,2,4,3,1,0,0.00,3,1.25,5.5,0.0,0.3,1.0,0.8,1.3,3.4,chaos,bot_rusher
2026-07-27 00:40:56,0,17.9,0,2,7,1,5,3,2,2,0.26,7,0.75,7.8,0.0,0.0,3.4,1.8,1.3,3.1,pro_learned_v5,bot_standard
2026-07-27 00:40:59,0,13.2,0,3,5,0,6,3,0,0,0.00,3,0.95,4.9,0.0,1.0,0.3,3.8,0.0,3.1,pro,bot_rookie
2026-07-27 00:41:01,0,9.3,0,3,3,0,6,3,0,0,0.00,0,0.00,0.0,0.0,0.0,0.0,0.0,0.0,0.0,base,bot_standard
2026-07-27 00:41:05,0,16.6,0,1,5,2,3,3,0,0,0.00,5,0.94,7.0,0.0,0.0,2.1,0.8,0.0,5.7,pro_learned_v4,bot_standard
2026-07-27 00:41:07,1,13.5,1,0,11,3,9,2,1,1,1.20,3,0.59,4.7,0.5,0.0,1.3,3.2,1.3,1.6,pro_learned_v5,bot_rusher
2026-07-27 00:41:10,1,8.9,1,0,3,3,4,2,0,0,0.00,2,0.56,3.6,0.0,0.0,0.5,1.4,0.0,2.3,pro_learned_v4,bot_slippery
2026-07-27 00:41:14,0,26.2,0,1,9,2,7,3,3,4,0.98,3,0.98,14.3,0.0,0.0,3.4,1.8,2.9,2.9,pro_learned_v5,bot_rookie
2026-07-27 00:41:18,0,23.6,0,2,13,1,4,3,2,2,1.49,9,0.65,7.3,0.0,0.5,1.3,2.1,2.6,9.4,pro,bot_standard
2026-07-27 00:41:21,0,17.8,0,2,5,1,8,3,0,0,0.00,0,0.00,0.0,0.0,0.0,0.0,0.0,0.0,0.0,base,bot_rookie
2026-07-27 00:41:24,0,12.0,0,3,2,0,6,3,0,0,0.00,0,0.00,0.0,0.0,0.0,0.0,0.0,0.0,0.0,base,bot_standard
2026-07-27 00:41:27,0,11.4,0,2,8,1,4,3,0,0,0.00,4,1.02,4.1,0.0,1.0,1.0,1.6,0.0,3.1,pro_optimized_v2,bot_standard
2026-07-27 00:41:31,0,26.8,0,1,12,2,8,3,3,3,0.87,4,0.63,8.6,0.3,0.0,3.6,3.9,7.0,2.3,pro_optimized_v1,bot_slippery
2026-07-27 00:41:36,0,31.8,0,3,11,0,8,3,1,3,0.52,14,0.84,1.0,1.8,0.0,8.1,3.2,1.3,16.4,chaos,bot_camper
2026-07-27 00:41:39,0,12.4,0,2,7,1,5,3,0,0,0.00,3,0.99,2.6,1.3,1.0,0.8,2.5,0.0,3.6,pro_learned_v4,bot_standard
2026-07-27 00:41:41,0,11.5,0,2,8,1,9,3,0,0,0.00,0,0.00,0.0,0.0,0.0,0.0,0.0,0.0,0.0,base,bot_rusher
2026-07-27 00:41:45,0,23.8,0,1,6,2,7,3,2,1,0.42,5,1.50,3.6,0.0,0.8,3.9,2.5,3.4,8.6,pro,bot_standard
2026-07-27 00:41:48,0,11.0,0,1,8,2,4,3,2,1,0.66,3,1.25,3.6,0.0,0.0,0.8,1.0,1.4,3.1,pro_learned_v5,bot_rusher
2026-07-27 00:41:51,0,14.8,0,3,2,0,5,3,2,1,1.00,2,0.36,7.0,0.0,0.0,1.0,1.5,2.6,2.6,pro_optimized_v3,bot_standard
2026-07-27 00:41:54,1,19.4,1,0,12,3,5,2,2,2,2.45,4,0.43,3.1,0.0,0.8,0.8,2.9,2.6,8.3,pro,bot_slippery
2026-07-27 00:41:57,1,12.8,2,0,8,3,1,1,0,0,0.00,5,0.56,2.3,1.8,0.0,1.6,0.3,0.0,5.8,chaos,bot_rusher
2026-07-27 00:42:01,0,19.5,0,3,7,0,4,3,1,0,0.00,11,0.76,3.1,0.0,0.5,2.1,1.5,1.3,10.9,pro,bot_camper
2026-07-27 00:42:04,0,20.5,0,2,7,1,12,3,4,3,1.57,3,0.73,5.7,0.3,0.0,2.9,3.9,4.2,3.1,pro_learned_v5,bot_slippery
2026-07-27 00:42:09,0,26.7,0,2,7,1,6,3,0,0,0.00,5,1.16,13.3,1.0,1.3,2.9,2.8,0.0,4.9,chaos,bot_camper
2026-07-27 00:42:12,0,14.4,0,2,7,1,5,3,2,2,0.66,3,1.01,5.7,0.0,0.0,1.0,1.5,2.6,3.1,pro_optimized_v3,bot_slippery
2026-07-27 00:42:16,0,26.4,0,3,8,0,7,3,0,0,0.00,0,0.00,0.0,0.0,0.0,0.0,0.0,0.0,0.0,base,bot_camper
2026-07-27 00:42:19,0,11.4,0,1,4,2,5,3,1,1,1.66,3,0.51,3.9,0.0,0.0,0.6,1.8,1.3,2.9,pro_optimized_v1,bot_rookie
2026-07-27 00:42:24,0,30.4,0,2,13,1,11,3,0,0,0.00,12,1.12,3.4,0.0,0.0,5.5,5.8,0.0,15.3,pro,bot_slippery
2026-07-27 00:42:27,0,16.9,0,3,2,0,4,3,1,1,0.98,4,1.97,3.1,0.3,0.0,5.2,1.6,1.3,5.5,chaos,bot_rookie
2026-07-27 00:42:29,0,11.0,0,2,6,1,4,3,0,0,0.00,4,0.97,2.1,1.3,0.0,3.1,1.1,0.0,2.9,pro_learned_v4,bot_rusher
2026-07-27 00:42:33,1,17.6,1,0,5,3,5,2,3,3,0.93,1,1.68,8.0,0.0,0.0,1.3,1.3,2.9,3.1,pro_optimized_v3,bot_rookie
2026-07-27 00:42:39,1,40.5,2,0,16,3,8,1,0,0,0.00,8,1.57,17.2,0.0,0.0,4.4,4.5,0.0,13.5,chaos,bot_rusher
2026-07-27 00:42:42,0,16.5,0,2,3,1,4,3,0,0,0.00,0,0.00,0.0,0.0,0.0,0.0,0.0,0.0,0.0,base,bot_camper
2026-07-27 00:42:45,1,17.0,1,0,6,3,7,2,1,1,1.38,5,1.11,4.2,0.3,0.8,3.1,3.0,1.3,3.4,pro_optimized_v1,bot_standard
2026-07-27 00:42:49,1,16.5,2,0,12,3,6,1,3,2,0.51,5,0.73,2.1,0.0,0.0,2.8,3.4,4.4,2.9,pro_optimized_v1,bot_standard
2026-07-27 00:42:51,1,9.9,1,0,6,3,4,2,0,0,0.00,3,0.37,3.1,0.3,0.0,0.3,1.8,0.0,3.4,pro_learned_v4,bot_rusher
2026-07-27 00:42:54,0,14.8,0,2,3,1,3,3,0,0,0.00,4,0.87,8.8,0.0,0.0,2.1,0.8,0.0,2.9,pro_learned_v4,bot_camper
2026-07-27 00:42:59,1,28.8,1,0,15,3,7,2,4,4,2.61,4,0.86,7.3,0.8,0.3,8.1,3.1,5.2,3.1,chaos,bot_rookie
2026-07-27 00:43:01,0,13.2,0,2,6,1,10,3,0,0,0.00,0,0.00,0.0,0.0,0.0,0.0,0.0,0.0,0.0,base,bot_rookie
2026-07-27 00:43:04,0,15.8,0,3,7,0,5,3,1,0,0.00,2,0.44,9.4,0.0,0.0,0.3,1.8,1.3,3.1,pro_optimized_v3,bot_standard
2026-07-27 00:43:07,0,13.3,0,3,9,0,4,3,1,0,0.00,3,1.43,1.0,2.6,0.0,2.9,1.9,1.6,3.4,pro_optimized_v1_origin,bot_slippery
2026-07-27 00:43:10,0,13.7,0,2,4,1,5,3,1,1,2.18,1,0.48,6.5,0.0,0.0,0.8,2.3,1.3,2.3,pro_optimized_v1,bot_rookie
2026-07-27 00:43:13,0,18.5,0,2,4,1,5,3,1,1,1.58,5,1.08,7.5,0.0,0.5,3.4,2.4,1.3,2.9,pro_optimized_v2,bot_camper
2026-07-27 00:43:17,0,18.7,0,2,6,1,7,3,1,1,1.06,5,0.88,9.1,0.5,0.0,2.1,2.1,1.3,3.1,pro_optimized_v3,bot_slippery
2026-07-27 00:43:19,0,10.3,0,2,8,1,7,3,0,0,0.00,0,0.00,0.0,0.0,0.0,0.0,0.0,0.0,0.0,base,bot_rusher
2026-07-27 00:43:22,0,9.5,0,3,3,0,3,3,1,1,2.06,2,0.82,2.1,0.0,0.3,1.7,1.0,1.3,3.1,pro_optimized_v2,bot_camper
2026-07-27 00:43:25,0,16.4,0,2,5,1,4,3,0,0,0.00,5,1.00,2.9,2.3,0.0,4.3,1.8,0.0,4.7,chaos,bot_camper
2026-07-27 00:43:29,0,24.2,0,2,12,1,4,3,1,2,0.49,7,1.35,7.3,0.0,0.8,3.6,1.9,1.6,8.6,pro,bot_standard
2026-07-27 00:43:34,0,33.8,0,1,12,2,10,3,2,0,0.00,14,1.01,3.4,0.0,1.0,2.1,5.5,2.9,17.9,pro,bot_slippery
2026-07-27 00:43:38,0,18.4,0,1,6,2,5,3,2,2,0.49,3,0.57,8.3,0.0,0.0,1.6,2.3,2.6,2.6,pro_optimized_v2,bot_rookie
2026-07-27 00:43:42,1,27.5,1,0,16,3,3,2,0,0,0.00,13,0.98,5.7,0.0,0.5,2.9,0.8,0.0,16.6,pro,bot_rusher
2026-07-27 00:43:45,0,14.6,0,2,7,1,4,3,1,1,0.50,4,1.03,4.4,0.0,0.8,3.4,1.3,1.3,2.9,pro_optimized_v2,bot_camper
2026-07-27 00:43:48,0,16.1,0,1,8,2,4,3,2,2,0.62,3,0.90,6.8,0.0,0.3,0.3,1.3,1.4,5.2,pro_optimized_v2,bot_rusher
2026-07-27 00:43:51,1,9.9,2,0,9,3,5,1,0,0,0.00,1,0.32,3.1,0.0,0.3,0.3,3.4,0.0,1.8,pro_learned_v4,bot_slippery
2026-07-27 00:43:54,1,13.7,2,0,7,3,1,1,0,0,0.00,9,0.52,3.1,0.0,0.0,1.6,0.3,0.0,7.7,pro_optimized_v1_origin,bot_rusher
2026-07-27 00:43:57,1,15.4,1,0,8,3,2,2,1,1,1.50,4,0.91,7.0,0.0,0.0,3.0,0.5,1.3,2.6,pro_optimized_v1,bot_rusher
2026-07-27 00:43:59,0,10.3,0,2,5,1,3,3,1,0,0.00,5,0.62,3.8,0.0,0.0,1.3,0.8,1.3,2.6,pro_learned_v5,bot_camper
2026-07-27 00:44:02,1,15.3,1,0,11,3,11,2,0,0,0.00,0,0.00,0.0,0.0,0.0,0.0,0.0,0.0,0.0,base,bot_rusher
2026-07-27 00:44:06,0,18.6,0,2,10,1,3,3,0,0,0.00,10,0.71,4.2,0.0,0.0,2.3,0.7,0.0,10.9,pro_optimized_v1_origin,bot_rusher
2026-07-27 00:44:09,0,14.6,0,2,8,1,5,3,1,1,0.64,4,0.98,4.4,0.3,0.0,2.3,2.3,1.3,3.4,pro_optimized_v1,bot_slippery
2026-07-27 00:44:12,0,19.2,0,2,6,1,7,3,2,1,1.68,4,1.47,5.2,0.5,0.0,3.4,2.4,2.6,4.7,pro_optimized_v1,bot_camper
2026-07-27 00:44:16,0,24.9,0,1,11,2,7,3,1,1,0.90,5,1.15,11.4,0.0,0.0,3.6,4.1,1.3,3.4,chaos,bot_camper
2026-07-27 00:44:22,0,40.3,0,1,14,2,10,3,4,3,1.98,6,0.99,16.1,0.3,1.8,8.9,3.9,5.2,3.1,pro_optimized_v2,bot_camper
2026-07-27 00:44:26,0,22.4,0,3,8,0,7,3,0,0,0.00,10,0.75,7.8,0.0,0.0,1.8,3.1,0.0,9.7,pro_optimized_v1_origin,bot_standard
2026-07-27 00:44:29,0,8.5,0,2,5,1,3,3,0,0,0.00,3,0.71,3.9,0.0,0.3,0.3,0.5,0.0,3.1,pro_optimized_v2,bot_rusher
2026-07-27 00:44:32,0,17.2,0,3,8,0,6,3,2,0,0.00,5,0.75,6.8,0.0,0.0,2.9,1.7,2.6,3.4,pro_optimized_v2,bot_rookie
2026-07-27 00:44:35,0,15.4,0,3,4,0,4,3,1,1,2.92,6,1.11,0.8,0.3,0.0,4.7,1.1,1.3,7.3,pro_optimized_v1_origin,bot_camper
2026-07-27 00:44:38,0,14.5,0,2,6,1,4,3,2,2,1.76,2,1.25,3.1,1.8,0.0,2.3,1.3,2.6,2.9,pro_learned_v5,bot_standard
2026-07-27 00:44:41,1,16.5,1,0,10,3,7,2,0,0,0.00,5,1.02,3.6,0.0,0.0,2.6,3.3,0.0,6.0,pro_learned_v4,bot_slippery
2026-07-27 00:44:44,0,14.3,0,3,4,0,3,3,0,0,0.00,6,0.99,3.9,0.3,1.0,0.8,1.1,0.0,7.3,pro,bot_rookie
2026-07-27 00:44:47,0,12.9,0,2,8,1,4,3,2,1,0.66,4,0.46,2.6,0.5,1.0,1.0,1.8,2.6,2.9,chaos,bot_camper
2026-07-27 00:44:50,0,19.4,0,3,6,0,6,3,0,0,0.00,6,1.50,2.9,0.3,0.0,2.3,2.5,0.0,11.4,pro_optimized_v1_origin,bot_rookie
2026-07-27 00:44:53,0,13.8,0,2,4,1,3,3,2,3,0.73,2,1.31,3.6,0.5,0.0,2.1,0.8,2.9,3.4,pro_optimized_v1,bot_standard
2026-07-27 00:44:57,0,26.1,0,3,12,0,9,3,2,2,2.85,4,1.00,10.7,0.0,0.0,3.6,3.7,2.6,5.5,pro_learned_v5,bot_slippery
2026-07-27 00:45:00,0,11.9,0,1,7,2,6,3,0,0,0.00,0,0.00,0.0,0.0,0.0,0.0,0.0,0.0,0.0,base,bot_rusher
2026-07-27 00:45:02,0,10.1,0,1,6,2,3,3,1,1,0.52,3,0.51,3.9,0.0,0.0,0.5,0.8,1.3,2.6,chaos,bot_rusher
2026-07-27 00:45:05,0,11.4,0,1,5,2,3,3,0,0,0.00,4,1.14,3.6,0.8,0.0,2.3,0.5,0.0,3.4,pro_optimized_v1_origin,bot_slippery
2026-07-27 00:45:08,1,11.7,2,0,9,3,2,1,0,0,0.00,5,0.43,2.3,0.0,0.5,0.5,0.8,0.0,6.5,pro,bot_rusher
2026-07-27 00:45:11,0,15.6,0,2,8,1,6,3,2,2,1.32,2,0.61,5.5,0.3,0.0,1.3,2.3,2.6,3.1,pro_learned_v5,bot_rusher
2026-07-27 00:45:13,0,12.8,0,2,3,1,3,3,0,0,0.00,3,1.71,5.7,0.0,0.0,3.4,0.6,0.0,2.6,pro_learned_v5,bot_rusher
2026-07-27 00:45:17,0,21.6,0,1,7,2,4,3,2,2,2.37,3,2.10,3.1,0.3,0.8,3.6,1.6,2.6,8.6,pro,bot_rookie
2026-07-27 00:45:20,0,12.0,0,2,8,1,3,3,0,0,0.00,5,0.81,3.1,0.3,1.0,0.5,0.8,0.0,5.7,pro_learned_v4,bot_camper
2026-07-27 00:45:24,1,25.2,2,0,16,3,3,1,2,2,1.44,11,0.71,3.1,0.3,1.0,1.1,1.6,2.6,14.6,pro,bot_rookie
2026-07-27 00:45:27,0,13.5,0,2,9,1,5,3,2,3,0.40,2,0.62,3.6,0.0,0.0,1.3,1.9,2.6,3.6,chaos,bot_slippery
2026-07-27 00:45:30,1,14.8,2,0,5,3,8,1,0,0,0.00,5,0.45,3.1,1.0,1.3,0.3,4.7,0.0,3.4,pro_learned_v4,bot_rookie
2026-07-27 00:45:35,1,28.8,1,0,10,3,5,2,1,2,0.50,9,0.67,10.9,1.3,0.0,1.6,1.8,1.3,10.9,pro_optimized_v1,bot_rusher
2026-07-27 00:45:37,0,14.2,0,2,5,1,6,3,0,0,0.00,0,0.00,0.0,0.0,0.0,0.0,0.0,0.0,0.0,base,bot_standard
2026-07-27 00:45:41,0,16.5,0,1,7,2,5,3,3,2,2.36,3,0.52,5.7,0.3,0.0,2.3,1.4,2.9,2.9,pro_optimized_v3,bot_rookie
2026-07-27 00:45:43,1,9.2,3,0,7,3,8,0,0,0,0.00,0,0.00,0.0,0.0,0.0,0.0,0.0,0.0,0.0,base,bot_rusher
2026-07-27 00:45:46,1,16.8,1,0,11,3,5,2,2,1,1.74,4,1.46,4.7,0.0,0.0,3.4,2.0,2.6,3.1,pro_optimized_v3,bot_slippery
2026-07-27 00:45:50,0,19.5,0,2,12,1,9,3,2,1,1.66,5,0.67,5.2,0.0,0.0,3.6,4.7,2.6,2.9,pro_optimized_v3,bot_rookie
2026-07-27 00:45:54,0,23.9,0,1,11,2,8,3,1,0,0.00,7,0.94,6.2,0.8,0.0,2.6,3.9,1.3,8.1,pro_optimized_v1_origin,bot_rookie
2026-07-27 00:45:57,1,14.8,1,0,13,3,3,2,0,0,0.00,3,1.02,2.9,0.0,0.8,0.0,1.3,0.0,8.9,pro_optimized_v2,bot_rusher
2026-07-27 00:46:00,0,14.3,0,1,11,2,4,3,2,2,1.36,4,0.80,3.1,0.0,0.3,1.0,1.4,2.6,4.9,pro_optimized_v1,bot_rusher
2026-07-27 00:46:04,0,23.6,0,3,10,0,8,3,1,1,0.74,6,0.77,13.8,0.0,0.0,2.6,2.8,1.3,3.1,pro_optimized_v3,bot_rookie
2026-07-27 00:46:07,1,19.5,1,0,11,3,7,2,3,2,0.93,2,0.88,6.5,0.5,0.0,1.8,2.9,3.7,3.1,pro_optimized_v3,bot_standard
2026-07-27 00:46:11,0,20.1,0,3,4,0,3,3,0,0,0.00,3,0.61,12.7,0.5,1.0,1.6,1.0,0.0,3.1,pro_learned_v4,bot_rookie
2026-07-27 00:46:14,0,16.1,0,2,8,1,5,3,2,3,0.75,3,1.30,6.0,0.0,0.0,2.1,2.1,2.6,2.9,pro_learned_v5,bot_rookie
2026-07-27 00:46:17,1,15.3,1,0,7,3,5,2,2,2,0.45,4,0.36,4.2,0.0,0.0,0.3,2.6,3.9,3.4,pro_optimized_v1,bot_slippery
2026-07-27 00:46:21,1,19.6,1,0,15,3,6,2,3,2,0.93,5,0.90,7.0,0.0,0.0,2.9,1.5,2.9,4.4,pro_learned_v5,bot_standard
2026-07-27 00:46:23,0,11.5,0,2,7,1,4,3,1,0,0.00,4,0.76,2.1,0.8,0.0,0.8,1.6,1.6,4.2,pro_optimized_v1,bot_rusher
2026-07-27 00:46:27,0,24.7,0,1,10,2,12,3,1,1,1.32,3,2.04,4.7,2.1,0.0,2.1,7.6,1.3,6.0,pro_optimized_v1_origin,bot_rookie
2026-07-27 00:46:30,0,11.9,0,2,4,1,8,3,0,0,0.00,0,0.00,0.0,0.0,0.0,0.0,0.0,0.0,0.0,base,bot_camper
2026-07-27 00:46:33,0,11.9,0,2,5,1,3,3,0,0,0.00,3,1.67,2.1,1.3,1.0,2.9,0.7,0.0,3.4,pro_learned_v4,bot_standard
2026-07-27 00:46:35,1,12.5,2,0,8,3,5,1,1,1,1.52,2,0.38,3.1,0.8,0.0,0.5,3.6,1.3,2.2,pro_learned_v4,bot_rusher
2026-07-27 00:46:38,0,12.6,0,1,7,2,5,3,0,0,0.00,4,1.12,2.1,0.0,0.0,4.4,2.2,0.0,2.9,pro_learned_v4,bot_slippery
2026-07-27 00:46:42,0,22.7,0,3,15,0,9,3,1,1,0.72,7,1.25,2.3,1.8,0.0,3.6,5.3,1.3,8.3,pro_optimized_v1,bot_rookie
2026-07-27 00:46:46,1,26.3,1,0,12,3,7,2,3,4,0.52,10,0.94,3.1,0.3,2.1,2.0,2.6,5.2,10.1,pro,bot_slippery
2026-07-27 00:46:50,0,17.5,0,2,8,1,5,3,0,0,0.00,11,0.58,5.2,0.8,0.0,2.6,1.6,0.0,6.9,pro_optimized_v1_origin,bot_camper
2026-07-27 00:46:52,0,9.6,0,3,1,0,3,3,0,0,0.00,6,0.67,2.3,1.0,0.0,2.1,0.5,0.0,3.6,pro_learned_v4,bot_camper
2026-07-27 00:46:54,0,10.6,0,3,2,0,4,3,0,0,0.00,6,0.46,4.9,0.0,0.3,0.8,1.5,0.0,3.1,pro_learned_v4,bot_standard
2026-07-27 00:46:57,0,14.1,0,2,6,1,4,3,1,1,1.50,2,1.66,7.5,0.0,0.0,1.1,1.0,1.3,2.6,pro_optimized_v3,bot_slippery
2026-07-27 00:47:00,0,10.6,0,2,4,1,5,3,0,0,0.00,5,0.83,2.9,0.0,0.3,1.6,2.0,0.0,3.4,pro_learned_v4,bot_rookie
2026-07-27 00:47:04,1,24.5,2,0,11,3,6,1,1,0,0.00,13,0.44,4.2,0.0,0.3,4.4,2.9,1.3,10.5,pro,bot_camper
2026-07-27 00:47:07,1,16.6,2,0,11,3,13,1,0,0,0.00,0,0.00,0.0,0.0,0.0,0.0,0.0,0.0,0.0,base,bot_rusher
2026-07-27 00:47:11,0,20.8,0,1,3,2,6,3,0,0,0.00,8,0.79,8.6,0.8,0.0,2.6,2.3,0.0,5.5,chaos,bot_camper
2026-07-27 00:47:15,0,21.2,0,2,8,1,9,3,3,2,0.61,4,0.55,9.1,0.0,0.0,2.1,2.6,3.9,3.1,pro_optimized_v3,bot_rookie
2026-07-27 00:47:17,0,11.9,0,2,4,1,4,3,1,1,0.54,3,0.71,5.7,0.0,0.0,0.3,1.3,1.3,2.9,pro_optimized_v3,bot_slippery
2026-07-27 00:47:20,1,13.4,2,0,10,3,6,1,1,0,0.00,2,1.54,4.7,0.0,0.3,0.5,3.1,0.7,3.1,pro_optimized_v2,bot_slippery
2026-07-27 00:47:25,0,33.8,0,1,13,2,7,3,2,2,4.78,7,1.47,6.5,0.0,1.0,10.2,2.3,2.6,10.1,pro,bot_rookie
2026-07-27 00:47:29,0,16.8,0,2,6,1,4,3,0,0,0.00,6,0.93,5.7,0.0,1.3,3.1,2.0,0.0,4.2,pro_learned_v4,bot_rookie
2026-07-27 00:47:32,1,16.7,1,0,7,3,3,2,0,0,0.00,5,0.73,6.8,0.0,0.0,1.3,1.8,0.0,5.8,pro_learned_v4,bot_standard
2026-07-27 00:47:35,0,13.1,0,1,6,2,4,3,0,0,0.00,2,1.62,6.5,0.0,0.0,1.6,1.2,0.0,2.9,pro_learned_v4,bot_rusher
2026-07-27 00:47:37,0,11.1,0,2,7,1,3,3,1,1,0.32,3,0.74,2.9,1.6,0.0,1.3,0.9,1.3,3.1,pro_optimized_v1,bot_rusher
2026-07-27 00:47:40,0,14.0,0,1,8,2,8,3,0,0,0.00,2,1.59,1.8,1.6,0.0,2.1,4.4,0.0,3.1,pro_learned_v4,bot_rookie
2026-07-27 00:47:43,0,12.4,0,2,4,1,7,3,0,0,0.00,0,0.00,0.0,0.0,0.0,0.0,0.0,0.0,0.0,base,bot_slippery
2026-07-27 00:47:45,1,9.8,2,0,8,3,3,1,1,0,0.00,2,1.03,0.5,0.5,0.8,1.8,1.3,1.0,2.9,pro,bot_slippery
2026-07-27 00:47:48,0,16.1,0,2,8,1,4,3,0,0,0.00,5,1.13,2.9,0.0,0.0,3.9,1.8,0.0,7.0,pro_optimized_v1_origin,bot_slippery
2026-07-27 00:47:51,0,16.1,0,1,10,2,6,3,0,0,0.00,5,1.05,3.4,0.0,0.5,0.5,3.4,0.0,7.3,pro_learned_v4,bot_rusher
2026-07-27 00:47:55,0,23.1,0,2,12,1,6,3,2,3,1.23,1,0.48,10.1,0.0,0.0,2.9,3.1,2.9,3.6,pro_optimized_v1,bot_slippery
2026-07-27 00:47:58,1,13.2,2,0,8,3,3,1,2,0,0.00,2,1.60,0.5,0.5,0.3,2.9,1.3,2.6,4.2,pro,bot_rusher
2026-07-27 00:48:03,0,31.3,0,1,10,2,5,3,1,1,1.48,6,1.29,14.8,0.0,0.5,1.3,2.5,1.3,9.9,pro,bot_standard
2026-07-27 00:48:07,0,17.8,0,2,12,1,9,3,1,1,0.68,6,0.72,1.6,1.6,0.0,2.1,5.1,1.3,5.7,pro_optimized_v1,bot_slippery
2026-07-27 00:48:09,0,14.6,0,3,5,0,6,3,1,2,0.43,5,0.59,6.8,0.0,0.0,1.6,2.1,1.3,2.9,pro_learned_v5,bot_slippery
2026-07-27 00:48:14,0,25.3,0,3,9,0,5,3,2,2,1.56,6,0.74,10.9,0.0,1.3,1.3,2.2,2.6,7.0,pro,bot_slippery
2026-07-27 00:48:17,0,20.3,0,1,7,2,5,3,2,1,0.70,4,1.05,5.7,0.0,0.8,3.1,1.9,2.6,5.2,pro_optimized_v1,bot_rookie
2026-07-27 00:48:21,0,21.0,0,2,6,1,8,3,0,0,0.00,9,1.14,3.4,0.0,0.0,5.5,2.8,0.0,8.8,pro_optimized_v1_origin,bot_slippery
2026-07-27 00:48:25,0,24.4,0,1,13,2,7,3,1,0,0.00,6,1.49,6.5,0.0,0.0,3.1,3.7,1.6,8.6,chaos,bot_standard
2026-07-27 00:48:28,1,16.0,1,0,11,3,6,2,2,2,1.35,2,0.53,4.7,0.3,0.0,0.0,3.6,3.1,3.4,chaos,bot_slippery
2026-07-27 00:48:32,0,22.3,0,2,8,1,3,3,1,0,0.00,7,0.96,9.1,0.3,0.8,1.3,1.0,1.3,8.1,pro,bot_rookie
2026-07-27 00:48:35,0,11.9,0,2,8,1,4,3,1,1,3.06,2,1.04,4.2,0.0,0.0,1.8,1.0,1.3,3.1,pro_optimized_v3,bot_camper
2026-07-27 00:48:38,1,14.1,2,0,7,3,5,1,1,1,0.28,4,0.52,6.5,0.0,0.0,1.0,2.7,1.3,1.6,pro_optimized_v1,bot_slippery
2026-07-27 00:48:42,1,25.1,1,0,14,3,8,2,1,1,0.66,7,1.64,3.6,0.0,1.0,2.1,3.9,1.3,12.1,chaos,bot_slippery
2026-07-27 00:48:45,0,16.1,0,1,5,2,3,3,2,2,3.08,3,1.02,4.7,0.0,0.3,4.4,0.7,2.6,2.9,pro_optimized_v2,bot_rookie
2026-07-27 00:48:48,0,19.8,0,3,1,0,8,3,0,0,0.00,0,0.00,0.0,0.0,0.0,0.0,0.0,0.0,0.0,base,bot_camper
2026-07-27 00:48:51,0,13.7,0,2,6,1,5,3,0,0,0.00,2,1.03,7.3,0.0,0.0,1.3,2.1,0.0,2.6,pro_optimized_v3,bot_slippery
2026-07-27 00:48:55,0,18.4,0,2,7,1,5,3,1,1,0.68,5,1.13,6.0,0.0,0.0,1.8,2.3,1.3,6.5,pro,bot_rookie
2026-07-27 00:48:57,0,12.8,0,2,4,1,5,3,0,0,0.00,3,1.23,3.9,0.0,0.0,2.1,2.7,0.0,3.6,pro_learned_v4,bot_rookie
2026-07-27 00:49:00,0,15.0,0,1,12,2,8,3,1,0,0.00,5,0.32,4.4,0.0,0.0,1.0,4.3,1.3,2.9,chaos,bot_slippery
2026-07-27 00:49:03,0,16.1,0,1,8,2,7,3,2,2,1.12,4,0.61,6.0,0.0,0.0,2.3,1.6,2.6,2.6,pro_optimized_v3,bot_standard
2026-07-27 00:49:06,0,11.9,0,3,4,0,3,3,0,0,0.00,3,0.94,4.2,0.0,0.0,1.8,1.3,0.0,4.7,pro_optimized_v1_origin,bot_camper
2026-07-27 00:49:09,0,12.8,0,3,6,0,6,3,2,3,0.67,4,0.39,2.1,1.3,0.0,0.8,2.9,1.8,4.0,pro_learned_v4,bot_standard
2026-07-27 00:49:11,0,10.4,0,3,4,0,3,3,2,4,1.04,0,0.00,2.6,0.0,0.0,1.3,1.1,2.3,3.1,pro_learned_v4,bot_slippery
2026-07-27 00:49:13,1,8.3,2,0,8,3,4,1,0,0,0.00,0,0.00,0.0,0.0,0.0,0.0,0.0,0.0,0.0,base,bot_standard
2026-07-27 00:49:18,1,28.0,1,0,12,3,7,2,3,2,0.95,4,1.34,14.6,0.0,0.0,3.6,1.8,3.9,3.1,pro_learned_v5,bot_standard
2026-07-27 00:49:20,0,12.0,0,3,3,0,4,3,1,2,0.88,4,0.61,4.7,0.0,0.0,1.9,1.0,1.3,3.1,pro_optimized_v1,bot_camper
2026-07-27 00:49:23,0,14.3,0,1,6,2,4,3,2,1,0.90,4,1.13,3.9,0.0,0.0,1.4,1.6,2.6,3.9,chaos,bot_standard
2026-07-27 00:49:26,0,13.7,0,2,5,1,10,3,0,0,0.00,0,0.00,0.0,0.0,0.0,0.0,0.0,0.0,0.0,base,bot_rookie
2026-07-27 00:49:29,0,12.1,0,3,3,0,5,3,0,0,0.00,3,0.61,3.1,0.8,0.0,2.3,2.5,0.0,3.4,pro_optimized_v1_origin,bot_rusher
2026-07-27 00:49:31,0,11.8,0,3,2,0,4,3,1,1,0.96,4,0.30,6.2,0.5,0.5,0.3,0.9,1.3,2.1,pro_optimized_v1,bot_standard
2026-07-27 00:49:34,1,13.2,3,0,7,3,4,0,2,3,0.83,3,0.67,5.7,0.0,0.0,2.9,1.0,2.6,0.0,pro_learned_v5,bot_rookie
2026-07-27 00:49:38,0,23.8,0,1,11,2,7,3,0,0,0.00,5,2.47,2.9,0.5,0.5,7.8,3.0,0.0,8.6,pro,bot_rookie
2026-07-27 00:49:42,0,23.1,0,1,11,2,7,3,3,3,1.78,5,1.02,6.0,0.0,0.5,6.5,2.1,3.9,3.1,pro_optimized_v2,bot_rookie
2026-07-27 00:49:45,0,11.8,0,1,4,2,6,3,0,0,0.00,0,0.00,0.0,0.0,0.0,0.0,0.0,0.0,0.0,base,bot_rookie
2026-07-27 00:49:47,0,12.2,0,2,7,1,5,3,0,0,0.00,0,0.00,0.0,0.0,0.0,0.0,0.0,0.0,0.0,base,bot_slippery
2026-07-27 00:49:52,0,29.5,0,2,9,1,9,3,0,0,0.00,6,1.05,15.3,0.3,0.0,2.6,4.9,0.0,6.0,pro_optimized_v1,bot_slippery
2026-07-27 00:49:55,0,17.0,0,2,9,1,8,3,0,0,0.00,7,0.81,6.0,0.0,0.0,2.6,3.5,0.0,4.4,pro_learned_v4,bot_slippery
2026-07-27 00:49:59,1,23.4,1,0,12,3,11,2,0,0,0.00,9,0.90,5.2,0.5,0.0,3.9,5.7,0.0,7.1,pro_optimized_v1_origin,bot_slippery
2026-07-27 00:50:02,0,10.2,0,2,2,1,3,3,0,0,0.00,3,0.58,3.1,0.8,0.0,1.8,0.9,0.0,3.1,pro_learned_v4,bot_rusher
2026-07-27 00:50:04,0,11.2,0,2,5,1,3,3,1,0,0.00,2,1.92,4.4,0.0,0.0,1.8,0.5,1.3,2.6,pro_learned_v5,bot_rusher
2026-07-27 00:50:08,1,25.5,1,0,11,3,2,2,0,0,0.00,10,1.05,8.6,0.0,0.3,3.6,0.5,0.0,11.5,pro,bot_slippery
2026-07-27 00:50:11,0,14.9,0,2,5,1,5,3,0,0,0.00,4,0.70,6.5,0.0,0.0,1.3,2.7,0.0,3.9,pro_optimized_v1_origin,bot_rookie
2026-07-27 00:50:15,0,21.4,0,2,8,1,8,3,2,2,1.77,1,0.24,10.5,0.3,0.8,0.3,3.4,2.6,3.1,pro_optimized_v2,bot_camper
2026-07-27 00:50:19,1,26.8,1,0,20,3,7,2,1,2,0.62,11,0.92,2.6,0.8,0.0,6.8,1.8,1.6,12.3,pro_optimized_v1_origin,bot_rusher
2026-07-27 00:50:23,0,17.8,0,1,8,2,7,3,1,1,1.06,4,1.47,1.8,0.8,0.0,1.3,4.4,1.3,7.2,pro_optimized_v1,bot_standard
2026-07-27 00:50:26,0,21.2,0,1,5,2,6,3,1,1,1.00,4,0.42,14.0,0.0,0.0,0.3,1.5,1.3,3.1,pro_optimized_v3,bot_rusher
2026-07-27 00:50:29,0,12.0,0,3,2,0,4,3,1,2,0.88,2,1.13,6.0,0.0,0.0,2.3,0.8,1.3,1.6,pro_optimized_v1_origin,bot_standard
2026-07-27 00:50:32,0,12.2,0,3,8,0,5,3,0,0,0.00,3,0.72,5.7,0.0,0.0,1.8,2.1,0.0,2.6,pro_optimized_v3,bot_standard
2026-07-27 00:50:36,1,24.1,1,0,13,3,5,2,3,5,2.18,4,1.18,6.0,1.0,0.0,3.6,1.5,3.9,7.0,pro_optimized_v1,bot_slippery
2026-07-27 00:50:41,0,36.5,0,1,19,2,5,3,2,3,0.48,31,0.43,4.7,0.0,0.8,1.7,1.8,3.1,23.4,pro,bot_camper
2026-07-27 00:50:45,0,17.4,0,2,4,1,4,3,2,2,1.11,3,0.96,5.7,0.0,0.0,2.9,1.6,2.3,4.4,pro_learned_v4,bot_standard
2026-07-27 00:50:49,0,24.7,0,1,10,2,6,3,2,1,1.78,7,1.24,1.8,0.0,0.0,6.0,2.4,2.6,10.9,pro,bot_rusher
2026-07-27 00:50:53,0,20.6,0,1,7,2,5,3,0,0,0.00,3,2.86,7.3,1.0,0.0,7.3,1.1,0.0,2.9,pro_learned_v4,bot_rusher
2026-07-27 00:50:58,0,38.4,0,2,19,1,11,3,4,3,2.77,9,1.18,4.9,0.0,0.0,7.5,6.0,5.2,14.3,chaos,bot_standard
2026-07-27 00:51:04,0,33.3,0,1,18,2,6,3,0,0,0.00,18,0.97,1.6,0.8,0.8,6.8,2.4,0.0,20.0,pro,bot_rusher
2026-07-27 00:51:07,0,15.4,0,2,5,1,6,3,0,0,0.00,3,1.05,6.2,0.0,0.0,1.8,3.4,0.0,3.4,chaos,bot_camper
2026-07-27 00:51:10,0,17.3,0,1,6,2,6,3,0,0,0.00,4,1.21,7.3,0.0,0.0,3.6,2.5,0.0,3.1,pro_learned_v5,bot_standard
2026-07-27 00:51:13,0,17.3,0,2,8,1,3,3,1,0,0.00,4,1.59,6.5,0.0,0.3,5.2,0.7,1.3,2.9,pro_optimized_v2,bot_rusher
2026-07-27 00:51:16,0,14.9,0,1,5,2,5,3,1,0,0.00,3,0.79,8.1,0.0,0.0,0.8,1.2,1.3,2.6,pro_optimized_v3,bot_rusher
2026-07-27 00:51:20,1,23.6,1,0,15,3,6,2,3,3,1.69,5,1.35,6.5,0.0,0.0,7.8,1.6,3.6,3.1,pro_optimized_v3,bot_slippery
2026-07-27 00:51:22,0,8.4,0,2,5,1,3,3,0,0,0.00,2,1.34,3.6,0.0,0.0,0.5,0.9,0.0,2.9,pro_optimized_v1_origin,bot_rusher
2026-07-27 00:51:25,0,15.2,0,2,5,1,3,3,1,0,0.00,1,1.40,9.9,0.0,0.0,0.8,0.7,1.3,2.1,pro_optimized_v1,bot_rusher
2026-07-27 00:51:29,0,24.1,0,2,8,1,6,3,1,1,1.30,11,0.80,3.1,1.5,1.0,2.3,2.3,1.3,12.0,pro,bot_camper
2026-07-27 00:51:33,1,16.3,2,0,9,3,5,1,2,2,1.37,3,0.64,7.3,0.0,0.3,2.3,1.3,2.6,1.6,pro_optimized_v2,bot_slippery
2026-07-27 00:51:36,0,18.8,0,2,14,1,15,3,0,0,0.00,0,0.00,0.0,0.0,0.0,0.0,0.0,0.0,0.0,base,bot_slippery
2026-07-27 00:51:39,0,12.5,0,2,5,1,7,3,0,0,0.00,0,0.00,0.0,0.0,0.0,0.0,0.0,0.0,0.0,base,bot_standard
2026-07-27 00:51:42,1,21.1,2,0,7,3,5,1,1,2,0.45,5,0.71,9.4,0.0,0.0,2.9,2.1,1.3,4.5,pro_optimized_v1,bot_slippery
2026-07-27 00:51:47,0,26.7,0,2,14,1,8,3,0,0,0.00,10,1.02,4.2,0.0,0.0,9.1,4.7,0.0,8.3,chaos,bot_rookie
2026-07-27 00:51:50,0,13.3,0,3,8,0,5,3,2,2,0.53,6,0.64,4.2,0.0,0.5,1.3,1.6,2.6,3.1,pro_optimized_v2,bot_standard
2026-07-27 00:51:53,0,17.9,0,2,4,1,3,3,2,2,1.15,2,1.81,8.1,0.0,0.0,2.9,0.7,2.6,3.1,pro_optimized_v2,bot_camper
2026-07-27 00:51:58,1,31.5,1,0,20,3,18,2,2,2,1.60,13,0.73,5.7,0.0,0.0,4.4,8.1,2.6,9.7,pro_optimized_v3,bot_rookie
2026-07-27 00:52:02,0,22.1,0,2,9,1,7,3,1,0,0.00,10,0.81,4.9,0.0,0.3,2.9,2.6,1.3,9.6,pro_optimized_v2,bot_camper
2026-07-27 00:52:04,0,10.5,0,2,4,1,3,3,0,0,0.00,3,1.52,4.2,0.0,0.0,2.0,0.8,0.0,3.1,pro_optimized_v3,bot_rusher
2026-07-27 00:52:07,0,10.5,0,1,7,2,6,3,0,0,0.00,4,0.63,2.3,1.3,0.0,1.3,2.4,0.0,2.3,pro_learned_v4,bot_slippery
2026-07-27 00:52:10,0,19.4,0,1,8,2,6,3,3,3,0.81,4,1.05,5.5,0.0,0.5,4.4,1.6,3.9,2.6,pro_optimized_v2,bot_standard
2026-07-27 00:52:15,0,34.8,0,2,13,1,11,3,0,0,0.00,10,1.83,2.9,0.0,0.0,16.4,4.2,0.0,10.9,chaos,bot_standard
2026-07-27 00:52:19,0,21.4,0,2,8,1,11,3,3,3,1.54,4,1.04,2.6,0.3,0.0,3.9,6.1,2.6,5.5,pro_learned_v4,bot_standard
2026-07-27 00:52:22,1,17.0,1,0,8,3,7,2,2,2,1.51,2,0.82,5.9,0.0,0.0,2.6,2.1,2.6,2.9,pro_learned_v5,bot_slippery
2026-07-27 00:52:26,1,21.6,2,0,10,3,3,1,2,1,6.08,3,1.49,9.1,0.0,0.3,6.5,1.3,1.9,1.6,pro_optimized_v2,bot_standard
2026-07-27 00:52:29,1,9.6,1,0,4,3,3,2,1,1,0.56,3,0.38,1.8,0.3,0.0,2.3,0.6,1.3,2.3,pro_learned_v5,bot_slippery
2026-07-27 00:52:32,0,20.4,0,2,9,1,5,3,1,1,0.24,6,1.75,3.6,0.0,0.3,2.9,1.4,1.3,10.4,chaos,bot_rusher
2026-07-27 00:52:35,0,10.8,0,3,3,0,4,3,0,0,0.00,6,0.61,3.6,0.0,0.0,2.3,1.7,0.0,3.1,pro_optimized_v1_origin,bot_camper
2026-07-27 00:52:38,0,18.2,0,2,7,1,9,3,1,0,0.00,5,0.67,6.2,1.0,0.0,2.4,3.6,1.3,3.1,pro_learned_v5,bot_standard
2026-07-27 00:52:40,0,10.8,0,1,6,2,3,3,0,0,0.00,3,1.27,4.7,0.0,0.0,1.8,0.6,0.0,3.1,pro_learned_v4,bot_rusher
2026-07-27 00:52:44,0,20.1,0,2,11,1,10,3,3,2,0.79,7,0.91,4.2,0.8,0.0,4.2,3.6,3.9,2.9,pro_learned_v5,bot_slippery
2026-07-27 00:52:47,0,17.2,0,3,6,0,4,3,1,0,0.00,4,1.42,1.3,0.3,0.0,9.9,1.4,1.3,3.1,chaos,bot_camper
2026-07-27 00:52:50,0,13.3,0,3,3,0,4,3,0,0,0.00,0,0.00,0.0,0.0,0.0,0.0,0.0,0.0,0.0,base,bot_camper
2026-07-27 00:52:52,0,9.2,0,3,3,0,4,3,0,0,0.00,2,0.94,3.4,0.0,0.3,0.8,1.7,0.0,3.1,pro_learned_v4,bot_slippery
2026-07-27 00:52:55,0,13.2,0,2,7,1,5,3,2,3,0.80,2,1.04,3.6,0.8,0.0,0.8,1.8,2.6,3.1,pro_optimized_v3,bot_rusher
2026-07-27 00:52:58,0,12.3,0,2,6,1,4,3,1,0,0.00,5,0.80,4.9,0.0,0.0,2.2,1.0,1.3,2.3,pro_optimized_v3,bot_camper
2026-07-27 00:53:00,0,11.7,0,2,7,1,4,3,0,0,0.00,6,0.77,3.9,0.0,0.0,2.6,1.3,0.0,3.4,pro_optimized_v1_origin,bot_standard
2026-07-27 00:53:06,0,41.1,0,1,16,2,6,3,1,1,2.24,18,0.95,6.0,0.0,0.0,1.1,3.4,1.3,28.3,chaos,bot_rusher
2026-07-27 00:53:10,0,17.0,0,3,6,0,15,3,0,0,0.00,0,0.00,0.0,0.0,0.0,0.0,0.0,0.0,0.0,base,bot_rookie
2026-07-27 00:53:15,0,31.2,0,2,14,1,8,3,3,4,0.96,13,0.72,2.9,0.8,0.8,4.2,3.2,4.2,14.8,pro,bot_camper
2026-07-27 00:53:17,0,13.1,0,3,6,0,4,3,0,0,0.00,4,1.42,3.4,0.0,0.5,2.1,1.4,0.0,5.7,pro,bot_rusher
2026-07-27 00:53:20,1,13.8,1,0,7,3,2,2,1,2,1.42,3,0.69,4.7,0.0,0.8,2.3,0.8,1.3,2.9,pro,bot_camper
2026-07-27 00:53:24,0,21.5,0,3,4,0,5,3,0,0,0.00,7,1.59,6.0,0.0,0.0,9.1,1.5,0.0,4.9,chaos,bot_camper
2026-07-27 00:53:27,0,12.3,0,2,6,1,5,3,0,0,0.00,2,1.26,6.5,0.0,0.0,0.8,1.4,0.0,3.1,pro_learned_v5,bot_rusher
2026-07-27 00:53:31,0,24.5,0,1,13,2,8,3,2,2,0.34,6,1.37,4.9,0.0,0.8,3.9,4.2,2.6,7.0,pro,bot_slippery
2026-07-27 00:53:36,0,31.3,0,1,19,2,17,3,4,2,1.56,5,1.31,8.6,0.0,0.0,5.2,7.4,5.2,3.9,pro_learned_v5,bot_slippery
2026-07-27 00:53:39,0,18.0,0,2,11,1,4,3,1,0,0.00,4,2.17,3.6,0.3,0.0,7.8,1.3,1.6,2.9,chaos,bot_standard
2026-07-27 00:53:43,0,20.1,0,1,9,2,9,3,2,2,1.35,4,1.15,6.2,0.0,0.0,5.2,2.2,2.6,2.9,chaos,bot_slippery
2026-07-27 00:53:45,1,12.1,3,0,8,3,4,0,1,2,0.60,2,1.12,3.4,0.0,0.0,0.8,2.6,1.3,3.0,pro_optimized_v1,bot_standard
2026-07-27 00:53:48,0,13.0,0,2,2,1,8,3,0,0,0.00,0,0.00,0.0,0.0,0.0,0.0,0.0,0.0,0.0,base,bot_camper
2026-07-27 00:53:50,1,10.0,1,0,10,3,7,2,0,0,0.00,0,0.00,0.0,0.0,0.0,0.0,0.0,0.0,0.0,base,bot_rusher
2026-07-27 00:53:55,0,27.1,0,1,4,2,5,3,1,1,0.98,5,0.75,16.4,0.3,0.0,1.0,2.5,1.3,4.7,pro_optimized_v1,bot_camper
2026-07-27 00:53:58,1,17.3,1,0,10,3,8,2,2,2,1.61,1,1.60,6.8,0.0,0.0,1.8,2.6,2.0,3.1,pro_learned_v5,bot_standard
2026-07-27 00:54:01,0,11.3,0,1,4,2,3,3,0,0,0.00,4,0.55,4.9,0.0,0.0,1.8,0.5,0.0,3.4,pro_optimized_v1_origin,bot_standard
2026-07-27 00:54:03,0,11.0,0,1,6,2,5,3,1,1,1.82,1,1.38,2.6,1.0,0.0,0.8,1.7,1.6,2.3,pro_optimized_v1,bot_rusher
2026-07-27 00:54:08,0,29.1,0,1,12,2,7,3,3,3,1.14,6,1.49,6.8,0.0,0.3,5.2,3.4,3.9,8.6,pro,bot_rookie
2026-07-27 00:54:11,0,20.3,0,3,3,0,6,3,0,0,0.00,4,0.57,12.5,0.0,0.0,1.3,2.3,0.0,4.2,pro_learned_v4,bot_standard
2026-07-27 00:54:15,1,22.1,1,0,16,3,9,2,1,2,0.82,8,0.91,2.9,2.3,0.0,3.4,4.0,1.3,7.3,pro_optimized_v1,bot_standard
2026-07-27 00:54:18,0,17.1,0,2,3,1,7,3,0,0,0.00,4,0.51,9.9,0.0,0.0,1.8,2.1,0.0,2.9,pro_learned_v5,bot_standard
2026-07-27 00:54:22,0,17.2,0,2,8,1,5,3,2,1,1.72,4,0.94,4.4,0.0,0.0,1.8,1.8,2.9,5.8,chaos,bot_slippery
2026-07-27 00:54:25,0,20.1,0,3,5,0,4,3,1,0,0.00,4,0.69,12.7,0.3,0.0,1.8,1.1,1.3,2.9,pro_learned_v5,bot_rusher
2026-07-27 00:54:30,1,32.6,1,0,11,3,13,2,2,1,0.92,7,0.49,16.5,0.0,0.3,1.8,5.5,2.6,4.9,pro_optimized_v2,bot_slippery
2026-07-27 00:54:33,0,15.7,0,1,5,2,5,3,3,4,0.62,5,0.98,2.9,0.3,0.0,3.4,2.1,2.7,3.4,chaos,bot_camper
2026-07-27 00:54:36,0,13.6,0,2,5,1,4,3,1,1,1.58,4,1.08,2.6,0.0,1.6,2.6,1.8,1.3,3.4,chaos,bot_camper
2026-07-27 00:54:40,0,21.1,0,2,6,1,3,3,2,2,0.71,5,1.08,10.9,0.0,0.3,3.4,0.6,2.6,2.9,pro_optimized_v2,bot_standard
2026-07-27 00:54:43,0,14.5,0,2,8,1,3,3,0,0,0.00,4,1.36,4.2,0.0,0.0,2.9,0.8,0.0,6.2,pro_learned_v4,bot_standard
2026-07-27 00:54:46,0,12.3,0,1,8,2,4,3,2,2,1.95,1,0.64,3.9,0.0,0.5,1.0,1.4,1.6,2.9,pro_optimized_v2,bot_rusher
2026-07-27 00:54:49,0,17.7,0,2,8,1,4,3,2,1,0.66,5,1.16,7.3,0.0,0.0,2.9,1.6,2.6,2.9,pro_optimized_v3,bot_camper
2026-07-27 00:54:51,0,8.9,0,2,3,1,3,3,1,2,0.54,2,1.01,2.6,0.0,0.0,1.0,0.9,1.3,2.9,pro_optimized_v1,bot_slippery
2026-07-27 00:54:54,0,12.3,0,2,7,1,4,3,0,0,0.00,4,1.02,2.1,0.0,1.6,0.0,1.7,0.0,6.5,pro_optimized_v2,bot_rusher
2026-07-27 00:54:57,0,18.7,0,2,3,1,4,3,0,0,0.00,3,1.17,10.9,0.0,0.0,3.4,1.1,0.0,2.9,pro_optimized_v1_origin,bot_camper
2026-07-27 00:54:59,1,10.6,2,0,5,3,5,1,0,0,0.00,6,0.41,4.2,0.0,0.0,0.3,2.3,0.0,2.9,pro_learned_v4,bot_slippery
2026-07-27 00:55:02,0,15.1,0,1,7,2,4,3,1,1,0.46,4,1.54,4.7,0.0,0.0,3.9,1.3,1.3,3.1,pro_optimized_v3,bot_camper
2026-07-27 00:55:07,0,26.3,0,1,9,2,7,3,3,4,2.43,5,0.91,9.4,0.0,0.0,7.3,1.9,3.9,2.9,pro_optimized_v2,bot_standard
2026-07-27 00:55:10,0,13.3,0,1,8,2,5,3,1,1,2.10,4,0.91,2.6,0.5,0.0,2.9,2.4,1.3,2.6,pro_optimized_v1,bot_slippery
2026-07-27 00:55:12,0,10.7,0,3,3,0,4,3,1,1,1.22,3,0.91,2.1,0.0,0.5,2.3,1.6,1.3,2.9,pro_optimized_v1,bot_rookie
2026-07-27 00:55:14,0,11.0,0,1,3,2,7,3,0,0,0.00,0,0.00,0.0,0.0,0.0,0.0,0.0,0.0,0.0,base,bot_rookie
2026-07-27 00:55:17,1,13.6,1,0,8,3,3,2,1,0,0.00,6,1.03,2.3,0.0,0.0,2.1,0.7,1.3,6.2,pro,bot_slippery
2026-07-27 00:55:21,0,19.0,0,2,6,1,6,3,3,2,0.65,3,1.75,8.6,0.0,0.5,2.1,1.6,2.7,3.1,pro_optimized_v2,bot_standard
2026-07-27 00:55:24,1,17.1,1,0,9,3,6,2,1,1,1.54,5,0.89,6.0,0.0,0.0,4.7,2.1,1.3,2.1,pro_optimized_v1,bot_camper
2026-07-27 00:55:27,1,18.3,1,0,11,3,8,2,1,0,0.00,5,1.09,1.6,0.0,0.0,4.7,3.9,1.3,5.9,pro_learned_v4,bot_slippery
2026-07-27 00:55:30,0,10.5,0,3,3,0,4,3,1,0,0.00,3,1.37,3.4,0.0,0.0,1.8,0.9,1.3,3.1,pro_optimized_v3,bot_rusher
2026-07-27 00:55:32,1,10.3,2,0,7,3,5,1,1,0,0.00,1,0.60,4.2,0.0,0.0,0.5,2.3,1.3,1.0,pro_optimized_v1,bot_rusher
2026-07-27 00:55:35,1,10.7,3,0,5,3,4,0,1,0,0.00,0,0.00,5.5,0.5,0.0,0.5,2.6,0.6,0.0,pro_optimized_v1,bot_rusher
2026-07-27 00:55:37,0,14.7,0,3,2,0,7,3,3,3,1.12,2,1.46,1.8,0.0,0.0,3.6,2.2,3.9,3.1,pro_optimized_v2,bot_rookie
2026-07-27 00:55:40,0,8.8,0,3,4,0,3,3,1,1,1.88,2,0.60,2.3,0.3,0.0,0.8,1.0,1.3,3.1,chaos,bot_slippery
2026-07-27 00:55:43,0,15.6,0,3,5,0,5,3,1,1,3.96,3,1.11,3.4,0.0,1.6,1.6,2.4,1.3,5.5,pro,bot_standard
2026-07-27 00:55:47,0,27.1,0,2,13,1,5,3,2,2,1.11,13,0.68,5.7,0.3,3.1,1.4,2.3,2.6,11.2,pro,bot_camper
2026-07-27 00:55:50,0,16.6,0,1,8,2,4,3,2,2,1.54,4,0.92,3.9,0.0,0.3,3.4,1.5,2.6,3.9,pro,bot_rookie
2026-07-27 00:55:54,0,19.7,0,2,11,1,5,3,2,1,0.64,7,1.11,5.9,0.0,0.0,5.7,1.8,2.6,3.1,pro_learned_v5,bot_slippery
2026-07-27 00:55:58,1,21.9,2,0,10,3,11,1,1,1,0.50,4,1.24,6.5,0.0,0.0,1.3,3.9,1.3,7.9,pro_optimized_v3,bot_rookie
2026-07-27 00:56:02,0,27.1,0,1,18,2,9,3,2,1,0.60,10,0.68,1.3,0.8,1.0,2.9,4.5,3.9,11.7,pro,bot_rusher
2026-07-27 00:56:07,1,30.8,1,0,15,3,10,2,1,0,0.00,12,1.02,5.7,0.0,0.5,1.8,5.7,1.6,14.5,chaos,bot_standard
2026-07-27 00:56:10,1,16.6,1,0,7,3,7,2,0,0,0.00,7,0.93,1.8,1.8,0.5,1.5,3.4,0.0,6.5,pro_learned_v4,bot_rookie
2026-07-27 00:56:14,0,20.2,0,1,12,2,8,3,3,2,1.89,4,0.75,7.0,0.0,0.0,3.9,2.3,2.9,3.1,pro_learned_v5,bot_standard
2026-07-27 00:56:20,0,36.2,0,1,9,2,10,3,2,2,2.45,3,1.16,16.1,0.8,1.0,2.1,5.0,3.4,6.8,pro_optimized_v1,bot_standard
2026-07-27 00:56:22,1,10.0,1,0,7,3,6,2,0,0,0.00,0,0.00,0.0,0.0,0.0,0.0,0.0,0.0,0.0,base,bot_rusher
2026-07-27 00:56:25,0,19.1,0,1,9,2,18,3,0,0,0.00,0,0.00,0.0,0.0,0.0,0.0,0.0,0.0,0.0,base,bot_slippery
2026-07-27 00:56:28,0,11.7,0,3,9,0,5,3,0,0,0.00,0,0.00,0.0,0.0,0.0,0.0,0.0,0.0,0.0,base,bot_slippery
2026-07-27 00:56:30,1,10.5,1,0,7,3,4,2,2,1,0.70,3,0.69,0.8,0.0,0.8,0.3,1.2,2.6,3.9,pro_optimized_v2,bot_rusher
2026-07-27 00:56:33,0,14.6,0,1,6,2,10,3,0,0,0.00,0,0.00,0.0,0.0,0.0,0.0,0.0,0.0,0.0,base,bot_standard
2026-07-27 00:56:38,0,27.8,0,1,18,2,6,3,0,0,0.00,11,0.93,6.0,0.0,0.5,3.4,3.1,0.0,13.8,pro,bot_slippery
2026-07-27 00:56:43,0,29.4,0,1,11,2,5,3,1,1,3.10,14,0.54,8.8,0.3,0.0,6.2,1.6,1.3,10.1,pro_optimized_v1,bot_standard
2026-07-27 00:56:45,0,12.1,0,3,7,0,3,3,1,1,3.56,2,1.79,4.4,0.0,0.0,2.6,0.7,1.3,3.1,pro_learned_v5,bot_rookie
2026-07-27 00:56:49,0,11.9,0,2,3,1,3,3,0,0,0.00,3,0.77,5.5,0.5,0.0,1.3,1.0,0.0,3.1,pro_optimized_v1,bot_camper
2026-07-27 00:56:51,0,12.1,0,1,5,2,4,3,1,0,0.00,2,1.05,4.9,0.0,0.5,0.0,1.7,1.3,3.1,pro,bot_rusher
2026-07-27 00:56:54,0,17.0,0,3,7,0,10,3,0,0,0.00,6,1.18,1.8,0.0,0.0,4.8,4.7,0.0,5.7,pro_learned_v4,bot_rookie
2026-07-27 00:56:57,1,12.5,2,0,8,3,3,1,2,2,0.46,2,0.37,4.7,0.0,0.0,1.6,1.3,2.6,1.3,pro_learned_v5,bot_rusher
2026-07-27 00:57:00,1,11.7,2,0,7,3,2,1,1,0,0.00,3,0.54,3.1,0.0,1.0,0.0,1.0,1.8,3.7,pro,bot_standard
2026-07-27 00:57:04,0,21.7,0,1,10,2,7,3,0,0,0.00,0,0.00,0.0,0.0,0.0,0.0,0.0,0.0,0.0,base,bot_standard
2026-07-27 00:57:07,0,22.0,0,2,11,1,8,3,1,1,2.16,5,1.29,4.2,0.0,0.8,0.3,4.4,1.3,10.7,pro,bot_rusher
2026-07-27 00:57:12,1,25.8,2,0,7,3,1,1,1,1,0.24,3,0.81,20.4,0.0,0.0,1.0,0.5,1.3,1.6,pro_optimized_v3,bot_slippery
2026-07-27 00:57:15,0,15.1,0,2,6,1,4,3,0,0,0.00,5,1.13,2.1,1.0,2.1,0.5,1.6,0.0,7.3,pro,bot_standard
2026-07-27 00:57:17,0,10.7,0,3,1,0,4,3,1,0,0.00,4,0.54,3.9,0.0,0.0,1.3,1.0,1.3,3.1,pro_optimized_v3,bot_camper
2026-07-27 00:57:20,1,14.5,1,0,9,3,4,2,0,0,0.00,5,1.24,3.4,0.0,0.0,3.6,1.6,0.0,4.9,pro_optimized_v1_origin,bot_rusher
2026-07-27 00:57:23,0,14.4,0,1,10,2,6,3,1,1,0.36,4,1.06,5.7,0.0,0.0,2.1,1.7,1.3,2.6,pro_optimized_v3,bot_standard
2026-07-27 00:57:26,0,13.1,0,1,4,2,6,3,0,0,0.00,0,0.00,0.0,0.0,0.0,0.0,0.0,0.0,0.0,base,bot_standard
2026-07-27 00:57:29,0,14.9,0,2,8,1,5,3,0,0,0.00,4,1.59,2.6,2.3,1.8,1.0,1.4,0.0,5.2,chaos,bot_camper
2026-07-27 00:57:32,0,20.1,0,3,7,0,9,3,2,2,0.99,2,1.96,8.6,0.0,0.3,2.6,2.9,2.6,3.1,pro_optimized_v2,bot_slippery
2026-07-27 00:57:36,0,19.7,0,3,7,0,7,3,0,0,0.00,8,0.58,4.2,0.0,0.0,3.1,3.3,0.0,9.1,pro_learned_v4,bot_rookie
2026-07-27 00:57:39,0,12.8,0,2,3,1,3,3,3,4,0.89,2,0.86,4.7,0.0,0.0,1.3,0.6,2.9,2.9,pro_optimized_v3,bot_camper
2026-07-27 00:57:54,0,18.3,0,1,6,2,5,3,1,1,0.62,6,0.63,5.5,0.0,0.0,4.2,2.0,1.6,4.2,pro_optimized_v1,bot_slippery
2026-07-27 00:57:58,0,23.6,0,2,8,1,6,3,1,2,1.87,9,0.73,4.9,0.3,0.3,1.8,3.4,1.3,11.2,pro,bot_rookie
2026-07-27 00:58:01,0,16.2,0,2,11,1,8,3,0,0,0.00,5,1.12,3.4,0.0,0.5,1.6,5.1,0.0,5.2,pro_learned_v4,bot_slippery
2026-07-27 00:58:04,1,13.9,2,0,8,3,5,1,0,0,0.00,3,1.27,4.7,0.0,0.0,0.8,3.3,0.0,4.2,chaos,bot_slippery
2026-07-27 00:58:06,0,8.9,0,3,3,0,3,3,0,0,0.00,5,0.35,2.9,0.0,0.0,1.9,1.3,0.0,2.9,pro_learned_v4,bot_camper
2026-07-27 00:58:09,0,15.8,0,2,5,1,6,3,2,2,2.09,2,0.70,4.4,0.0,0.3,2.6,2.6,2.6,2.9,pro_optimized_v2,bot_standard
2026-07-27 00:58:14,0,29.9,0,1,5,2,5,3,3,4,0.64,8,1.46,14.8,0.3,0.0,5.5,1.6,3.9,2.9,pro_optimized_v3,bot_camper
2026-07-27 00:58:17,0,18.8,0,3,5,0,7,3,2,1,0.60,3,0.35,9.4,0.0,0.0,1.3,3.4,2.6,2.2,pro_optimized_v1,bot_slippery
2026-07-27 00:58:20,0,14.6,0,1,8,2,5,3,1,0,0.00,6,0.53,5.5,0.0,0.0,0.5,1.3,1.3,4.9,pro_optimized_v2,bot_rusher
2026-07-27 00:58:22,1,10.3,2,0,6,3,1,1,0,0,0.00,1,0.66,4.4,0.0,0.0,1.3,0.3,0.0,3.3,chaos,bot_rusher
2026-07-27 00:58:27,1,30.7,1,0,19,3,10,2,0,0,0.00,11,1.13,2.9,2.6,0.0,2.3,4.7,0.0,17.2,chaos,bot_standard
2026-07-27 00:58:31,0,17.5,0,2,2,1,3,3,1,1,4.74,5,0.56,5.7,0.3,0.0,5.5,0.9,1.3,3.4,pro_learned_v4,bot_camper
2026-07-27 00:58:33,0,10.9,0,1,3,2,5,3,1,0,0.00,5,0.45,0.5,1.6,0.0,1.8,2.1,1.3,2.6,pro_learned_v4,bot_rookie
2026-07-27 00:58:36,0,14.2,0,2,9,1,5,3,2,3,1.25,1,1.06,4.4,0.8,0.0,2.1,1.8,1.8,2.9,pro_learned_v4,bot_standard
2026-07-27 00:58:39,0,18.0,0,2,12,1,6,3,2,1,3.48,3,1.17,3.6,0.0,0.0,4.7,2.7,3.6,2.9,pro_optimized_v1,bot_slippery
2026-07-27 00:58:42,0,10.5,0,2,2,1,4,3,1,0,0.00,4,0.60,4.7,0.0,0.0,0.5,0.8,1.3,3.1,pro_learned_v5,bot_rookie
2026-07-27 00:58:45,1,14.4,2,0,4,3,3,1,2,3,0.35,3,0.35,4.9,0.0,0.0,0.9,1.6,4.4,1.6,pro_optimized_v1,bot_camper
2026-07-27 00:58:49,0,26.9,0,1,15,2,9,3,4,4,1.74,4,1.66,8.8,0.0,0.5,5.5,3.1,5.2,2.9,pro_optimized_v2,bot_standard
2026-07-27 00:58:52,0,12.3,0,2,5,1,7,3,0,0,0.00,3,1.14,4.4,0.0,0.0,1.0,2.9,0.0,3.4,pro_learned_v4,bot_rookie
2026-07-27 00:58:54,0,9.3,0,2,3,1,3,3,0,0,0.00,4,0.45,3.1,0.0,0.3,1.3,1.0,0.0,3.1,pro_optimized_v1,bot_camper
2026-07-27 00:58:57,0,11.0,0,2,3,1,5,3,1,1,1.54,3,0.92,3.9,0.0,0.0,1.3,1.4,1.3,2.6,pro_learned_v5,bot_slippery
2026-07-27 00:58:59,1,14.0,1,0,9,3,7,2,2,0,0.00,1,0.46,2.9,1.0,0.0,0.3,4.7,3.1,1.0,chaos,bot_rusher
2026-07-27 00:59:03,0,15.9,0,1,8,2,5,3,1,0,0.00,5,0.85,4.7,0.0,0.0,2.9,1.6,1.6,4.2,pro_optimized_v1,bot_rusher
2026-07-27 00:59:05,0,10.6,0,2,5,1,5,3,0,0,0.00,0,0.00,0.0,0.0,0.0,0.0,0.0,0.0,0.0,base,bot_rusher
2026-07-27 00:59:08,0,18.9,0,1,10,2,5,3,0,0,0.00,7,1.18,4.2,0.0,0.0,2.1,1.5,0.0,10.1,pro_learned_v4,bot_slippery
2026-07-27 00:59:11,0,11.3,0,2,4,1,3,3,1,1,2.28,3,0.91,3.4,1.0,0.0,2.0,0.8,1.3,2.3,pro_learned_v5,bot_rookie
2026-07-27 00:59:13,0,9.6,0,2,3,1,3,3,0,0,0.00,4,0.56,4.2,0.0,0.3,0.8,1.0,0.0,2.9,chaos,bot_slippery
2026-07-27 00:59:16,0,17.2,0,2,10,1,8,3,0,0,0.00,6,1.18,1.8,1.3,0.0,5.2,4.0,0.0,4.4,pro_optimized_v1_origin,bot_rookie
2026-07-27 00:59:19,0,9.4,0,3,3,0,3,3,0,0,0.00,3,1.07,3.1,0.3,0.3,1.3,1.1,0.0,3.4,pro_optimized_v1,bot_rookie
2026-07-27 00:59:22,1,16.1,1,0,8,3,5,2,0,0,0.00,7,0.92,2.1,0.3,0.5,1.3,3.4,0.0,7.6,pro,bot_slippery
2026-07-27 00:59:25,0,16.7,0,1,11,2,4,3,2,1,2.76,4,0.58,5.7,0.0,0.5,2.7,1.8,2.6,2.3,pro_optimized_v2,bot_rookie
2026-07-27 00:59:29,0,21.3,0,3,9,0,6,3,2,2,1.27,5,0.63,10.1,0.0,1.0,2.1,2.3,2.6,3.1,pro_optimized_v2,bot_rookie
2026-07-27 00:59:34,0,29.9,0,3,4,0,8,3,1,1,0.52,14,0.84,4.9,0.8,0.0,4.4,2.9,2.1,14.8,pro_optimized_v1_origin,bot_camper
2026-07-27 00:59:38,0,27.2,0,2,15,1,9,3,4,3,1.78,6,0.61,7.8,0.0,1.0,5.5,3.3,5.2,3.9,pro_optimized_v2,bot_slippery
2026-07-27 00:59:42,0,23.1,0,2,7,1,5,3,1,1,0.30,8,1.29,3.6,0.0,0.0,4.7,2.4,1.3,10.7,chaos,bot_rookie
2026-07-27 00:59:46,1,19.4,1,0,6,3,3,2,0,0,0.00,2,1.16,13.5,1.0,0.0,0.8,1.6,0.0,1.6,pro_optimized_v1_origin,bot_slippery
2026-07-27 00:59:49,0,16.3,0,2,7,1,5,3,3,3,0.41,5,1.00,5.5,0.0,0.0,3.4,1.2,2.9,2.9,pro_optimized_v3,bot_standard
2026-07-27 00:59:52,0,15.6,0,3,2,0,5,3,0,0,0.00,3,1.33,6.0,0.0,0.0,4.9,2.1,0.0,2.6,pro_optimized_v1_origin,bot_camper
2026-07-27 00:59:55,0,13.3,0,1,5,2,4,3,0,0,0.00,3,1.55,5.2,0.0,0.0,2.1,1.9,0.0,3.1,pro_learned_v4,bot_slippery
2026-07-27 00:59:57,0,10.3,0,3,4,0,3,3,0,0,0.00,2,0.71,6.2,0.0,0.0,0.3,0.7,0.0,3.1,pro_optimized_v3,bot_rusher
2026-07-27 01:00:00,0,17.9,0,3,6,0,5,3,2,2,3.00,2,0.43,7.3,0.0,0.3,2.6,2.1,2.6,3.1,pro_optimized_v2,bot_rookie
2026-07-27 01:00:03,1,14.6,1,0,4,3,2,2,1,1,0.80,2,0.75,8.1,0.0,0.3,0.8,0.5,1.3,2.7,pro_optimized_v1,bot_rusher
2026-07-27 01:00:06,0,13.3,0,3,8,0,4,3,2,3,0.75,2,1.20,5.5,1.3,0.0,1.0,0.9,1.6,3.1,pro_learned_v5,bot_rookie
2026-07-27 01:00:10,0,18.7,0,1,10,2,6,3,2,2,0.49,2,0.37,8.6,0.3,0.0,0.0,3.4,2.1,3.4,pro_learned_v4,bot_rusher
2026-07-27 01:00:13,0,18.5,0,1,15,2,6,3,1,0,0.00,5,1.05,2.3,4.7,0.0,3.4,2.5,1.3,3.4,pro_optimized_v1_origin,bot_slippery
2026-07-27 01:00:16,0,16.2,0,3,7,0,6,3,2,1,0.74,3,1.32,3.9,1.0,0.5,2.6,2.2,2.6,3.4,pro_optimized_v1,bot_rookie
2026-07-27 01:00:19,0,14.7,0,1,11,2,6,3,2,3,0.43,5,0.77,1.6,0.3,0.0,3.6,2.8,2.6,2.9,chaos,bot_slippery
2026-07-27 01:00:22,0,12.1,0,2,5,1,9,3,0,0,0.00,0,0.00,0.0,0.0,0.0,0.0,0.0,0.0,0.0,base,bot_slippery
2026-07-27 01:00:26,1,25.0,1,0,15,3,6,2,2,2,1.01,7,1.00,6.8,0.3,1.0,3.1,2.1,2.6,8.1,pro,bot_slippery
2026-07-27 01:00:29,0,18.1,0,2,8,1,4,3,2,3,1.10,6,0.61,6.5,0.0,0.8,3.6,1.3,2.6,2.9,pro_optimized_v2,bot_camper
2026-07-27 01:00:34,1,28.7,1,0,14,3,13,2,3,3,0.77,5,0.77,12.5,0.0,0.0,2.3,5.7,3.9,3.4,pro_optimized_v3,bot_standard
2026-07-27 01:00:37,0,13.2,0,1,4,2,7,3,1,1,1.70,2,1.07,4.4,0.0,0.0,1.6,2.1,1.3,2.9,pro_optimized_v3,bot_slippery
2026-07-27 01:00:40,0,16.3,0,3,5,0,7,3,1,0,0.00,6,1.00,6.5,0.0,0.8,2.3,2.3,1.3,3.1,pro_optimized_v2,bot_rookie
2026-07-27 01:00:44,0,20.6,0,1,8,2,7,3,3,4,1.65,1,2.14,3.9,0.3,0.0,4.7,3.1,4.4,3.2,pro_optimized_v1,bot_rookie
2026-07-27 01:00:47,0,14.1,0,3,2,0,4,3,0,0,0.00,0,0.00,0.0,0.0,0.0,0.0,0.0,0.0,0.0,base,bot_rookie
2026-07-27 01:00:49,0,9.6,0,1,3,2,6,3,0,0,0.00,0,0.00,0.0,0.0,0.0,0.0,0.0,0.0,0.0,base,bot_rusher
2026-07-27 01:00:52,1,12.1,1,0,11,3,6,2,0,0,0.00,0,0.00,0.0,0.0,0.0,0.0,0.0,0.0,0.0,base,bot_slippery
2026-07-27 01:00:55,0,14.6,0,3,7,0,8,3,0,0,0.00,4,0.88,3.2,1.0,1.6,1.8,2.6,0.0,4.4,pro_optimized_v2,bot_rookie
2026-07-27 01:01:11,0,31.7,0,2,9,1,4,3,3,4,0.75,6,1.03,16.9,0.0,0.3,6.2,1.0,3.9,2.9,pro_optimized_v2,bot_camper
2026-07-27 01:01:15,0,24.0,0,1,15,2,7,3,0,0,0.00,8,1.20,3.9,0.0,0.0,0.5,3.8,0.0,14.8,pro,bot_rusher
2026-07-27 01:01:19,0,19.4,0,1,7,2,6,3,0,0,0.00,0,0.00,0.0,0.0,0.0,0.0,0.0,0.0,0.0,base,bot_standard
2026-07-27 01:01:23,0,26.6,0,1,9,2,9,3,2,2,2.40,4,1.24,12.0,0.0,0.0,4.9,3.3,2.6,2.9,pro_learned_v5,bot_rookie
2026-07-27 01:01:26,1,14.4,1,0,6,3,4,2,1,0,0.00,2,1.10,8.3,0.0,0.0,0.3,1.0,1.3,2.6,pro_optimized_v3,bot_rusher
2026-07-27 01:01:29,0,11.4,0,1,10,2,6,3,1,1,0.54,2,0.58,1.8,1.3,0.0,0.3,2.8,1.3,2.9,pro_optimized_v1,bot_rusher
2026-07-27 01:01:32,0,16.4,0,2,5,1,6,3,2,3,0.77,2,2.01,5.5,0.0,0.0,3.6,1.6,2.6,2.6,pro_optimized_v2,bot_standard
2026-07-27 01:01:36,1,20.8,2,0,13,3,8,1,2,0,0.00,5,0.46,6.0,0.0,0.0,1.0,4.2,2.9,5.7,pro_optimized_v1,bot_rusher
2026-07-27 01:01:41,1,31.5,1,0,9,3,6,2,4,4,1.46,4,1.25,16.6,0.0,0.5,4.7,1.6,4.5,2.6,pro_optimized_v2,bot_rookie
2026-07-27 01:01:44,0,16.9,0,3,8,0,7,3,0,0,0.00,8,1.02,2.1,1.8,0.0,4.4,2.7,0.0,6.0,pro_learned_v4,bot_slippery
2026-07-27 01:01:47,0,14.5,0,3,4,0,5,3,1,1,0.54,3,1.61,5.5,0.0,0.0,1.8,1.5,1.3,4.4,pro_learned_v5,bot_slippery
2026-07-27 01:01:52,0,35.3,0,1,16,2,7,3,6,4,2.50,5,0.71,13.8,0.0,1.6,6.8,2.3,6.8,3.1,pro_optimized_v2,bot_slippery
2026-07-27 01:01:55,0,14.4,0,2,6,1,7,3,0,0,0.00,7,0.54,4.2,0.3,0.0,1.7,3.9,0.0,3.9,pro_optimized_v1_origin,bot_camper
2026-07-27 01:02:01,0,35.6,0,1,12,2,12,3,5,4,2.05,4,1.38,12.0,0.0,1.6,6.5,4.9,6.5,3.1,pro_optimized_v2,bot_slippery
2026-07-27 01:02:04,0,13.3,0,1,6,2,3,3,1,0,0.00,4,0.57,6.8,0.0,0.0,1.6,0.6,1.3,2.6,pro_optimized_v3,bot_camper
2026-07-27 01:02:07,0,19.0,0,2,14,1,8,3,1,0,0.00,7,0.95,2.9,0.3,0.0,6.0,4.2,1.6,3.7,pro_optimized_v1_origin,bot_standard
2026-07-27 01:02:10,0,10.6,0,2,5,1,6,3,0,0,0.00,0,0.00,0.0,0.0,0.0,0.0,0.0,0.0,0.0,base,bot_rookie
2026-07-27 01:02:13,0,18.7,0,2,8,1,12,3,0,0,0.00,0,0.00,0.0,0.0,0.0,0.0,0.0,0.0,0.0,base,bot_standard
2026-07-27 01:02:16,0,15.8,0,2,5,1,4,3,1,1,1.00,4,0.40,9.1,0.0,0.0,1.6,1.5,1.3,1.8,pro_optimized_v1,bot_camper
2026-07-27 01:02:19,0,12.3,0,2,4,1,4,3,1,1,3.02,2,1.35,3.6,0.0,0.3,2.1,1.4,1.3,3.1,pro_optimized_v2,bot_rusher
2026-07-27 01:02:21,0,11.3,0,2,4,1,3,3,1,1,1.38,2,1.20,5.2,0.0,0.0,0.5,0.6,1.3,3.1,pro_learned_v5,bot_rusher
2026-07-27 01:02:28,0,39.8,0,2,16,1,9,3,1,1,0.50,18,1.06,5.7,0.0,0.0,6.0,3.2,1.3,23.1,chaos,bot_rookie
2026-07-27 01:02:30,0,11.0,0,2,6,1,3,3,2,2,1.51,3,0.75,0.5,2.3,0.0,0.8,0.9,2.6,3.4,pro_optimized_v1,bot_rusher
2026-07-27 01:02:33,0,17.1,0,2,4,1,4,3,0,0,0.00,7,1.07,5.2,0.0,0.5,3.9,1.0,0.0,6.0,chaos,bot_camper
2026-07-27 01:02:36,0,16.7,0,1,6,2,7,3,0,0,0.00,4,0.80,7.0,0.0,0.0,2.3,3.1,0.0,3.6,pro_learned_v4,bot_rookie
2026-07-27 01:02:39,0,8.8,0,1,8,2,5,3,0,0,0.00,0,0.00,0.0,0.0,0.0,0.0,0.0,0.0,0.0,base,bot_rusher
2026-07-27 01:02:42,0,20.9,0,2,5,1,5,3,3,1,0.80,7,0.94,8.1,0.0,0.0,3.6,1.3,3.9,3.4,chaos,bot_standard
2026-07-27 01:02:45,0,15.7,0,2,6,1,4,3,3,2,1.43,1,2.30,7.3,0.0,0.3,1.3,0.8,2.9,2.9,pro_optimized_v2,bot_camper
2026-07-27 01:02:48,0,9.9,0,2,4,1,4,3,0,0,0.00,5,0.63,2.9,0.0,0.0,1.9,1.3,0.0,3.4,pro_learned_v4,bot_camper
2026-07-27 01:02:51,0,17.5,0,2,7,1,3,3,1,2,1.31,4,0.75,7.0,0.0,0.0,1.8,0.7,1.3,6.2,pro,bot_rusher
2026-07-27 01:02:58,0,42.1,0,2,24,1,5,3,2,0,0.00,15,1.18,5.5,0.0,0.8,3.6,2.1,3.1,26.5,chaos,bot_rookie
2026-07-27 01:03:00,0,13.8,0,2,8,1,4,3,2,1,2.84,3,0.40,3.6,1.0,0.0,1.9,1.6,2.6,2.6,chaos,bot_camper
2026-07-27 01:03:04,0,22.1,0,1,10,2,8,3,4,2,0.34,8,0.60,8.3,0.0,0.0,3.4,2.9,3.9,2.6,pro_learned_v5,bot_rookie
2026-07-27 01:03:06,0,9.3,0,3,2,0,3,3,0,0,0.00,2,2.11,3.4,0.0,0.0,1.8,1.0,0.0,3.1,pro_optimized_v1_origin,bot_slippery
2026-07-27 01:03:09,0,10.9,0,2,3,1,3,3,0,0,0.00,3,0.87,3.9,0.0,0.0,2.9,1.1,0.0,2.6,pro_optimized_v1,bot_standard
2026-07-27 01:03:12,0,14.7,0,3,2,0,3,3,1,0,0.00,3,0.55,9.4,0.0,0.0,0.5,0.6,1.3,2.9,pro_learned_v5,bot_slippery
2026-07-27 01:03:15,0,17.2,0,1,12,2,6,3,1,1,0.70,2,1.26,7.8,0.0,0.0,2.1,2.2,1.3,2.9,pro_learned_v5,bot_rusher
2026-07-27 01:03:18,0,10.5,0,3,5,0,5,3,0,0,0.00,0,0.00,0.0,0.0,0.0,0.0,0.0,0.0,0.0,base,bot_slippery
2026-07-27 01:03:20,0,10.8,0,3,3,0,3,3,1,1,0.88,4,0.83,3.1,0.3,0.0,1.8,0.7,1.3,3.6,pro_learned_v4,bot_slippery
2026-07-27 01:03:22,1,7.9,3,0,4,3,0,0,1,1,0.62,0,0.00,3.6,0.0,0.0,2.6,0.0,0.7,0.0,pro_optimized_v2,bot_rusher
2026-07-27 01:03:25,0,15.6,0,1,11,2,4,3,2,2,1.89,3,1.15,5.7,0.0,0.0,2.4,1.0,2.6,2.9,pro_optimized_v3,bot_slippery
2026-07-27 01:03:29,1,20.6,1,0,6,3,5,2,1,0,0.00,6,0.76,9.6,0.0,0.0,2.2,2.6,1.3,3.9,pro_optimized_v1,bot_rookie
2026-07-27 01:03:32,0,12.9,0,2,3,1,3,3,0,0,0.00,1,2.24,5.7,0.5,0.5,1.8,0.9,0.0,2.9,pro_learned_v4,bot_rookie
2026-07-27 01:03:35,0,14.7,0,2,5,1,5,3,0,0,0.00,6,0.53,5.5,0.0,0.0,2.1,2.1,0.0,4.6,pro_optimized_v1_origin,bot_slippery
2026-07-27 01:03:37,0,13.6,0,2,5,1,3,3,1,1,0.90,4,0.49,6.2,0.0,0.0,1.0,0.6,2.1,3.1,chaos,bot_rusher
2026-07-27 01:03:40,0,11.0,0,2,5,1,3,3,0,0,0.00,2,1.31,6.0,0.0,0.0,0.8,0.6,0.0,3.1,pro_learned_v5,bot_rusher
2026-07-27 01:03:43,0,12.8,0,3,5,0,4,3,1,1,2.02,4,0.51,3.1,2.3,0.0,0.8,1.3,1.6,3.6,pro_optimized_v1_origin,bot_standard
2026-07-27 01:03:45,0,8.0,0,2,5,1,3,3,0,0,0.00,4,0.80,1.8,0.0,0.5,1.6,1.0,0.0,2.6,pro_optimized_v2,bot_rusher
2026-07-27 01:03:47,0,13.4,0,2,9,1,4,3,0,0,0.00,4,1.18,3.9,0.0,0.0,0.5,1.8,0.0,6.8,pro_learned_v4,bot_rusher
2026-07-27 01:03:50,1,12.4,1,0,6,3,3,2,1,2,0.97,3,0.74,5.7,0.0,0.0,1.2,0.8,1.3,2.3,pro_learned_v5,bot_standard
2026-07-27 01:03:54,0,18.7,0,2,10,1,7,3,3,2,1.69,3,0.31,7.3,0.0,0.3,2.1,1.8,3.9,2.9,pro_optimized_v2,bot_slippery
2026-07-27 01:03:57,1,16.1,1,0,11,3,13,2,0,0,0.00,0,0.00,0.0,0.0,0.0,0.0,0.0,0.0,0.0,base,bot_slippery
2026-07-27 01:03:59,0,10.7,0,3,6,0,3,3,1,1,2.00,2,0.71,2.9,0.8,0.0,1.8,0.8,1.3,3.1,chaos,bot_rookie
2026-07-27 01:04:03,0,18.0,0,2,7,1,10,3,1,1,1.56,4,0.98,7.1,0.0,0.0,2.9,3.4,1.3,2.9,pro_optimized_v3,bot_standard
2026-07-27 01:04:05,0,11.8,0,3,3,0,3,3,0,0,0.00,6,0.87,3.4,0.0,0.0,2.3,0.8,0.0,5.2,chaos,bot_rookie
2026-07-27 01:04:11,0,37.2,0,1,24,2,14,3,5,5,0.97,10,0.77,12.5,1.0,0.0,8.6,4.7,6.5,2.9,chaos,bot_standard
2026-07-27 01:04:14,1,12.9,2,0,7,3,5,1,1,0,0.00,3,0.57,2.3,1.0,0.0,0.8,3.1,1.6,3.1,pro_optimized_v1,bot_rusher
2026-07-27 01:04:17,1,16.5,2,0,7,3,9,1,0,0,0.00,0,0.00,0.0,0.0,0.0,0.0,0.0,0.0,0.0,base,bot_standard
2026-07-27 01:04:20,0,14.9,0,1,5,2,4,3,2,2,1.49,3,0.79,5.1,0.3,0.0,3.4,1.0,1.6,2.6,pro_learned_v5,bot_camper
2026-07-27 01:04:23,0,12.3,0,3,6,0,6,3,0,0,0.00,2,1.68,5.2,0.5,0.0,1.1,2.3,0.0,3.1,pro_learned_v4,bot_slippery
2026-07-27 01:04:28,0,30.4,0,2,19,1,10,3,1,0,0.00,13,1.17,3.1,0.8,0.0,3.6,4.4,1.3,16.6,chaos,bot_rookie
2026-07-27 01:04:31,0,20.9,0,3,10,0,6,3,2,2,0.65,11,0.76,2.1,1.0,0.0,3.6,2.3,2.6,9.2,pro_optimized_v1,bot_rookie
2026-07-27 01:04:34,0,9.9,0,2,3,1,5,3,0,0,0.00,0,0.00,0.0,0.0,0.0,0.0,0.0,0.0,0.0,base,bot_standard
2026-07-27 01:04:38,0,21.7,0,3,3,0,5,3,0,0,0.00,3,1.21,12.5,0.0,0.3,3.4,2.0,0.0,3.6,pro_learned_v4,bot_rookie
2026-07-27 01:04:42,1,21.2,1,0,14,3,18,2,0,0,0.00,0,0.00,0.0,0.0,0.0,0.0,0.0,0.0,0.0,base,bot_rookie
2026-07-27 01:04:46,0,23.3,0,3,8,0,9,3,2,2,0.42,4,1.50,5.2,1.6,1.0,5.7,4.1,2.9,2.9,pro_optimized_v1,bot_rookie
2026-07-27 01:04:49,0,17.3,0,2,7,1,5,3,1,1,0.68,4,1.02,7.5,0.3,0.0,2.1,2.5,1.3,3.1,pro_learned_v4,bot_rusher
2026-07-27 01:04:53,1,19.5,1,0,11,3,3,2,0,0,0.00,9,1.08,1.3,0.5,0.0,3.4,1.0,0.0,12.3,pro_optimized_v1_origin,bot_rusher
2026-07-27 01:04:56,1,19.5,1,0,10,3,3,2,0,0,0.00,5,1.50,3.6,0.0,0.5,2.3,0.9,0.0,11.2,chaos,bot_rusher
2026-07-27 01:04:59,1,11.6,1,0,9,3,9,2,0,0,0.00,0,0.00,0.0,0.0,0.0,0.0,0.0,0.0,0.0,base,bot_rusher
2026-07-27 01:05:01,0,9.9,0,2,5,1,4,3,0,0,0.00,4,0.96,3.1,0.0,0.0,2.1,1.1,0.0,3.1,pro_learned_v4,bot_rusher
2026-07-27 01:05:04,0,11.2,0,2,6,1,4,3,1,2,0.75,2,1.10,3.1,0.0,0.8,1.0,1.3,1.3,3.1,pro_optimized_v2,bot_rookie
2026-07-27 01:05:08,0,27.5,0,2,11,1,7,3,1,0,0.00,11,0.93,4.4,0.0,0.3,1.6,3.1,1.3,16.4,pro,bot_slippery
2026-07-27 01:05:10,0,7.6,0,2,5,1,3,3,0,0,0.00,0,0.00,0.0,0.0,0.0,0.0,0.0,0.0,0.0,base,bot_rusher
2026-07-27 01:05:14,0,22.4,0,1,12,2,16,3,0,0,0.00,0,0.00,0.0,0.0,0.0,0.0,0.0,0.0,0.0,base,bot_camper
2026-07-27 01:05:17,1,15.5,1,0,9,3,6,2,0,0,0.00,7,0.64,2.9,0.3,0.0,3.6,3.9,0.0,3.9,pro_optimized_v1,bot_rookie
2026-07-27 01:05:20,0,14.0,0,2,7,1,7,3,0,0,0.00,4,0.49,4.4,0.0,0.0,1.6,3.9,0.0,3.6,pro_learned_v4,bot_standard
2026-07-27 01:05:23,0,12.1,0,2,9,1,5,3,0,0,0.00,3,0.54,4.4,0.0,0.0,1.3,2.0,0.0,3.9,pro_learned_v4,bot_rusher
2026-07-27 01:05:27,0,23.5,0,3,4,0,5,3,1,1,1.72,5,0.83,15.9,0.0,0.0,2.1,1.2,1.3,3.1,pro_learned_v5,bot_rusher
2026-07-27 01:05:30,0,16.1,0,1,12,2,5,3,1,2,1.11,5,0.43,5.2,1.3,0.0,2.9,1.3,1.3,3.1,pro_learned_v5,bot_slippery
2026-07-27 01:05:32,1,12.7,1,0,8,3,4,2,2,2,1.23,3,1.05,4.2,0.3,0.0,1.0,0.8,2.6,2.9,pro_optimized_v3,bot_slippery
2026-07-27 01:05:35,0,11.0,0,2,9,1,5,3,0,0,0.00,2,1.50,2.6,0.0,0.0,3.1,1.9,0.0,2.9,pro_learned_v5,bot_rusher
2026-07-27 01:05:37,0,11.0,0,2,10,1,5,3,0,0,0.00,4,0.69,2.3,0.8,0.3,1.8,2.2,0.0,3.1,pro_learned_v4,bot_slippery
2026-07-27 01:05:40,0,12.1,0,3,3,0,4,3,1,1,1.56,5,0.44,5.5,0.0,0.0,1.4,1.0,1.3,2.9,pro_optimized_v3,bot_camper
2026-07-27 01:05:42,0,8.8,0,3,1,0,3,3,0,0,0.00,4,0.67,3.6,0.0,0.0,1.3,1.0,0.0,2.9,pro,bot_camper
2026-07-27 01:05:46,0,21.4,0,3,9,0,8,3,1,1,0.28,6,1.57,4.9,0.0,0.3,3.9,3.9,1.3,7.0,pro,bot_standard
2026-07-27 01:05:49,0,12.8,0,1,4,2,5,3,0,0,0.00,0,0.00,0.0,0.0,0.0,0.0,0.0,0.0,0.0,base,bot_camper
2026-07-27 01:05:53,1,28.3,3,0,12,3,5,0,0,0,0.00,13,1.17,6.0,0.0,0.0,8.1,1.8,0.0,11.4,chaos,bot_standard
2026-07-27 01:05:58,0,29.9,0,2,4,1,4,3,2,3,1.01,12,0.96,5.7,1.8,0.0,12.5,1.6,2.9,4.9,chaos,bot_camper
2026-07-27 01:06:01,0,11.4,0,2,5,1,3,3,0,0,0.00,3,0.85,3.1,1.6,1.0,0.8,1.3,0.0,3.1,pro_learned_v4,bot_camper
2026-07-27 01:06:05,0,26.7,0,1,13,2,10,3,2,2,1.53,7,1.13,2.6,1.8,0.0,4.2,4.4,2.6,10.1,pro_optimized_v1_origin,bot_camper
2026-07-27 01:06:09,0,23.9,0,1,9,2,4,3,0,0,0.00,10,1.23,2.6,0.5,2.6,2.9,1.9,0.0,12.5,chaos,bot_rookie
2026-07-27 01:06:12,0,10.0,0,2,5,1,4,3,0,0,0.00,4,0.69,4.2,0.0,0.0,0.3,1.0,0.0,4.0,pro_optimized_v3,bot_slippery
2026-07-27 01:06:14,0,13.4,0,2,2,1,7,3,0,0,0.00,0,0.00,0.0,0.0,0.0,0.0,0.0,0.0,0.0,base,bot_rusher
2026-07-27 01:06:17,0,13.8,0,2,6,1,9,3,1,1,0.22,5,0.74,4.2,0.0,0.0,1.8,3.2,1.3,2.9,pro_learned_v5,bot_slippery
2026-07-27 01:06:21,0,23.9,0,3,9,0,5,3,2,2,1.10,8,1.02,2.6,0.8,0.5,6.2,2.1,2.6,9.1,pro,bot_rookie
2026-07-27 01:06:24,0,10.4,0,3,3,0,3,3,1,2,1.17,3,0.53,3.6,0.0,0.0,0.8,1.0,1.3,3.6,chaos,bot_slippery
2026-07-27 01:06:27,0,15.3,0,2,10,1,8,3,1,1,0.72,2,1.65,3.6,0.0,0.0,0.5,5.2,1.3,4.2,chaos,bot_slippery
2026-07-27 01:06:30,0,15.6,0,2,9,1,7,3,0,0,0.00,5,0.81,2.9,0.3,0.3,0.8,2.8,0.0,8.1,pro_learned_v4,bot_rusher
2026-07-27 01:06:33,0,16.7,0,1,8,2,9,3,0,0,0.00,4,0.87,7.0,0.0,0.0,1.7,4.4,0.0,2.6,pro_learned_v5,bot_standard
2026-07-27 01:06:37,1,19.3,1,0,11,3,5,2,1,1,3.54,1,4.56,4.7,0.0,0.0,3.4,3.0,3.4,3.9,pro_optimized_v1_origin,bot_slippery
2026-07-27 01:06:39,1,12.9,1,0,6,3,4,2,2,1,0.90,3,0.67,2.6,0.0,0.0,3.1,1.8,2.6,1.8,pro_optimized_v2,bot_slippery
2026-07-27 01:06:42,0,13.0,0,2,4,1,3,3,1,2,1.10,2,1.25,1.8,0.3,0.0,4.9,0.8,1.3,3.4,pro_optimized_v1,bot_standard
2026-07-27 01:06:47,1,31.4,1,0,11,3,4,2,1,2,0.54,21,0.51,4.4,0.5,0.0,5.7,1.0,1.3,17.4,pro_optimized_v1_origin,bot_camper
2026-07-27 01:06:50,0,13.3,0,2,6,1,4,3,0,0,0.00,5,0.66,4.9,0.0,0.3,1.3,1.9,0.0,4.4,pro_learned_v4,bot_slippery
2026-07-27 01:06:53,0,18.8,0,1,9,2,6,3,2,2,1.00,4,0.79,5.2,0.3,0.0,4.4,2.8,2.6,2.6,pro_learned_v5,bot_slippery
2026-07-27 01:06:57,0,22.1,0,3,6,0,3,3,0,0,0.00,5,1.24,11.4,0.0,1.8,1.3,0.8,0.0,6.8,pro,bot_slippery
2026-07-27 01:07:01,0,19.5,0,1,7,2,6,3,1,0,0.00,6,1.20,3.4,0.0,0.5,1.6,3.1,1.3,8.6,chaos,bot_rookie
2026-07-27 01:07:03,0,12.0,0,1,7,2,3,3,1,2,0.58,3,1.13,0.5,2.6,0.8,1.9,0.8,1.3,3.1,pro_optimized_v1,bot_standard
2026-07-27 01:07:08,1,25.8,1,0,11,3,5,2,4,4,0.92,7,1.03,6.3,0.0,0.0,8.6,1.3,5.2,3.4,pro_optimized_v2,bot_rookie
2026-07-27 01:07:14,0,36.9,0,2,7,1,7,3,2,2,0.89,4,1.00,21.1,0.3,1.3,3.4,2.9,2.6,4.9,pro_optimized_v1,bot_rookie
2026-07-27 01:07:19,0,35.9,0,2,19,1,8,3,1,0,0.00,14,1.22,1.3,2.1,1.0,7.3,4.2,1.3,18.2,pro,bot_rookie
2026-07-27 01:07:24,0,24.8,0,2,9,1,5,3,3,3,1.30,3,0.67,13.4,0.0,0.0,2.1,1.8,3.9,3.1,pro_learned_v5,bot_camper
2026-07-27 01:07:26,0,13.3,0,2,5,1,3,3,0,0,0.00,3,1.26,5.5,0.0,0.0,2.1,0.6,0.0,4.7,chaos,bot_rusher
2026-07-27 01:07:30,0,17.4,0,2,6,1,6,3,2,1,0.46,2,2.28,4.9,0.0,0.0,3.9,2.6,2.6,2.9,pro_optimized_v1,bot_rookie
2026-07-27 01:07:33,0,21.1,0,1,4,2,4,3,0,0,0.00,4,0.54,13.3,0.5,0.0,1.8,1.7,0.0,2.9,pro_learned_v4,bot_rusher
2026-07-27 01:07:37,0,16.7,0,1,11,2,14,3,0,0,0.00,0,0.00,0.0,0.0,0.0,0.0,0.0,0.0,0.0,base,bot_standard
2026-07-27 01:07:40,1,21.8,1,0,10,3,6,2,1,0,0.00,3,2.45,3.9,0.0,1.0,6.0,2.9,1.3,5.7,pro,bot_rusher
2026-07-27 01:07:44,1,19.9,1,0,11,3,8,2,2,1,1.18,6,0.87,6.2,0.0,0.0,3.1,3.8,2.6,3.1,pro_learned_v5,bot_standard
2026-07-27 01:07:47,0,16.5,0,1,4,2,3,3,2,2,0.59,2,1.81,6.5,0.0,0.0,2.9,0.7,2.6,2.9,pro_optimized_v3,bot_rookie
2026-07-27 01:07:49,0,9.4,0,2,5,1,4,3,0,0,0.00,2,1.49,1.3,2.1,0.0,2.3,0.9,0.0,2.3,pro_optimized_v1_origin,bot_rusher
2026-07-27 01:07:56,0,42.7,0,1,8,2,9,3,3,5,0.72,8,1.17,19.8,0.0,0.0,4.9,5.0,3.9,8.1,chaos,bot_camper
2026-07-27 01:08:00,1,20.4,2,0,7,3,3,1,0,0,0.00,11,0.62,4.7,0.0,1.0,1.0,0.9,0.0,11.7,pro_learned_v4,bot_standard
2026-07-27 01:08:03,0,18.1,0,3,4,0,3,3,0,0,0.00,4,2.28,5.2,0.0,0.0,5.7,0.7,0.0,6.5,chaos,bot_slippery
2026-07-27 01:08:06,0,12.3,0,2,4,1,5,3,0,0,0.00,0,0.00,0.0,0.0,0.0,0.0,0.0,0.0,0.0,base,bot_camper
2026-07-27 01:08:10,0,26.3,0,2,8,1,6,3,2,3,1.01,10,0.88,3.4,0.0,0.0,0.3,3.7,2.6,15.9,chaos,bot_camper
2026-07-27 01:08:13,1,14.6,1,0,7,3,6,2,2,1,1.50,4,0.38,5.5,0.0,0.0,1.3,2.1,2.2,2.6,pro_optimized_v3,bot_rusher
2026-07-27 01:08:16,0,13.6,0,2,5,1,5,3,1,1,0.58,3,0.86,3.1,0.5,1.3,0.3,2.7,1.3,3.9,pro,bot_slippery
2026-07-27 01:08:19,0,16.9,0,2,12,1,6,3,2,2,0.95,3,1.26,6.3,0.0,0.3,3.1,1.6,2.6,2.6,pro_optimized_v2,bot_standard
2026-07-27 01:08:22,1,11.0,2,0,9,3,6,1,1,0,0.00,3,0.81,1.3,1.0,0.0,2.1,2.7,1.3,1.6,pro_optimized_v1_origin,bot_rusher
2026-07-27 01:08:24,1,10.1,1,0,4,3,5,2,0,0,0.00,3,0.84,3.9,0.0,0.3,0.5,1.5,0.0,2.9,pro_optimized_v2,bot_standard
2026-07-27 01:08:27,0,16.9,0,1,6,2,6,3,3,2,0.56,5,0.70,3.1,0.3,0.0,4.7,1.4,3.9,2.6,pro_optimized_v3,bot_slippery
2026-07-27 01:08:31,1,25.2,1,0,11,3,6,2,0,0,0.00,8,1.66,4.4,0.0,0.5,8.1,2.3,0.0,8.8,pro,bot_slippery
2026-07-27 01:08:34,1,16.0,2,0,8,3,5,1,2,2,0.62,1,0.70,2.9,0.0,0.3,0.9,2.6,4.7,3.6,pro,bot_slippery
2026-07-27 01:08:37,1,12.8,1,0,5,3,4,2,0,0,0.00,8,0.54,2.3,0.0,0.0,1.8,1.4,0.0,6.2,pro_optimized_v1_origin,bot_rookie
2026-07-27 01:08:41,0,25.0,0,2,11,1,4,3,1,1,1.14,13,0.82,3.6,0.0,1.0,1.3,1.1,1.3,16.1,pro,bot_standard
2026-07-27 01:08:46,0,26.0,0,2,11,1,4,3,2,2,0.53,9,1.00,10.9,0.0,1.3,2.6,1.0,2.9,6.8,pro,bot_rookie
2026-07-27 01:08:49,0,18.5,0,3,4,0,4,3,0,0,0.00,5,1.72,4.4,0.3,0.5,4.7,1.6,0.0,7.0,pro_learned_v4,bot_camper
2026-07-27 01:08:53,0,23.7,0,3,4,0,4,3,0,0,0.00,3,1.83,15.1,0.0,0.0,3.7,1.8,0.0,3.1,pro_learned_v4,bot_rookie
2026-07-27 01:08:56,0,11.4,0,2,6,1,4,3,1,1,1.50,2,1.12,5.0,0.0,0.0,0.5,1.0,1.3,3.1,pro_learned_v5,bot_rusher
2026-07-27 01:09:00,0,22.0,0,2,13,1,5,3,1,1,1.00,11,0.82,3.9,0.5,0.3,1.3,2.5,1.3,11.7,pro,bot_standard
2026-07-27 01:09:03,0,15.6,0,2,7,1,5,3,2,1,1.88,5,0.82,4.7,0.5,0.0,4.2,1.8,1.3,2.6,pro_learned_v5,bot_standard
2026-07-27 01:09:06,0,12.9,0,2,3,1,3,3,2,1,1.56,3,0.52,6.0,0.0,0.0,0.3,0.7,2.6,3.1,pro_optimized_v2,bot_rookie
2026-07-27 01:09:10,0,30.0,0,1,9,2,14,3,1,0,0.00,9,1.51,1.3,1.0,0.8,4.4,7.7,1.3,12.5,chaos,bot_camper
2026-07-27 01:09:14,0,16.1,0,2,5,1,3,3,2,1,1.72,3,0.40,5.7,0.0,0.0,3.9,0.6,2.6,2.9,chaos,bot_rookie
2026-07-27 01:09:16,1,7.9,1,0,4,3,2,2,1,0,0.00,2,0.45,3.4,0.0,0.0,0.8,0.4,1.3,1.0,pro_optimized_v3,bot_rusher
2026-07-27 01:09:19,0,17.8,0,2,7,1,5,3,2,3,1.94,3,1.20,6.0,0.0,0.0,4.2,1.5,2.6,3.1,pro_optimized_v2,bot_rookie
2026-07-27 01:09:24,0,31.7,0,1,13,2,6,3,0,0,0.00,7,2.28,6.0,0.0,0.0,12.0,2.6,0.0,10.1,chaos,bot_rookie
2026-07-27 01:09:27,0,14.0,0,2,9,1,7,3,2,2,1.24,4,1.24,0.5,0.0,0.0,5.2,2.1,2.6,3.1,pro_optimized_v3,bot_camper
2026-07-27 01:09:30,0,15.1,0,1,4,2,5,3,2,3,1.46,1,1.70,5.5,0.0,0.3,1.3,1.4,2.6,3.1,pro_optimized_v2,bot_camper
2026-07-27 01:09:33,0,15.8,0,2,8,1,5,3,2,1,1.82,2,1.04,6.5,0.0,0.3,0.8,2.1,2.6,3.1,pro_optimized_v2,bot_standard
2026-07-27 01:09:36,0,13.0,0,3,3,0,6,3,1,1,1.18,3,1.15,2.6,1.0,0.0,2.6,2.1,1.3,3.4,pro_learned_v5,bot_camper
2026-07-27 01:09:39,1,14.8,2,0,9,3,3,1,2,2,0.56,4,0.86,4.4,0.0,0.0,4.4,0.6,2.6,1.8,pro_optimized_v1,bot_standard
2026-07-27 01:09:41,0,9.9,0,3,4,0,3,3,0,0,0.00,5,0.74,1.8,0.0,0.0,4.4,0.8,0.0,2.9,pro_optimized_v1_origin,bot_camper
2026-07-27 01:09:44,0,12.1,0,2,3,1,7,3,0,0,0.00,0,0.00,0.0,0.0,0.0,0.0,0.0,0.0,0.0,base,bot_standard
2026-07-27 01:09:48,0,23.6,0,1,7,2,6,3,2,2,0.67,4,3.05,4.2,0.8,0.0,8.3,2.3,2.6,4.4,chaos,bot_slippery
2026-07-27 01:09:51,0,11.6,0,1,8,2,8,3,0,0,0.00,0,0.00,0.0,0.0,0.0,0.0,0.0,0.0,0.0,base,bot_rusher
2026-07-27 01:09:55,1,29.0,1,0,12,3,7,2,0,0,0.00,12,1.08,6.2,1.0,0.5,3.6,3.0,0.0,13.5,chaos,bot_standard
2026-07-27 01:09:59,0,18.7,0,1,9,2,6,3,2,1,0.68,2,1.52,6.8,1.0,0.0,0.6,3.4,2.9,3.1,chaos,bot_standard
2026-07-27 01:10:03,0,24.7,0,2,12,1,5,3,0,0,0.00,15,0.72,4.2,0.5,1.0,3.9,1.6,0.0,13.0,pro_learned_v4,bot_camper
2026-07-27 01:10:06,0,15.0,0,3,4,0,6,3,0,0,0.00,6,0.88,4.4,0.8,0.0,2.3,2.8,0.0,4.7,pro_optimized_v1_origin,bot_camper
2026-07-27 01:10:08,1,8.6,1,0,5,3,3,2,1,1,3.46,1,0.62,3.4,0.0,0.0,0.8,1.0,1.3,1.1,pro_learned_v5,bot_rusher
2026-07-27 01:10:13,0,29.9,0,2,10,1,7,3,0,0,0.00,10,0.62,14.6,0.0,0.0,3.9,2.3,0.0,8.6,pro_optimized_v1_origin,bot_slippery
2026-07-27 01:10:16,0,16.1,0,3,9,0,4,3,2,1,4.02,3,1.25,2.3,1.6,0.0,4.4,1.8,2.6,3.4,chaos,bot_rookie
2026-07-27 01:10:19,0,14.9,0,3,2,0,6,3,2,0,0.00,3,1.35,5.2,0.0,0.5,1.8,1.8,1.4,4.2,pro_optimized_v2,bot_camper
2026-07-27 01:10:22,0,13.1,0,2,6,1,7,3,1,1,0.52,6,0.39,3.4,0.0,0.0,1.1,3.6,1.3,3.1,pro_optimized_v1,bot_camper
2026-07-27 01:10:25,1,12.2,1,0,9,3,10,2,0,0,0.00,0,0.00,0.0,0.0,0.0,0.0,0.0,0.0,0.0,base,bot_rusher
2026-07-27 01:10:28,0,17.8,0,3,3,0,4,3,2,1,0.74,4,0.93,9.4,0.0,0.0,2.0,1.0,2.6,2.9,pro_learned_v5,bot_camper
2026-07-27 01:10:32,1,22.7,1,0,6,3,4,2,0,0,0.00,12,0.88,2.3,1.0,1.3,2.0,1.3,0.0,13.8,pro,bot_camper
2026-07-27 01:10:35,0,14.3,0,2,6,1,4,3,2,2,2.02,2,0.68,4.2,0.0,1.0,0.0,1.6,2.6,4.4,chaos,bot_rookie
2026-07-27 01:10:42,1,47.7,1,0,27,3,5,2,1,1,2.64,29,0.54,12.2,0.0,0.0,5.2,2.6,1.6,25.1,chaos,bot_camper
2026-07-27 01:10:45,0,12.9,0,3,6,0,6,3,0,0,0.00,6,0.70,1.3,0.8,0.5,1.8,2.7,0.0,5.7,chaos,bot_slippery
2026-07-27 01:10:48,0,11.0,0,2,6,1,5,3,0,0,0.00,2,1.38,3.1,0.0,0.0,1.8,2.2,0.0,3.4,pro_learned_v4,bot_rusher
2026-07-27 01:10:50,0,10.7,0,1,6,2,4,3,1,1,0.68,3,0.52,3.1,0.0,0.3,0.3,1.6,1.3,3.1,pro_optimized_v2,bot_standard
2026-07-27 01:10:54,0,20.8,0,3,8,0,5,3,1,1,2.26,5,0.81,6.8,1.3,0.8,2.4,2.6,1.3,5.7,pro,bot_camper
2026-07-27 01:10:57,1,20.3,1,0,6,3,8,2,0,0,0.00,0,0.00,0.0,0.0,0.0,0.0,0.0,0.0,0.0,base,bot_slippery
2026-07-27 01:11:03,1,34.5,1,0,18,3,15,2,4,3,1.01,8,0.60,13.0,0.3,0.0,6.5,5.5,5.2,3.1,pro_optimized_v3,bot_standard
2026-07-27 01:11:06,0,13.2,0,2,7,1,6,3,1,1,1.70,3,1.26,4.7,0.0,0.0,1.8,1.8,1.3,3.1,pro_learned_v5,bot_rusher
2026-07-27 01:11:09,1,18.1,2,0,6,3,5,1,1,0,0.00,8,0.74,6.0,0.0,0.0,1.5,2.6,1.3,5.7,pro,bot_rusher
2026-07-27 01:11:12,0,14.9,0,1,10,2,6,3,1,1,1.24,4,1.12,4.9,0.0,0.0,2.3,2.6,1.3,3.1,pro_learned_v5,bot_slippery
2026-07-27 01:11:16,0,21.2,0,2,12,1,5,3,1,2,0.61,10,0.75,0.5,2.3,0.5,4.2,2.2,1.3,9.6,pro,bot_camper
2026-07-27 01:11:19,0,14.9,0,3,7,0,5,3,2,2,0.38,7,0.77,4.7,0.0,0.3,2.7,1.6,2.6,3.1,pro_optimized_v2,bot_slippery
2026-07-27 01:11:21,0,12.5,0,2,6,1,5,3,0,0,0.00,5,0.53,4.9,0.0,0.0,2.6,1.6,0.0,2.9,pro_learned_v4,bot_rusher
2026-07-27 01:11:24,0,11.9,0,2,6,1,5,3,0,0,0.00,5,1.14,2.3,0.3,0.0,3.6,1.9,0.0,3.6,pro_optimized_v1_origin,bot_rookie
2026-07-27 01:11:27,0,16.4,0,2,4,1,5,3,2,2,1.07,2,1.55,7.3,0.0,0.0,1.3,2.2,2.6,2.6,pro_optimized_v3,bot_standard
2026-07-27 01:11:31,1,24.7,1,0,17,3,5,2,0,0,0.00,15,0.58,3.9,0.0,0.0,2.3,2.1,0.0,15.4,pro_optimized_v1_origin,bot_standard
2026-07-27 01:11:35,0,20.1,0,2,8,1,3,3,1,1,0.54,4,1.55,11.7,0.0,0.0,2.6,0.8,1.3,3.1,pro_optimized_v2,bot_rusher
2026-07-27 01:11:39,1,18.5,2,0,13,3,7,1,2,1,1.24,3,0.93,1.8,0.0,0.0,5.2,3.6,2.9,4.0,pro_optimized_v1,bot_slippery
2026-07-27 01:11:41,0,11.6,0,1,6,2,7,3,0,0,0.00,2,0.46,5.5,0.0,0.0,0.3,2.6,0.0,2.3,pro_learned_v5,bot_rusher
2026-07-27 01:11:45,0,25.5,0,1,6,2,4,3,0,0,0.00,6,1.00,11.2,0.0,0.0,6.0,1.3,0.0,6.1,chaos,bot_rookie
2026-07-27 01:11:50,0,25.5,0,1,7,2,5,3,0,0,0.00,4,2.22,9.9,0.0,0.0,2.1,2.3,0.0,10.2,pro_optimized_v1_origin,bot_standard
2026-07-27 01:11:53,0,20.4,0,1,10,2,5,3,1,1,1.48,5,0.91,6.8,0.3,0.0,0.5,2.5,1.6,7.8,pro_learned_v4,bot_slippery
2026-07-27 01:11:57,0,19.0,0,1,7,2,5,3,1,1,1.48,9,0.63,4.2,0.5,0.8,0.3,1.8,1.3,9.1,pro,bot_camper
2026-07-27 01:12:00,0,16.3,0,2,4,1,5,3,1,1,1.40,4,0.57,4.7,2.6,0.0,1.0,3.1,1.8,2.6,pro_optimized_v1_origin,bot_camper
2026-07-27 01:12:03,0,17.0,0,1,10,2,5,3,1,1,2.42,7,0.77,2.3,0.8,0.5,4.2,1.8,1.3,5.1,pro_optimized_v1,bot_camper
2026-07-27 01:12:08,0,28.5,0,1,14,2,11,3,1,1,0.54,9,1.26,4.4,0.0,0.0,4.4,6.5,1.3,10.9,chaos,bot_slippery
2026-07-27 01:12:11,0,13.2,0,2,5,1,4,3,0,0,0.00,5,1.12,2.1,1.3,0.0,3.1,1.5,0.0,4.7,pro_optimized_v1_origin,bot_rookie
2026-07-27 01:12:13,0,11.8,0,1,5,2,4,3,0,0,0.00,6,0.49,3.1,0.3,0.3,1.6,1.9,0.0,3.6,pro_learned_v4,bot_slippery
2026-07-27 01:12:17,0,17.9,0,1,9,2,4,3,2,1,0.28,6,1.15,3.9,0.0,0.5,4.9,1.5,2.9,3.1,chaos,bot_rusher
2026-07-27 01:12:19,0,11.2,0,3,13,0,6,3,2,2,1.29,2,0.33,1.8,0.3,0.8,1.3,1.8,1.6,3.7,pro_optimized_v2,bot_slippery
2026-07-27 01:12:22,0,9.9,0,2,6,1,3,3,1,1,1.28,2,0.88,2.9,0.0,0.5,1.0,0.8,1.3,2.9,pro_optimized_v2,bot_camper
2026-07-27 01:12:24,1,13.3,3,0,14,3,7,0,2,2,1.22,0,0.00,5.2,0.0,0.0,1.8,2.7,2.6,0.0,pro_optimized_v3,bot_slippery
2026-07-27 01:12:28,1,16.0,1,0,9,3,5,2,0,0,0.00,3,1.50,3.1,0.0,0.5,2.9,2.2,0.0,6.2,pro,bot_standard
2026-07-27 01:12:31,0,15.7,0,2,6,1,4,3,1,1,0.66,4,0.66,4.9,0.0,0.0,2.3,0.9,4.2,2.9,chaos,bot_rookie
2026-07-27 01:12:33,0,13.2,0,3,2,0,6,3,0,0,0.00,0,0.00,0.0,0.0,0.0,0.0,0.0,0.0,0.0,base,bot_camper
2026-07-27 01:12:37,0,17.9,0,3,8,0,5,3,1,0,0.00,6,0.90,8.3,0.0,0.0,3.9,1.3,1.3,3.1,pro_optimized_v2,bot_rusher
2026-07-27 01:12:39,0,13.0,0,3,4,0,4,3,2,2,1.21,3,0.90,6.2,0.0,0.0,1.3,1.0,1.3,3.1,pro_optimized_v3,bot_standard
2026-07-27 01:12:44,0,23.3,0,2,3,1,3,3,0,0,0.00,4,0.63,17.9,0.0,0.0,1.0,0.7,0.0,3.1,pro_optimized_v1_origin,bot_standard
2026-07-27 01:12:48,0,29.4,0,3,9,0,7,3,3,2,1.88,6,0.91,13.8,0.0,0.0,6.0,2.6,3.9,3.1,pro_optimized_v3,bot_rookie
2026-07-27 01:12:51,0,11.4,0,3,2,0,4,3,0,0,0.00,4,1.29,1.8,0.5,0.0,3.6,1.6,0.0,3.9,pro,bot_camper
2026-07-27 01:12:53,0,10.4,0,1,6,2,3,3,1,1,0.84,3,0.58,3.9,0.0,0.0,1.1,0.8,1.3,2.3,pro_optimized_v1,bot_camper
2026-07-27 01:12:58,1,24.5,1,0,12,3,6,2,2,1,0.28,13,0.66,0.3,0.5,1.0,8.6,3.4,2.6,7.2,pro,bot_slippery
2026-07-27 01:13:00,0,10.7,0,3,3,0,4,3,0,0,0.00,3,1.40,2.6,1.0,0.0,1.3,2.2,0.0,3.6,pro_optimized_v1_origin,bot_slippery
2026-07-27 01:13:03,1,12.8,2,0,8,3,4,1,2,2,2.32,1,0.44,4.9,0.0,0.0,1.3,1.4,2.6,1.6,pro_optimized_v3,bot_slippery
2026-07-27 01:13:06,0,15.7,0,1,7,2,6,3,2,1,0.52,6,0.53,5.2,0.0,0.0,1.7,2.1,2.6,3.1,pro_optimized_v3,bot_camper
2026-07-27 01:13:08,1,9.8,2,0,8,3,9,1,0,0,0.00,0,0.00,0.0,0.0,0.0,0.0,0.0,0.0,0.0,base,bot_slippery
2026-07-27 01:13:11,0,9.9,0,3,4,0,3,3,1,0,0.00,3,0.77,3.7,0.0,0.0,1.0,1.0,1.3,2.9,pro_optimized_v3,bot_standard
2026-07-27 01:13:15,1,23.4,1,0,12,3,8,2,1,1,0.48,8,1.20,4.4,0.0,0.0,6.5,4.5,1.3,5.7,chaos,bot_standard
2026-07-27 01:13:17,0,11.4,0,3,3,0,3,3,1,0,0.00,3,0.92,5.2,0.0,0.0,0.8,1.0,1.3,3.1,pro_learned_v5,bot_rookie
2026-07-27 01:13:24,0,42.5,0,2,7,1,10,3,0,0,0.00,14,0.71,14.3,0.0,0.0,4.4,3.4,0.0,19.9,pro_optimized_v1_origin,bot_camper
2026-07-27 01:13:27,0,13.5,0,3,5,0,8,3,0,0,0.00,6,0.82,5.2,0.0,0.0,2.9,2.3,0.0,3.1,pro_optimized_v3,bot_rookie
2026-07-27 01:13:29,0,12.2,0,2,5,1,5,3,0,0,0.00,6,0.58,3.9,0.0,0.0,2.3,2.1,0.0,3.4,pro_learned_v4,bot_slippery
2026-07-27 01:13:32,0,12.8,0,3,4,0,5,3,2,1,1.58,3,0.53,6.0,0.0,0.0,1.0,1.3,1.4,3.1,pro_optimized_v3,bot_rookie
2026-07-27 01:13:36,1,19.9,1,0,10,3,3,2,0,0,0.00,8,1.01,3.4,0.0,0.0,0.9,1.8,0.0,12.7,pro_learned_v4,bot_slippery
2026-07-27 01:13:40,0,23.0,0,2,8,1,9,3,1,1,5.06,8,0.84,3.6,0.0,0.8,2.9,4.4,1.3,9.6,pro_optimized_v1,bot_standard
2026-07-27 01:13:43,1,17.3,1,0,9,3,3,2,1,1,0.64,9,0.47,5.2,0.0,0.0,0.5,1.8,1.3,7.4,pro,bot_standard
2026-07-27 01:13:47,0,20.6,0,1,9,2,5,3,2,2,1.20,7,0.56,6.0,0.0,0.3,2.3,1.4,3.1,6.5,pro,bot_standard
2026-07-27 01:13:49,0,13.4,0,2,5,1,5,3,2,3,0.67,3,0.63,3.1,0.8,0.5,2.3,1.7,2.6,1.8,pro_optimized_v1,bot_rookie
2026-07-27 01:13:53,0,18.7,0,2,11,1,5,3,0,0,0.00,7,1.34,2.3,0.8,0.0,5.2,1.8,0.0,8.1,pro_learned_v4,bot_rookie
2026-07-27 01:13:56,0,16.5,0,1,5,2,4,3,0,0,0.00,2,0.65,9.6,0.3,0.0,2.1,1.0,0.0,2.6,pro_learned_v5,bot_rusher
2026-07-27 01:14:00,0,19.3,0,2,9,1,7,3,2,1,3.54,1,1.78,4.2,0.0,0.0,2.3,4.0,5.2,3.1,pro_optimized_v1,bot_rookie
2026-07-27 01:14:02,0,12.2,0,1,8,2,5,3,1,1,1.82,4,0.92,2.6,0.5,0.0,2.6,1.3,1.3,2.9,pro_optimized_v1,bot_standard
2026-07-27 01:14:04,1,7.4,2,0,7,3,2,1,0,0,0.00,1,1.84,2.6,0.5,0.0,1.7,0.5,0.0,1.0,pro_optimized_v1_origin,bot_rusher
2026-07-27 01:14:08,0,19.6,0,2,8,1,5,3,2,3,1.14,3,0.67,5.7,0.0,0.0,3.9,1.9,3.9,3.6,chaos,bot_rookie
2026-07-27 01:14:11,0,13.5,0,1,7,2,6,3,0,0,0.00,0,0.00,0.0,0.0,0.0,0.0,0.0,0.0,0.0,base,bot_camper
2026-07-27 01:14:13,0,14.0,0,3,4,0,3,3,3,3,1.16,3,0.59,5.7,0.0,0.3,1.3,0.8,3.1,2.9,pro_optimized_v2,bot_camper
2026-07-27 01:14:18,0,25.5,0,3,3,0,4,3,0,0,0.00,7,1.31,8.3,0.5,1.0,2.6,1.6,0.0,11.4,pro,bot_camper
2026-07-27 01:14:21,0,13.2,0,2,6,1,4,3,1,1,0.88,5,0.53,3.1,0.3,1.0,2.9,1.0,1.3,3.1,pro_learned_v4,bot_rookie
2026-07-27 01:14:27,0,40.3,0,2,10,1,4,3,4,2,1.42,4,1.71,26.3,0.0,0.0,5.7,1.0,4.2,2.6,pro_optimized_v2,bot_standard
2026-07-27 01:14:30,1,18.6,2,0,6,3,3,1,2,2,1.12,5,0.78,9.6,0.0,0.0,3.0,1.0,2.6,1.3,pro_optimized_v3,bot_slippery
2026-07-27 01:14:33,0,13.2,0,1,5,2,3,3,0,0,0.00,5,1.02,4.9,0.0,0.0,3.6,1.1,0.0,2.6,pro_optimized_v1_origin,bot_rookie
2026-07-27 01:14:37,1,19.3,2,0,6,3,4,1,2,2,0.99,4,0.60,12.0,0.0,0.0,1.2,1.0,2.6,1.6,pro_optimized_v3,bot_standard
2026-07-27 01:14:41,0,23.9,0,1,13,2,6,3,1,1,0.26,11,0.71,7.0,0.0,0.0,2.1,1.8,1.3,11.2,pro_learned_v5,bot_standard
2026-07-27 01:14:44,0,18.7,0,2,11,1,5,3,1,1,0.88,4,1.24,5.5,0.0,0.0,1.8,2.3,1.3,7.3,pro_optimized_v1_origin,bot_rookie
2026-07-27 01:36:25,0,12.9,0,2,4,1,4,3,1,1,2.26,3,0.61,5.5,0.0,0.0,1.6,1.2,1.3,2.9,pro_optimized_v1,bot_rookie
2026-07-27 01:36:27,0,9.9,0,3,5,0,3,3,1,0,0.00,3,0.67,3.4,0.0,0.0,1.0,0.8,1.3,3.4,pro_optimized_v1,bot_rusher
2026-07-27 01:36:31,0,16.5,0,1,9,2,5,3,1,1,0.48,3,1.53,3.9,0.0,0.0,2.6,1.9,1.3,5.7,pro_optimized_v1,bot_rusher
2026-07-27 01:36:34,1,15.2,1,0,8,3,3,2,1,1,0.24,3,1.50,4.2,0.3,1.0,3.6,0.7,1.6,2.9,pro_optimized_v1,bot_rusher
2026-07-27 01:36:37,0,16.2,0,1,10,2,6,3,1,1,0.28,5,0.99,3.4,0.0,0.0,2.3,1.9,1.3,6.2,pro_optimized_v1,bot_rusher
2026-07-27 01:36:43,0,36.4,0,1,19,2,10,3,3,4,2.13,9,1.25,3.1,1.0,0.0,4.9,3.9,4.4,18.0,pro_optimized_v1,bot_standard
2026-07-27 01:36:46,0,17.6,0,2,10,1,6,3,2,2,1.64,4,0.86,1.3,0.5,1.0,2.3,2.1,2.6,7.3,pro_optimized_v1,bot_standard
2026-07-27 01:36:49,0,11.5,0,2,3,1,4,3,0,0,0.00,3,1.37,3.9,0.0,0.0,2.9,1.4,0.0,2.9,pro_optimized_v1,bot_standard
2026-07-27 01:36:51,0,11.7,0,2,4,1,6,3,1,1,1.16,3,0.84,2.9,0.3,0.0,0.8,3.1,1.3,2.9,pro_optimized_v1,bot_slippery
2026-07-27 01:36:53,1,9.1,3,0,7,3,5,0,0,0,0.00,0,0.00,2.9,1.6,0.0,0.0,3.7,0.0,0.0,pro_optimized_v1,bot_rusher
2026-07-27 01:36:57,0,17.2,0,2,6,1,4,3,0,0,0.00,3,2.48,6.2,0.0,0.3,5.5,1.7,0.0,3.1,pro_optimized_v1,bot_slippery
2026-07-27 01:37:02,0,29.9,0,2,14,1,6,3,1,0,0.00,14,0.74,7.5,2.3,0.5,4.2,1.6,1.3,12.0,pro_optimized_v1,bot_slippery
2026-07-27 01:37:06,0,21.5,0,2,7,1,8,3,2,3,0.55,5,1.35,3.9,0.5,0.0,5.2,3.0,2.6,5.7,pro_optimized_v1,bot_slippery
2026-07-27 01:37:09,0,14.6,0,2,7,1,5,3,0,0,0.00,9,0.63,2.3,0.5,0.3,1.6,1.1,0.0,8.3,pro_optimized_v1,bot_rusher
2026-07-27 01:37:12,0,17.8,0,3,6,0,6,3,2,2,0.47,4,0.42,5.7,1.8,0.5,0.5,3.3,2.9,3.1,pro_optimized_v1,bot_camper
2026-07-27 01:37:15,0,13.6,0,2,10,1,3,3,2,1,0.82,3,1.13,2.9,0.0,0.5,2.9,0.9,2.6,3.4,pro_optimized_v1,bot_slippery
2026-07-27 01:37:17,1,11.7,1,0,4,3,4,2,1,1,0.58,5,0.41,3.9,0.0,0.0,0.5,1.8,1.3,3.2,pro_optimized_v1,bot_standard
2026-07-27 01:37:22,0,26.3,0,1,11,2,7,3,2,2,1.55,12,0.71,3.1,0.8,0.5,6.8,2.2,2.6,9.6,pro_optimized_v1,bot_camper
2026-07-27 01:37:25,0,21.1,0,1,10,2,6,3,2,1,4.30,2,2.71,4.2,1.3,0.0,5.7,3.2,2.6,3.1,pro_optimized_v1,bot_slippery
2026-07-27 01:37:28,0,11.7,0,2,4,1,4,3,1,2,0.55,5,0.83,1.8,0.3,0.0,3.1,1.9,1.3,3.1,pro_optimized_v1,bot_rookie
2026-07-27 01:37:32,1,20.8,2,0,9,3,4,1,2,1,2.90,3,1.17,5.5,0.8,0.5,2.1,2.6,2.6,5.7,pro_optimized_v1,bot_standard
2026-07-27 01:37:34,0,12.5,0,3,5,0,4,3,1,1,0.84,4,0.42,2.6,0.5,1.0,0.8,1.6,2.6,3.4,pro_optimized_v1,bot_slippery
2026-07-27 01:37:38,1,19.1,1,0,14,3,2,2,1,0,0.00,10,0.80,3.4,0.0,0.0,1.8,0.5,1.3,11.2,pro_optimized_v1,bot_rusher
2026-07-27 01:37:40,0,10.9,0,1,8,2,3,3,0,0,0.00,3,1.19,3.9,0.0,0.8,1.3,0.8,0.0,3.1,pro_optimized_v1,bot_standard
2026-07-27 01:37:43,0,18.8,0,1,10,2,6,3,1,2,0.35,10,0.60,3.9,0.0,0.8,2.3,2.0,1.6,7.3,pro_optimized_v1,bot_standard
2026-07-27 01:37:46,1,10.5,2,0,6,3,5,1,1,0,0.00,1,1.16,3.1,0.3,0.5,0.5,3.6,1.6,0.0,pro_optimized_v1,bot_slippery
2026-07-27 01:37:50,0,23.7,0,1,14,2,8,3,0,0,0.00,12,0.93,2.9,0.5,0.0,2.1,4.0,0.0,13.3,pro_optimized_v1,bot_slippery
2026-07-27 01:37:53,1,14.4,2,0,12,3,8,1,2,1,1.64,4,0.61,2.6,0.5,0.0,2.3,3.5,2.6,1.8,pro_optimized_v1,bot_slippery
2026-07-27 01:37:55,0,11.4,0,1,8,2,4,3,1,1,0.48,3,0.37,3.9,0.0,0.0,0.3,2.6,1.3,2.3,pro_optimized_v1,bot_camper
2026-07-27 01:37:59,0,17.9,0,1,10,2,7,3,3,3,1.53,3,0.98,3.1,0.8,0.0,2.6,2.9,4.2,3.4,pro_optimized_v1,bot_slippery
2026-07-27 01:38:02,0,14.0,0,2,6,1,6,3,1,1,2.16,3,0.69,6.8,0.0,0.0,0.8,1.6,1.3,3.1,pro_learned_v5,bot_rookie
2026-07-27 01:38:05,1,15.9,2,0,5,3,2,1,2,1,0.80,2,0.46,9.9,0.0,0.0,0.4,0.5,2.6,1.6,pro_learned_v5,bot_rusher
2026-07-27 01:38:08,0,10.2,0,2,3,1,3,3,2,2,0.61,2,0.82,3.9,0.0,0.0,0.5,0.6,1.8,2.9,pro_learned_v5,bot_rusher
2026-07-27 01:38:11,0,15.5,0,2,5,1,6,3,1,1,0.92,5,0.55,7.0,0.0,0.0,2.6,1.5,1.3,2.6,pro_learned_v5,bot_rookie
2026-07-27 01:38:14,1,15.5,2,0,9,3,7,1,2,2,1.30,3,0.59,5.5,0.0,0.0,2.6,2.6,2.6,1.3,pro_learned_v5,bot_camper
2026-07-27 01:38:18,0,22.1,0,3,8,0,8,3,2,1,1.58,3,1.23,10.7,0.0,0.0,2.9,2.9,2.6,3.1,pro_learned_v5,bot_rookie
2026-07-27 01:38:20,0,10.4,0,1,5,2,3,3,1,0,0.00,2,0.47,4.2,0.0,0.0,0.8,0.8,1.3,2.3,pro_learned_v5,bot_standard
2026-07-27 01:38:23,0,16.3,0,2,4,1,6,3,1,1,2.38,3,0.99,7.8,0.3,0.0,1.8,1.8,1.3,2.9,pro_learned_v5,bot_rookie
2026-07-27 01:38:26,0,14.5,0,1,10,2,4,3,1,1,0.26,4,0.44,7.0,0.3,0.0,0.8,1.3,1.3,2.9,pro_learned_v5,bot_rusher
2026-07-27 01:38:28,0,11.4,0,3,3,0,4,3,1,2,0.52,3,0.90,5.5,0.0,0.0,0.5,1.0,1.3,3.1,pro_learned_v5,bot_rookie
2026-07-27 01:38:32,0,23.4,0,3,9,0,11,3,3,4,0.62,5,0.60,9.6,0.0,0.0,2.1,4.7,3.9,3.1,pro_learned_v5,bot_camper
2026-07-27 01:38:37,0,24.9,0,3,10,0,8,3,3,4,1.10,4,0.64,12.2,0.0,0.0,3.4,2.6,3.9,2.9,pro_learned_v5,bot_camper
2026-07-27 01:38:39,0,13.1,0,3,0,0,6,3,2,1,2.70,2,1.13,6.0,0.0,0.0,1.0,1.6,1.6,2.9,pro_learned_v5,bot_slippery
2026-07-27 01:38:42,0,15.2,0,1,4,2,4,3,0,0,0.00,3,0.87,8.6,0.0,0.0,1.6,1.2,0.0,2.9,pro_learned_v5,bot_standard
2026-07-27 01:38:46,0,22.8,0,2,10,1,7,3,2,1,1.94,6,0.66,10.4,0.0,0.0,3.9,1.8,2.6,3.6,pro_learned_v5,bot_standard
2026-07-27 01:38:49,1,16.1,1,0,6,3,4,2,1,1,1.74,4,0.42,7.0,0.0,0.0,2.4,1.3,1.3,3.1,pro_learned_v5,bot_camper
2026-07-27 01:38:53,0,19.2,0,1,9,2,10,3,2,3,0.89,4,0.99,6.2,0.0,0.0,2.6,3.9,2.6,2.9,pro_learned_v5,bot_slippery
2026-07-27 01:38:55,0,9.4,0,1,4,2,5,3,0,0,0.00,4,0.83,3.1,0.3,0.0,1.6,1.2,0.0,2.3,pro_learned_v5,bot_rusher
2026-07-27 01:38:57,0,9.6,0,2,2,1,3,3,2,2,1.11,1,0.48,2.9,0.3,0.0,1.0,0.5,1.8,2.6,pro_learned_v5,bot_slippery
2026-07-27 01:39:02,1,27.9,1,0,8,3,11,2,2,3,1.30,3,1.23,13.3,1.0,0.0,3.8,3.1,2.6,3.1,pro_learned_v5,bot_standard
2026-07-27 01:39:06,0,23.7,0,2,11,1,9,3,2,2,0.78,10,0.57,7.0,1.6,0.0,3.4,3.5,2.6,5.2,pro_learned_v5,bot_rookie
2026-07-27 01:39:09,0,14.9,0,2,10,1,6,3,1,1,0.60,3,1.11,5.6,0.5,0.0,1.6,2.3,1.3,3.1,pro_learned_v5,bot_rusher
2026-07-27 01:39:13,0,28.3,0,2,17,1,13,3,2,2,0.98,6,0.73,13.8,0.0,0.0,3.6,4.7,2.6,3.1,pro_learned_v5,bot_standard
2026-07-27 01:39:16,1,14.6,2,0,14,3,7,1,1,1,0.56,6,0.50,4.8,0.0,0.0,3.4,2.3,1.3,1.8,pro_learned_v5,bot_standard
2026-07-27 01:39:19,0,11.7,0,3,4,0,5,3,0,0,0.00,3,0.83,6.0,0.0,0.0,1.0,1.5,0.0,3.1,pro_learned_v5,bot_slippery
2026-07-27 01:39:21,0,12.5,0,1,3,2,3,3,2,1,2.16,4,0.50,4.4,0.0,0.0,1.0,0.9,2.6,2.9,pro_learned_v5,bot_slippery
2026-07-27 01:39:24,0,10.1,0,3,3,0,5,3,2,0,0.00,3,1.00,3.1,0.0,0.0,1.3,1.8,1.3,2.6,pro_learned_v5,bot_slippery
2026-07-27 01:39:29,0,35.4,0,2,6,1,4,3,2,3,1.17,3,0.48,26.1,0.8,0.0,1.3,1.6,2.6,2.6,pro_learned_v5,bot_standard
2026-07-27 01:39:34,0,30.4,0,2,10,1,5,3,2,3,0.88,4,3.56,17.9,0.0,0.0,4.4,1.8,2.6,3.1,pro_learned_v5,bot_standard
2026-07-27 01:39:37,0,18.2,0,1,10,2,7,3,3,3,1.46,4,0.55,6.5,0.0,0.0,1.6,3.2,2.9,3.1,pro_learned_v5,bot_slippery
2026-07-27 01:39:42,0,22.2,0,1,16,2,6,3,2,2,0.46,8,0.85,2.6,0.8,0.3,2.6,2.5,3.1,9.4,pro_optimized_v1,bot_rusher
2026-07-27 01:39:48,1,41.1,1,0,16,3,8,2,2,1,0.28,13,0.83,13.8,0.3,0.3,11.2,3.4,2.6,8.6,pro_optimized_v1,bot_slippery
2026-07-27 01:39:51,1,16.1,3,0,9,3,6,0,1,2,0.48,5,0.99,2.9,1.3,0.0,3.9,3.2,1.3,2.6,pro_optimized_v1,bot_rookie
2026-07-27 01:39:58,0,46.8,0,1,13,2,10,3,4,5,0.83,19,0.65,15.1,1.3,0.3,4.2,3.7,5.7,15.6,pro_optimized_v1,bot_camper
2026-07-27 01:40:00,1,9.8,3,0,5,3,5,0,0,0,0.00,0,0.00,5.2,0.0,0.3,0.0,3.3,0.0,0.0,pro_optimized_v1,bot_camper
2026-07-27 01:40:03,1,16.6,1,0,10,3,7,2,1,0,0.00,6,0.86,3.4,0.0,0.8,3.6,3.4,1.3,3.1,pro_optimized_v1,bot_slippery
2026-07-27 01:40:07,0,21.5,0,2,8,1,6,3,1,0,0.00,9,1.09,2.6,0.8,0.0,3.9,2.5,1.3,9.9,pro_optimized_v1,bot_rookie
2026-07-27 01:40:13,1,34.4,2,0,22,3,8,1,3,2,1.64,10,0.76,3.9,0.5,0.0,0.3,5.2,4.4,19.1,pro_optimized_v1,bot_rusher
2026-07-27 01:40:16,0,12.8,0,1,6,2,3,3,1,0,0.00,3,1.07,4.2,0.0,0.0,2.6,0.6,1.3,3.1,pro_optimized_v1,bot_camper
2026-07-27 01:40:19,0,17.7,0,2,4,1,5,3,2,2,1.87,2,0.51,4.2,2.3,0.3,3.1,2.4,2.6,2.3,pro_optimized_v1,bot_camper
2026-07-27 01:40:23,1,17.1,2,0,10,3,9,1,1,0,0.00,2,2.18,2.1,1.0,0.5,2.1,5.5,1.3,3.6,pro_optimized_v1,bot_rookie
2026-07-27 01:40:26,0,21.3,0,1,12,2,8,3,2,2,1.43,6,1.48,1.3,0.3,0.3,9.4,3.7,2.6,2.9,pro_optimized_v1,bot_slippery
2026-07-27 01:40:29,1,16.3,1,0,7,3,3,2,1,1,0.90,5,0.98,4.9,0.3,0.0,3.1,1.0,1.6,4.4,pro_optimized_v1,bot_standard
2026-07-27 01:40:33,1,20.5,2,0,8,3,8,1,2,1,0.60,4,0.59,2.6,0.0,0.0,1.6,4.2,5.5,5.7,pro_optimized_v1,bot_slippery
2026-07-27 01:40:36,1,11.8,1,0,5,3,3,2,2,2,2.47,2,0.84,2.3,0.3,0.0,1.3,0.6,2.9,3.4,pro_optimized_v1,bot_rusher
2026-07-27 01:40:38,1,14.5,1,0,9,3,4,2,2,2,0.98,3,0.75,3.6,1.0,0.3,1.0,1.8,2.3,3.4,pro_optimized_v1,bot_rusher
2026-07-27 01:40:41,1,9.5,1,0,8,3,2,2,1,0,0.00,3,0.61,1.6,0.3,0.0,2.6,0.5,1.3,2.3,pro_optimized_v1,bot_rusher
2026-07-27 01:40:43,0,13.1,0,1,4,2,4,3,2,2,0.90,4,0.54,3.1,0.0,0.0,2.3,0.9,2.6,3.1,pro_optimized_v1,bot_camper
2026-07-27 01:40:46,1,12.3,3,0,7,3,4,0,1,1,0.22,2,0.40,4.4,0.8,0.0,1.8,3.0,1.3,0.0,pro_optimized_v1,bot_slippery
2026-07-27 01:40:49,0,12.5,0,2,5,1,4,3,0,0,0.00,4,0.92,3.4,0.5,0.8,2.4,1.6,0.0,3.4,pro_optimized_v1,bot_slippery
2026-07-27 01:40:52,1,14.2,3,0,8,3,3,0,1,1,1.10,0,0.00,4.2,1.0,1.0,0.0,1.2,5.7,0.0,pro_optimized_v1,bot_camper
2026-07-27 01:40:56,0,23.4,0,1,13,2,7,3,1,2,0.54,7,0.83,3.9,0.5,0.3,1.3,3.7,1.3,11.4,pro_optimized_v1,bot_rookie
2026-07-27 01:40:58,1,14.5,1,0,9,3,4,2,1,0,0.00,5,0.73,1.0,0.0,0.0,3.9,1.6,1.3,5.8,pro_optimized_v1,bot_standard
2026-07-27 01:41:02,0,18.8,0,1,8,2,7,3,2,1,0.46,6,0.69,4.9,0.5,1.0,2.3,2.6,2.6,4.2,pro_optimized_v1,bot_standard
2026-07-27 01:41:05,0,16.6,0,1,6,2,4,3,1,1,0.64,4,0.71,6.8,0.0,0.0,2.9,1.8,1.3,2.9,pro_optimized_v1,bot_camper
2026-07-27 01:41:09,0,21.4,0,2,3,1,3,3,0,0,0.00,5,0.57,14.3,0.3,1.0,1.3,0.8,0.0,3.2,pro_optimized_v1,bot_camper
2026-07-27 01:41:12,0,14.4,0,1,7,2,4,3,1,1,1.40,3,0.61,4.7,0.8,0.0,1.8,1.7,1.3,3.1,pro_optimized_v1,bot_rusher
2026-07-27 01:41:14,0,12.5,0,3,4,0,6,3,1,0,0.00,5,0.68,4.4,0.0,0.0,1.6,2.3,0.0,4.2,pro_optimized_v1,bot_standard
2026-07-27 01:41:18,1,23.4,1,0,7,3,4,2,1,0,0.00,11,0.81,4.7,0.5,1.0,3.4,1.3,1.3,10.2,pro_optimized_v1,bot_camper
2026-07-27 01:41:22,0,19.7,0,2,6,1,5,3,2,1,1.56,3,1.17,7.5,1.3,0.0,3.6,2.6,1.3,2.9,pro_optimized_v1,bot_slippery
2026-07-27 01:41:27,0,25.9,0,1,13,2,12,3,4,3,1.09,4,1.00,10.9,0.0,0.0,2.3,4.6,4.2,2.9,pro_learned_v5,bot_standard
2026-07-27 01:41:30,0,20.0,0,2,6,1,5,3,2,2,0.82,6,1.28,9.7,0.0,0.0,3.1,1.3,2.6,2.9,pro_learned_v5,bot_slippery
2026-07-27 01:41:33,0,14.8,0,3,4,0,4,3,2,0,0.00,3,0.83,6.5,0.0,0.0,1.6,1.0,2.6,3.1,pro_learned_v5,bot_rookie
2026-07-27 01:41:36,0,17.4,0,1,11,2,9,3,3,2,0.54,4,0.86,6.2,0.0,0.0,1.3,3.6,2.9,2.3,pro_learned_v5,bot_rookie
2026-07-27 01:41:40,0,21.6,0,2,12,1,9,3,2,2,0.67,6,0.86,8.6,0.0,0.0,3.6,3.2,2.6,3.1,pro_learned_v5,bot_rookie
2026-07-27 01:41:42,0,10.4,0,3,2,0,3,3,1,1,0.54,3,0.89,4.4,0.0,0.0,0.5,1.0,1.3,3.1,pro_learned_v5,bot_camper
2026-07-27 01:41:45,0,11.5,0,2,5,1,4,3,1,1,0.42,2,1.19,5.5,0.0,0.0,0.5,1.0,1.3,2.6,pro_learned_v5,bot_slippery
2026-07-27 01:41:50,0,31.2,0,1,13,2,8,3,3,2,1.36,10,0.65,12.2,0.0,0.0,6.0,1.8,3.9,6.2,pro_learned_v5,bot_camper
2026-07-27 01:41:53,0,14.5,0,2,6,1,5,3,1,1,1.28,2,1.96,5.5,0.0,0.0,2.3,1.8,1.3,3.1,pro_learned_v5,bot_rusher
2026-07-27 01:41:56,0,19.6,0,1,13,2,7,3,2,1,0.86,3,1.15,8.1,0.0,0.0,1.6,3.2,2.6,3.1,pro_learned_v5,bot_standard
2026-07-27 01:42:00,1,24.9,3,0,10,3,6,0,1,0,0.00,3,1.19,16.1,0.0,0.0,3.6,2.8,1.3,0.0,pro_learned_v5,bot_slippery
2026-07-27 01:42:04,0,19.5,0,3,6,0,7,3,2,3,1.12,4,0.49,8.6,0.0,0.0,3.1,2.1,2.6,3.1,pro_learned_v5,bot_rookie
2026-07-27 01:42:09,0,30.6,0,2,19,1,21,3,3,2,0.36,7,1.01,9.1,0.0,0.0,4.4,8.8,3.9,3.9,pro_learned_v5,bot_rookie
2026-07-27 01:42:11,0,9.6,0,2,3,1,3,3,1,1,0.98,2,0.82,3.7,0.0,0.0,0.0,1.0,1.3,3.1,pro_learned_v5,bot_rusher
2026-07-27 01:42:14,0,15.4,0,1,10,2,6,3,2,1,4.46,2,1.10,5.2,1.3,0.0,1.4,2.3,1.6,2.6,pro_learned_v5,bot_rookie
2026-07-27 01:42:17,1,12.0,3,0,9,3,3,0,2,2,0.40,0,0.00,6.0,0.0,0.0,1.0,1.8,2.2,0.0,pro_learned_v5,bot_standard
2026-07-27 01:42:19,0,12.4,0,3,6,0,4,3,2,1,0.62,3,0.77,5.1,0.0,0.0,0.8,1.0,2.6,2.9,pro_learned_v5,bot_camper
2026-07-27 01:42:22,0,13.4,0,3,7,0,6,3,1,0,0.00,4,0.54,4.4,0.0,0.0,2.2,2.3,1.3,3.1,pro_learned_v5,bot_rookie
2026-07-27 01:42:25,0,13.7,0,2,6,1,3,3,2,2,0.85,1,1.28,5.2,0.0,0.0,1.6,1.0,2.6,2.9,pro_learned_v5,bot_camper
2026-07-27 01:42:28,0,12.9,0,2,6,1,7,3,0,0,0.00,3,0.79,5.9,0.0,0.0,1.0,2.6,0.0,2.9,pro_learned_v5,bot_slippery
2026-07-27 01:42:31,0,19.5,0,3,10,0,7,3,2,2,1.60,7,0.59,8.3,0.0,0.0,3.9,1.8,2.6,2.9,pro_learned_v5,bot_rookie
2026-07-27 01:42:33,0,10.4,0,3,5,0,5,3,1,1,1.58,3,0.33,3.9,0.0,0.0,0.5,1.5,1.3,3.1,pro_learned_v5,bot_rookie
2026-07-27 01:42:37,0,18.6,0,1,8,2,5,3,1,0,0.00,4,1.14,10.7,0.0,0.0,1.3,1.2,1.3,3.1,pro_learned_v5,bot_rusher
2026-07-27 01:42:40,0,16.3,0,1,6,2,4,3,2,3,0.89,3,0.88,7.3,0.0,0.0,1.6,1.3,2.6,2.6,pro_learned_v5,bot_camper
2026-07-27 01:42:42,0,10.4,0,2,6,1,3,3,1,1,0.32,5,0.56,3.4,0.0,0.0,1.3,0.8,1.3,3.1,pro_learned_v5,bot_slippery
2026-07-27 01:42:45,0,11.3,0,2,7,1,6,3,1,1,0.58,2,0.96,4.2,0.0,0.0,0.3,1.9,1.3,3.1,pro_learned_v5,bot_rusher
2026-07-27 01:42:47,0,11.2,0,3,3,0,4,3,0,0,0.00,3,1.04,6.3,0.0,0.0,0.8,1.0,0.0,3.1,pro_learned_v5,bot_rookie
2026-07-27 01:42:51,1,21.5,1,0,11,3,10,2,1,1,2.24,4,1.11,9.1,0.0,0.0,3.4,3.9,1.3,2.9,pro_learned_v5,bot_rookie
2026-07-27 01:42:53,0,10.9,0,1,3,2,3,3,0,0,0.00,2,0.36,7.0,0.0,0.0,0.0,0.7,0.0,2.6,pro_learned_v5,bot_rusher
2026-07-27 01:42:56,0,15.7,0,3,10,0,6,3,2,2,2.14,3,0.79,6.1,0.0,0.0,3.1,2.1,1.6,2.9,pro_learned_v5,bot_slippery
2026-07-27 01:43:00,0,14.3,0,2,5,1,3,3,1,2,1.32,1,0.70,6.8,0.0,0.0,1.3,1.3,1.3,3.1,pro_optimized_v1,bot_rookie
2026-07-27 01:43:05,0,32.6,0,2,10,1,10,3,1,2,0.83,6,1.47,11.7,1.0,0.0,7.5,4.6,1.3,6.0,pro_optimized_v1,bot_camper
2026-07-27 01:43:09,1,20.4,1,0,9,3,6,2,2,2,0.42,6,0.76,5.7,0.3,0.3,1.8,3.1,2.6,5.7,pro_optimized_v1,bot_rookie
2026-07-27 01:43:12,0,19.0,0,2,8,1,4,3,1,1,2.14,3,0.94,7.5,0.0,0.0,4.4,1.6,1.3,3.6,pro_optimized_v1,bot_rookie
2026-07-27 01:43:16,0,22.0,0,1,11,2,9,3,3,3,0.69,5,0.77,2.6,0.5,0.0,2.3,4.3,4.4,7.0,pro_optimized_v1,bot_camper
2026-07-27 01:43:19,1,13.0,1,0,6,3,4,2,1,2,0.46,4,0.72,2.9,0.0,0.8,2.3,1.3,1.8,2.9,pro_optimized_v1,bot_rookie
2026-07-27 01:43:21,0,12.7,0,2,4,1,4,3,2,1,1.34,3,0.67,2.9,0.3,0.8,1.6,1.6,2.6,2.6,pro_optimized_v1,bot_camper
2026-07-27 01:43:24,0,14.9,0,2,4,1,6,3,0,0,0.00,6,0.63,5.2,0.3,0.0,2.6,2.9,0.0,3.4,pro_optimized_v1,bot_standard
2026-07-27 01:43:28,0,20.0,0,2,2,1,7,3,1,0,0.00,3,0.78,4.9,0.8,0.0,5.2,4.5,1.3,3.1,pro_optimized_v1,bot_camper
2026-07-27 01:43:31,0,15.8,0,3,7,0,4,3,2,3,1.12,2,0.56,4.4,0.8,0.0,2.1,1.8,4.2,2.6,pro_optimized_v1,bot_rookie
2026-07-27 01:43:34,0,15.2,0,1,8,2,6,3,1,0,0.00,5,0.76,3.1,0.3,0.0,3.6,2.0,1.3,3.9,pro_optimized_v1,bot_camper
2026-07-27 01:43:37,0,15.3,0,2,4,1,4,3,2,3,0.97,4,1.20,2.9,0.5,0.0,3.9,1.3,3.1,3.1,pro_optimized_v1,bot_rookie
2026-07-27 01:43:40,0,18.5,0,1,11,2,7,3,2,2,0.66,8,0.70,2.9,0.3,0.3,4.4,2.3,2.9,4.5,pro_optimized_v1,bot_standard
2026-07-27 01:43:45,1,27.9,1,0,15,3,7,2,1,1,0.22,14,0.61,3.1,0.0,0.3,1.0,3.6,1.3,17.6,pro_optimized_v1,bot_slippery
2026-07-27 01:43:48,0,15.9,0,3,6,0,4,3,1,1,0.68,2,1.43,4.9,0.3,0.0,1.3,1.8,4.4,3.1,pro_optimized_v1,bot_rookie
2026-07-27 01:43:50,0,13.5,0,2,4,1,4,3,3,2,0.89,5,0.74,1.0,0.0,0.0,4.7,1.3,2.6,3.4,pro_optimized_v1,bot_slippery
2026-07-27 01:43:54,0,16.2,0,3,10,0,8,3,1,0,0.00,5,0.85,4.4,0.0,0.3,0.3,4.0,1.3,6.0,pro_optimized_v1,bot_rusher
2026-07-27 01:43:56,0,10.1,0,1,6,2,3,3,0,0,0.00,4,0.70,2.3,0.8,0.5,1.3,1.1,0.0,3.1,pro_optimized_v1,bot_rookie
2026-07-27 01:43:58,1,10.3,3,0,5,3,4,0,1,1,0.62,2,0.88,3.4,0.0,0.0,3.1,1.5,1.3,0.0,pro_optimized_v1,bot_rookie
2026-07-27 01:44:01,1,15.3,2,0,8,3,6,1,2,2,0.90,1,0.56,3.9,0.0,0.0,0.8,3.9,4.2,1.6,pro_optimized_v1,bot_slippery
2026-07-27 01:44:05,0,21.0,0,2,5,1,10,3,1,2,0.52,7,0.66,3.4,1.6,0.0,1.6,5.7,1.3,7.0,pro_optimized_v1,bot_camper
2026-07-27 01:44:09,0,20.7,0,1,12,2,5,3,3,3,2.29,4,0.95,3.1,1.3,0.8,2.6,1.8,2.6,7.5,pro_optimized_v1,bot_rookie
2026-07-27 01:44:11,1,11.7,2,0,4,3,4,1,2,0,0.00,3,0.49,3.1,0.0,0.0,0.8,2.1,2.9,1.8,pro_optimized_v1,bot_slippery
2026-07-27 01:44:14,0,14.0,0,2,5,1,5,3,2,3,0.41,3,0.71,4.7,0.5,0.3,1.3,2.1,2.6,2.1,pro_optimized_v1,bot_slippery
2026-07-27 01:44:17,0,13.2,0,3,5,0,6,3,0,0,0.00,2,1.60,4.9,0.5,0.0,1.0,3.1,0.0,3.6,pro_optimized_v1,bot_rusher
2026-07-27 01:44:19,0,13.5,0,2,7,1,5,3,0,0,0.00,5,0.78,3.1,1.0,0.0,1.8,1.6,0.0,5.5,pro_optimized_v1,bot_rusher
2026-07-27 01:44:22,0,14.8,0,3,4,0,6,3,2,1,4.16,1,1.30,3.4,0.5,0.0,2.6,2.6,2.6,3.1,pro_optimized_v1,bot_rookie
2026-07-27 01:44:26,1,24.8,1,0,12,3,6,2,3,3,1.71,8,0.60,4.4,0.0,0.3,4.6,2.9,5.5,6.2,pro_optimized_v1,bot_slippery
2026-07-27 01:44:30,1,19.0,1,0,10,3,6,2,2,3,0.92,4,0.53,5.2,0.0,0.0,4.7,3.1,2.6,2.4,pro_optimized_v1,bot_slippery
2026-07-27 01:44:33,0,12.1,0,1,7,2,3,3,1,0,0.00,3,1.19,3.1,0.0,0.3,1.0,0.7,2.9,3.1,pro_optimized_v1,bot_rusher
2026-07-27 01:44:37,1,23.0,1,0,11,3,7,2,1,1,0.72,5,0.54,14.6,0.0,0.0,0.5,2.6,1.3,3.1,pro_learned_v5,bot_slippery
2026-07-27 01:44:39,0,10.9,0,1,5,2,3,3,3,2,1.20,1,0.54,2.9,1.6,0.0,0.8,0.5,1.8,2.3,pro_learned_v5,bot_camper
2026-07-27 01:44:42,0,12.8,0,3,2,0,3,3,0,0,0.00,3,0.87,8.1,0.5,0.0,0.3,0.9,0.0,3.1,pro_learned_v5,bot_rusher
2026-07-27 01:44:46,1,21.5,1,0,10,3,8,2,1,1,3.34,3,0.90,11.2,0.0,0.0,2.1,2.8,1.3,3.1,pro_learned_v5,bot_slippery
2026-07-27 01:44:49,0,16.0,0,3,4,0,5,3,2,3,1.14,2,1.31,7.5,0.0,0.0,1.6,1.2,2.6,3.1,pro_learned_v5,bot_standard
2026-07-27 01:44:52,1,13.0,1,0,9,3,5,2,1,1,0.62,3,1.63,2.9,0.8,0.0,2.6,1.3,1.3,3.1,pro_learned_v5,bot_standard
2026-07-27 01:44:54,1,11.8,3,0,6,3,4,0,1,2,0.84,0,0.00,7.0,0.0,0.0,1.0,1.5,1.3,0.0,pro_learned_v5,bot_slippery
2026-07-27 01:44:57,1,14.8,1,0,8,3,5,2,1,1,2.86,4,0.79,6.2,0.0,0.0,2.3,1.1,1.3,2.9,pro_learned_v5,bot_slippery
2026-07-27 01:45:01,0,21.1,0,3,2,0,4,3,2,1,0.66,2,1.69,14.8,0.0,0.0,0.8,1.0,1.4,3.1,pro_learned_v5,bot_camper
2026-07-27 01:45:04,0,16.4,0,1,4,2,8,3,2,3,0.92,5,0.58,5.3,0.0,0.0,2.3,2.6,2.6,2.6,pro_learned_v5,bot_camper
2026-07-27 01:45:07,0,14.0,0,1,7,2,5,3,1,1,1.16,5,0.76,5.5,0.0,0.0,1.9,1.3,1.3,3.1,pro_learned_v5,bot_rookie
2026-07-27 01:45:09,0,12.0,0,3,9,0,4,3,0,0,0.00,4,1.03,4.0,0.0,0.0,3.9,1.0,0.0,3.1,pro_learned_v5,bot_slippery
2026-07-27 01:45:12,0,12.6,0,3,3,0,5,3,1,1,0.36,2,1.39,5.5,0.0,0.0,1.6,1.5,1.3,2.9,pro_learned_v5,bot_rusher
2026-07-27 01:45:15,0,16.4,0,3,3,0,7,3,3,5,0.86,2,0.35,6.5,0.8,0.0,1.6,2.1,2.9,2.6,pro_learned_v5,bot_standard
2026-07-27 01:45:17,0,8.8,0,2,3,1,3,3,2,5,0.62,1,0.44,3.1,0.0,0.0,0.3,0.7,1.6,2.6,pro_learned_v5,bot_rookie
2026-07-27 01:45:21,0,18.5,0,2,9,1,9,3,2,2,2.18,3,0.53,7.6,0.0,0.0,1.3,3.4,2.6,3.1,pro_learned_v5,bot_rookie
2026-07-27 01:45:24,0,17.4,0,2,6,1,7,3,2,2,0.82,3,0.49,7.5,0.0,0.0,1.1,2.9,2.6,2.9,pro_learned_v5,bot_standard
2026-07-27 01:45:27,0,16.7,0,2,7,1,6,3,2,2,0.83,4,0.59,6.5,0.0,0.0,1.8,2.2,2.6,3.1,pro_learned_v5,bot_slippery
2026-07-27 01:45:31,0,21.3,0,1,9,2,10,3,1,1,1.96,4,0.89,9.6,0.0,0.0,2.1,3.1,1.3,4.2,pro_learned_v5,bot_standard
2026-07-27 01:45:35,0,22.5,0,2,10,1,10,3,3,3,1.00,9,0.59,6.5,0.0,0.0,4.7,3.8,3.9,3.1,pro_learned_v5,bot_rookie
2026-07-27 01:45:38,0,19.6,0,3,6,0,3,3,1,1,1.52,3,1.01,13.0,0.0,0.0,1.3,0.9,1.3,3.1,pro_learned_v5,bot_slippery
2026-07-27 01:45:41,1,13.1,3,0,8,3,7,0,1,1,1.00,3,0.44,4.6,0.0,0.0,2.3,3.9,1.3,0.0,pro_learned_v5,bot_rookie
2026-07-27 01:45:44,0,19.4,0,2,6,1,8,3,2,2,1.43,6,0.86,8.8,0.0,0.0,2.3,2.3,2.6,2.9,pro_learned_v5,bot_standard
2026-07-27 01:45:47,0,15.6,0,2,6,1,7,3,1,2,0.86,3,0.37,7.3,0.0,0.0,1.0,2.6,1.3,2.9,pro_learned_v5,bot_rusher
2026-07-27 01:45:50,0,8.5,0,2,2,1,3,3,0,0,0.00,3,0.75,4.2,0.0,0.0,0.5,0.7,0.0,2.6,pro_learned_v5,bot_rusher
2026-07-27 01:45:53,0,21.6,0,3,3,0,4,3,1,2,0.44,3,0.34,15.1,0.0,0.0,1.6,1.0,1.3,2.6,pro_learned_v5,bot_slippery
2026-07-27 01:45:56,0,10.7,0,3,4,0,5,3,2,2,1.28,1,1.68,3.9,0.0,0.0,0.6,1.6,1.6,3.1,pro_learned_v5,bot_slippery
2026-07-27 01:45:59,0,16.6,0,2,4,1,3,3,1,1,0.40,4,1.08,8.6,0.0,0.0,2.3,0.7,1.3,3.1,pro_learned_v5,bot_camper
2026-07-27 01:46:02,1,19.6,1,0,9,3,8,2,4,2,1.57,2,1.60,7.5,0.0,0.0,1.0,3.1,3.5,3.4,pro_learned_v5,bot_rookie
2026-07-27 01:46:06,0,17.0,0,1,10,2,4,3,2,0,0.00,3,1.33,7.5,0.0,0.0,2.3,1.0,2.6,2.6,pro_learned_v5,bot_standard
2026-07-27 01:46:09,0,12.7,0,3,4,0,5,3,0,0,0.00,3,2.33,2.6,0.8,0.0,4.4,1.8,0.0,3.1,pro_optimized_v1,bot_rookie
2026-07-27 01:46:12,0,14.6,0,2,5,1,5,3,1,2,1.31,3,0.61,3.9,2.1,0.0,1.3,2.1,1.3,3.4,pro_optimized_v1,bot_rookie
2026-07-27 01:46:17,0,32.6,0,1,7,2,4,3,0,0,0.00,11,0.70,16.1,0.3,1.0,2.3,1.0,0.0,10.8,pro_optimized_v1,bot_camper
2026-07-27 01:46:21,1,22.9,2,0,16,3,6,1,0,0,0.00,7,0.59,4.4,0.3,0.0,0.8,4.4,0.0,12.0,pro_optimized_v1,bot_rusher
2026-07-27 01:46:25,0,19.4,0,3,12,0,9,3,1,1,0.78,5,1.26,2.6,1.0,0.5,3.1,4.9,1.3,6.0,pro_optimized_v1,bot_rookie
2026-07-27 01:46:29,0,25.7,0,1,10,2,9,3,2,1,1.48,10,0.88,6.0,0.0,0.0,3.6,4.9,2.6,7.6,pro_optimized_v1,bot_slippery
2026-07-27 01:46:34,1,29.2,1,0,16,3,12,2,1,1,1.42,13,0.81,3.6,0.0,0.0,6.8,5.1,2.6,10.1,pro_optimized_v1,bot_standard
2026-07-27 01:46:36,0,13.2,0,3,4,0,4,3,2,3,1.09,2,0.97,2.3,0.3,0.0,2.9,1.6,2.9,3.4,pro_optimized_v1,bot_standard
2026-07-27 01:46:39,0,12.2,0,3,5,0,3,3,2,1,0.90,2,0.79,4.2,0.0,0.0,2.4,0.8,2.6,2.3,pro_optimized_v1,bot_rookie
2026-07-27 01:46:44,0,30.1,0,2,16,1,8,3,2,2,1.27,8,1.29,5.7,0.8,0.5,7.3,3.9,3.9,7.5,pro_optimized_v1,bot_standard
2026-07-27 01:46:47,1,14.0,2,0,6,3,2,1,1,1,0.24,4,0.93,6.2,0.0,0.5,2.6,0.8,0.8,2.1,pro_optimized_v1,bot_rookie
2026-07-27 01:46:49,1,13.0,1,0,8,3,5,2,0,0,0.00,3,0.67,4.2,0.0,0.0,0.8,2.9,0.0,4.3,pro_optimized_v1,bot_slippery
2026-07-27 01:46:52,0,13.8,0,1,6,2,3,3,1,1,0.52,1,0.42,8.3,0.0,0.0,0.8,0.9,1.3,1.6,pro_optimized_v1,bot_rusher
2026-07-27 01:46:55,0,10.2,0,3,5,0,5,3,1,0,0.00,6,0.34,3.1,0.5,0.0,1.3,1.8,0.0,3.4,pro_optimized_v1,bot_standard
2026-07-27 01:46:58,1,18.5,1,0,7,3,3,2,2,2,0.85,3,0.37,9.6,0.3,0.0,1.0,0.6,3.1,2.9,pro_optimized_v1,bot_standard
2026-07-27 01:47:00,0,8.7,0,2,7,1,4,3,0,0,0.00,2,0.55,2.1,1.0,0.0,0.0,1.9,0.0,3.1,pro_optimized_v1,bot_rusher
2026-07-27 01:47:03,0,11.5,0,1,5,2,3,3,1,1,0.96,2,1.26,4.7,0.0,0.0,2.1,0.6,1.3,1.8,pro_optimized_v1,bot_rusher
2026-07-27 01:47:06,0,15.7,0,2,4,1,3,3,1,1,0.90,2,1.35,7.8,0.3,0.0,1.3,1.2,1.8,2.9,pro_optimized_v1,bot_slippery
2026-07-27 01:47:09,1,15.2,2,0,8,3,6,1,1,1,1.18,4,0.69,1.8,0.5,0.0,0.5,3.1,1.8,6.4,pro_optimized_v1,bot_rusher
2026-07-27 01:47:11,0,10.2,0,1,5,2,3,3,0,0,0.00,4,0.59,2.3,1.6,1.3,0.5,0.7,0.0,3.1,pro_optimized_v1,bot_camper
2026-07-27 01:47:15,0,23.2,0,2,4,1,4,3,1,0,0.00,4,0.71,10.9,0.3,0.0,2.6,1.0,1.8,6.1,pro_optimized_v1,bot_rusher
2026-07-27 01:47:22,0,51.5,0,1,28,2,15,3,2,2,1.10,22,0.97,4.9,0.8,1.3,8.8,7.1,2.6,25.0,pro_optimized_v1,bot_rookie
2026-07-27 01:47:26,0,19.8,0,1,10,2,6,3,2,2,0.68,4,1.09,4.7,0.3,0.0,1.6,3.0,2.6,6.8,pro_optimized_v1,bot_rusher
2026-07-27 01:47:29,0,13.7,0,2,3,1,6,3,2,1,2.56,3,0.80,2.3,0.3,0.0,2.3,2.3,2.6,3.3,pro_optimized_v1,bot_rookie
2026-07-27 01:47:31,0,13.2,0,1,8,2,3,3,1,1,4.36,3,0.44,2.9,0.8,0.8,2.6,1.0,1.3,2.9,pro_optimized_v1,bot_camper
2026-07-27 01:47:34,0,13.3,0,2,8,1,4,3,1,1,1.46,3,1.50,3.9,0.5,0.3,3.1,1.1,1.3,3.1,pro_optimized_v1,bot_rookie
2026-07-27 01:47:37,0,15.1,0,1,6,2,3,3,0,0,0.00,6,0.71,2.3,0.0,0.0,5.5,0.9,0.0,5.5,pro_optimized_v1,bot_camper
2026-07-27 01:47:40,0,11.6,0,3,5,0,3,3,0,0,0.00,2,1.99,2.9,2.1,0.8,1.8,1.0,0.0,3.1,pro_optimized_v1,bot_rookie
2026-07-27 01:47:43,0,18.3,0,2,7,1,6,3,1,0,0.00,6,1.05,2.3,0.0,0.3,3.9,2.3,1.6,7.4,pro_optimized_v1,bot_camper
2026-07-27 01:47:46,0,14.6,0,2,5,1,5,3,2,1,0.46,6,0.58,1.6,0.0,0.0,4.4,2.4,2.6,3.1,pro_optimized_v1,bot_camper
2026-07-27 01:47:49,0,11.6,0,3,4,0,5,3,2,2,0.44,3,0.51,4.7,0.0,0.0,1.0,1.5,1.6,2.9,pro_learned_v5,bot_slippery
2026-07-27 01:47:54,0,29.8,0,2,10,1,13,3,3,2,0.65,4,1.55,13.0,0.0,0.0,4.9,5.1,3.9,2.3,pro_learned_v5,bot_slippery
2026-07-27 01:47:57,0,13.9,0,3,1,0,4,3,2,1,3.22,1,2.74,7.0,0.0,0.0,1.2,1.0,1.6,3.1,pro_learned_v5,bot_camper
2026-07-27 01:48:01,0,23.6,0,1,10,2,6,3,1,2,0.59,3,1.37,13.0,0.0,0.0,3.1,2.3,1.3,2.9,pro_learned_v5,bot_camper
2026-07-27 01:48:05,0,22.6,0,2,13,1,11,3,2,2,1.62,5,1.13,7.8,0.0,0.0,4.9,3.9,2.6,2.9,pro_learned_v5,bot_standard
2026-07-27 01:48:07,0,9.3,0,3,3,0,4,3,0,0,0.00,4,0.49,4.2,0.5,0.0,0.5,1.0,0.0,3.1,pro_learned_v5,bot_rusher
2026-07-27 01:48:09,0,13.1,0,1,5,2,4,3,2,3,1.01,1,0.70,6.5,0.0,0.0,0.5,0.9,1.6,2.6,pro_learned_v5,bot_standard
2026-07-27 01:48:13,0,19.7,0,1,9,2,9,3,3,2,1.04,4,0.63,7.3,0.3,0.0,1.6,2.6,3.9,3.1,pro_learned_v5,bot_standard
2026-07-27 01:48:16,0,11.7,0,3,5,0,6,3,1,2,0.73,3,0.82,2.9,0.3,0.0,2.6,1.8,1.3,2.9,pro_learned_v5,bot_standard
2026-07-27 01:48:19,0,18.2,0,2,4,1,6,3,2,1,0.22,1,0.86,10.2,0.0,0.0,0.0,1.8,2.6,3.1,pro_learned_v5,bot_rusher
2026-07-27 01:48:21,0,11.9,0,3,6,0,5,3,2,2,1.72,2,0.38,3.9,0.5,0.0,0.8,2.1,1.8,2.9,pro_learned_v5,bot_standard
2026-07-27 01:48:24,0,9.4,0,2,5,1,3,3,1,1,1.10,3,0.71,3.4,0.3,0.0,0.3,0.6,1.3,3.1,pro_learned_v5,bot_rusher
2026-07-27 01:48:27,0,17.9,0,2,9,1,6,3,2,3,0.65,3,0.81,8.6,0.0,0.0,1.3,1.8,2.6,3.1,pro_learned_v5,bot_slippery
2026-07-27 01:48:31,0,23.9,0,2,12,1,13,3,3,2,0.46,6,0.65,9.9,0.0,0.0,2.1,4.4,3.9,3.1,pro_learned_v5,bot_rookie
2026-07-27 01:48:35,0,25.1,0,1,11,2,6,3,1,0,0.00,4,1.17,15.6,0.0,0.0,2.1,2.5,1.3,2.6,pro_learned_v5,bot_standard
2026-07-27 01:48:38,0,11.7,0,1,3,2,5,3,1,0,0.00,3,0.49,5.2,0.0,0.0,0.5,1.3,1.3,2.3,pro_learned_v5,bot_rusher
2026-07-27 01:48:41,0,15.0,0,1,4,2,3,3,1,1,1.28,7,0.70,6.5,0.0,0.0,3.1,0.5,1.3,2.6,pro_learned_v5,bot_camper
2026-07-27 01:48:44,0,15.3,0,2,6,1,6,3,4,2,1.88,1,1.10,4.2,0.0,0.0,1.8,1.6,4.2,3.1,pro_learned_v5,bot_camper
2026-07-27 01:48:48,0,22.2,0,1,10,2,9,3,2,2,1.71,7,0.69,7.8,0.0,0.0,4.7,3.3,2.6,2.9,pro_learned_v5,bot_slippery
2026-07-27 01:48:51,0,18.6,0,2,9,1,10,3,2,2,1.53,6,0.80,3.6,0.3,0.0,1.7,4.9,1.8,5.7,pro_learned_v5,bot_slippery
2026-07-27 01:48:54,0,15.1,0,2,5,1,7,3,2,0,0.00,5,0.52,6.2,0.0,0.0,1.0,2.9,1.3,3.1,pro_learned_v5,bot_standard
2026-07-27 01:48:58,1,26.8,1,0,11,3,9,2,3,3,1.62,3,1.21,13.8,0.0,0.0,2.2,3.1,3.9,2.9,pro_learned_v5,bot_rookie
2026-07-27 01:49:02,0,18.1,0,2,12,1,9,3,4,3,0.57,3,1.65,3.9,0.0,0.0,2.3,4.2,4.1,3.1,pro_learned_v5,bot_camper
2026-07-27 01:49:04,0,13.9,0,3,8,0,4,3,2,2,1.05,1,1.26,6.5,0.0,0.0,0.8,1.1,2.6,2.9,pro_learned_v5,bot_rusher
2026-07-27 01:49:07,1,13.6,2,0,8,3,6,1,2,2,1.63,1,0.96,5.5,0.0,0.0,1.0,1.9,2.6,1.6,pro_learned_v5,bot_camper
2026-07-27 01:49:11,0,18.7,0,2,11,1,5,3,3,3,0.93,3,1.04,7.3,0.0,0.0,1.3,2.6,3.9,3.1,pro_learned_v5,bot_camper
2026-07-27 01:49:14,0,16.9,0,3,9,0,8,3,1,1,2.32,2,1.53,8.3,0.0,0.0,1.8,2.3,1.3,3.1,pro_learned_v5,bot_rookie
2026-07-27 01:49:18,0,28.1,0,1,16,2,18,3,4,4,0.43,6,0.86,7.0,0.0,0.0,3.1,8.1,5.2,3.6,pro_learned_v5,bot_slippery
2026-07-27 01:49:21,0,12.7,0,3,5,0,4,3,3,1,1.10,2,0.94,4.7,0.0,0.0,1.3,1.0,2.9,2.9,pro_learned_v5,bot_standard
2026-07-27 01:49:24,1,11.8,1,0,9,3,3,2,1,1,0.62,3,1.33,4.2,0.0,0.0,1.8,0.9,1.3,2.6,pro_learned_v5,bot_rusher
2026-07-27 01:49:26,0,8.3,0,3,3,0,3,3,0,0,0.00,3,0.72,3.4,0.0,0.0,1.3,0.5,0.0,3.1,pro_optimized_v1,bot_rusher
2026-07-27 01:49:29,0,13.8,0,3,6,0,6,3,1,0,0.00,5,0.70,3.6,0.5,0.0,2.4,2.9,1.3,3.1,pro_optimized_v1,bot_rookie
2026-07-27 01:49:31,0,9.6,0,2,3,1,4,3,1,1,0.86,3,0.72,3.9,0.0,0.0,0.5,1.6,1.3,1.8,pro_optimized_v1,bot_standard
2026-07-27 01:49:35,0,24.7,0,2,12,1,6,3,2,2,2.21,6,1.02,4.4,1.0,0.0,1.9,3.4,2.6,10.9,pro_optimized_v1,bot_rookie
2026-07-27 01:49:40,0,24.9,0,1,10,2,5,3,3,1,2.32,7,0.77,4.9,0.0,0.0,3.7,1.3,6.5,7.5,pro_optimized_v1,bot_standard
2026-07-27 01:49:42,0,12.2,0,2,5,1,3,3,1,1,0.94,3,0.52,4.9,1.3,0.8,0.5,1.0,1.3,1.8,pro_optimized_v1,bot_camper
2026-07-27 01:49:45,0,11.1,0,3,7,0,3,3,1,0,0.00,3,1.66,2.9,0.0,0.0,2.9,1.0,1.3,3.1,pro_optimized_v1,bot_standard
2026-07-27 01:49:47,0,10.4,0,2,4,1,5,3,1,0,0.00,3,0.67,2.9,0.3,0.0,0.3,2.2,1.3,3.1,pro_optimized_v1,bot_rusher
2026-07-27 01:49:51,0,24.0,0,3,7,0,5,3,2,2,0.62,8,1.14,5.2,0.3,0.8,3.4,1.4,2.6,10.4,pro_optimized_v1,bot_rookie
2026-07-27 01:49:54,0,12.8,0,2,7,1,4,3,2,2,3.05,1,1.42,2.3,0.3,0.0,3.1,1.1,2.6,2.9,pro_optimized_v1,bot_rusher
2026-07-27 01:49:56,0,12.3,0,2,3,1,3,3,1,0,0.00,3,1.11,4.2,0.0,0.3,1.8,0.8,1.3,3.4,pro_optimized_v1,bot_camper
2026-07-27 01:50:01,0,31.8,0,2,7,1,7,3,1,0,0.00,2,1.00,22.4,0.3,0.3,0.8,3.7,1.3,3.1,pro_optimized_v1,bot_slippery
2026-07-27 01:50:06,1,23.5,1,0,14,3,8,2,1,1,1.58,11,0.77,1.6,0.3,0.0,2.9,3.0,3.1,11.7,pro_optimized_v1,bot_rusher
2026-07-27 01:50:08,1,12.9,1,0,8,3,4,2,1,0,0.00,3,1.02,4.4,0.0,0.0,1.0,2.3,1.3,2.9,pro_optimized_v1,bot_rusher
2026-07-27 01:50:12,0,20.9,0,2,6,1,7,3,1,1,0.78,10,0.55,6.8,0.0,0.0,1.6,3.0,1.3,7.8,pro_optimized_v1,bot_camper
2026-07-27 01:50:15,0,14.0,0,3,8,0,5,3,1,2,0.44,5,0.68,2.9,0.5,0.5,2.9,1.8,1.8,3.6,pro_optimized_v1,bot_standard
2026-07-27 01:50:17,1,10.4,1,0,6,3,4,2,1,0,0.00,1,1.04,4.9,0.0,0.0,0.5,1.1,1.3,1.6,pro_optimized_v1,bot_rusher
2026-07-27 01:50:20,0,12.7,0,1,4,2,3,3,1,1,1.40,3,0.41,7.0,0.0,0.0,0.8,1.0,0.1,2.9,pro_optimized_v1,bot_slippery
2026-07-27 01:50:22,1,13.4,2,0,5,3,4,1,2,3,1.55,2,0.38,3.1,0.5,0.5,2.3,2.0,2.9,1.0,pro_optimized_v1,bot_standard
2026-07-27 01:50:26,1,17.5,2,0,11,3,3,1,1,2,1.49,1,0.62,2.1,0.8,0.0,1.6,1.3,5.3,5.5,pro_optimized_v1,bot_standard
2026-07-27 01:50:28,0,11.2,0,2,5,1,5,3,2,1,0.62,4,0.65,1.0,0.0,0.0,2.3,2.2,2.6,2.6,pro_optimized_v1,bot_rusher
2026-07-27 01:50:33,1,27.4,1,0,17,3,7,2,1,0,0.00,11,1.01,2.3,0.3,0.0,2.9,3.4,1.3,16.2,pro_optimized_v1,bot_rusher
2026-07-27 01:50:36,1,16.9,1,0,8,3,5,2,1,1,1.84,4,1.27,4.9,0.5,0.0,3.1,2.6,1.3,3.4,pro_optimized_v1,bot_standard
2026-07-27 01:50:39,1,13.7,3,0,11,3,4,0,1,1,0.26,3,0.51,5.5,1.0,0.3,2.1,2.6,1.3,0.0,pro_optimized_v1,bot_slippery
2026-07-27 01:50:42,0,18.8,0,1,11,2,4,3,2,2,0.83,3,2.41,4.2,1.3,0.3,5.2,1.1,2.6,3.1,pro_optimized_v1,bot_camper
2026-07-27 01:50:45,0,14.7,0,1,6,2,4,3,1,2,0.79,4,0.89,1.8,1.3,0.3,3.1,1.5,1.3,4.4,pro_optimized_v1,bot_camper
2026-07-27 01:50:47,0,10.2,0,2,3,1,3,3,0,0,0.00,3,1.04,3.1,0.5,1.0,0.8,0.8,0.0,3.4,pro_optimized_v1,bot_slippery
2026-07-27 01:50:52,1,25.0,2,0,8,3,2,1,0,0,0.00,14,0.60,4.7,1.0,0.0,1.6,0.3,0.0,16.4,pro_optimized_v1,bot_camper
2026-07-27 01:50:55,1,15.3,1,0,10,3,5,2,2,2,1.04,4,0.40,5.2,0.0,0.0,1.6,2.1,2.6,2.9,pro_optimized_v1,bot_slippery
2026-07-27 01:50:59,1,23.3,1,0,9,3,3,2,1,1,0.60,6,1.14,8.6,0.3,0.5,6.2,0.5,1.3,4.9,pro_optimized_v1,bot_camper
2026-07-27 01:51:04,0,30.3,0,2,11,1,7,3,3,3,1.41,7,0.57,18.2,0.0,0.0,2.6,2.3,3.9,2.9,pro_learned_v5,bot_rookie
2026-07-27 01:51:10,0,34.0,0,1,10,2,9,3,4,4,1.39,2,2.52,16.6,0.0,0.0,6.5,2.3,4.4,3.1,pro_learned_v5,bot_standard
2026-07-27 01:51:12,0,13.0,0,1,6,2,4,3,1,1,1.54,4,0.53,4.7,0.3,0.0,2.3,1.0,1.3,2.9,pro_learned_v5,bot_camper
2026-07-27 01:51:16,0,20.0,0,2,10,1,9,3,2,1,2.30,3,1.07,7.8,0.0,0.0,2.9,3.6,2.6,2.6,pro_learned_v5,bot_rookie
2026-07-27 01:51:19,0,14.5,0,3,7,0,8,3,1,1,0.62,5,0.46,4.7,1.3,0.0,1.0,3.1,1.3,3.1,pro_learned_v5,bot_camper
2026-07-27 01:51:22,0,17.8,0,2,6,1,7,3,3,3,1.49,2,0.49,7.5,0.0,0.0,2.6,1.7,2.9,2.6,pro_learned_v5,bot_standard
2026-07-27 01:51:25,0,13.3,0,2,7,1,5,3,2,2,0.81,4,0.63,3.9,0.0,0.0,1.6,1.9,2.6,2.9,pro_learned_v5,bot_standard
2026-07-27 01:51:28,0,16.7,0,2,5,1,5,3,2,1,0.96,2,1.63,7.9,0.0,0.0,1.6,1.3,2.6,2.9,pro_learned_v5,bot_slippery
2026-07-27 01:51:31,1,13.9,2,0,6,3,1,1,2,2,0.56,1,0.98,9.1,0.0,0.0,1.0,0.3,1.6,1.0,pro_learned_v5,bot_camper
2026-07-27 01:51:35,0,25.8,0,2,4,1,8,3,2,2,0.61,4,0.83,15.1,0.0,0.0,2.3,2.6,2.6,2.6,pro_learned_v5,bot_camper
2026-07-27 01:51:38,0,15.4,0,3,6,0,4,3,1,1,1.34,1,0.82,8.8,0.0,0.0,1.1,1.3,1.3,2.9,pro_learned_v5,bot_slippery
2026-07-27 01:51:44,0,37.8,0,1,6,2,4,3,3,4,0.98,4,0.82,27.8,0.0,0.0,2.7,1.0,2.9,2.3,pro_learned_v5,bot_rookie
2026-07-27 01:51:47,1,14.6,1,0,7,3,4,2,1,0,0.00,2,2.19,5.5,0.0,0.0,2.2,1.8,1.3,2.9,pro_learned_v5,bot_rusher
2026-07-27 01:51:50,0,20.0,0,3,5,0,9,3,1,1,0.90,6,0.61,12.0,0.0,0.0,1.0,2.6,1.3,3.1,pro_learned_v5,bot_slippery
2026-07-27 01:51:53,0,12.2,0,2,4,1,6,3,2,2,1.24,2,1.00,4.9,0.0,0.0,1.3,1.6,1.6,2.3,pro_learned_v5,bot_rookie
2026-07-27 01:51:57,0,22.7,0,2,11,1,11,3,2,2,0.79,5,1.17,7.4,0.0,0.0,4.7,3.6,2.6,3.9,pro_learned_v5,bot_camper
2026-07-27 01:52:01,0,22.3,0,1,11,2,7,3,3,4,1.07,7,0.67,7.5,0.0,0.0,4.2,2.6,3.9,3.1,pro_learned_v5,bot_slippery
2026-07-27 01:52:06,0,29.8,0,3,4,0,4,3,0,0,0.00,4,0.75,24.2,0.0,0.0,1.0,1.5,0.0,3.1,pro_learned_v5,bot_camper
2026-07-27 01:52:10,0,22.7,0,1,13,2,6,3,3,4,1.35,4,1.01,8.6,0.0,0.0,3.6,2.4,3.9,3.1,pro_learned_v5,bot_slippery
2026-07-27 01:52:13,0,21.4,0,2,11,1,12,3,2,3,1.15,6,0.70,6.0,0.0,0.0,4.0,4.9,2.6,3.4,pro_learned_v5,bot_rookie
2026-07-27 01:52:18,0,31.5,0,1,21,2,11,3,4,3,0.68,3,2.01,11.7,0.0,0.0,5.5,5.2,4.0,4.2,pro_learned_v5,bot_standard
2026-07-27 01:52:21,0,11.2,0,3,6,0,4,3,2,2,1.58,3,0.73,3.1,0.0,0.0,1.6,1.0,2.6,2.9,pro_learned_v5,bot_standard
2026-07-27 01:52:24,0,13.7,0,3,2,0,4,3,2,1,1.98,2,1.53,5.7,0.0,0.0,1.6,1.0,2.6,2.9,pro_learned_v5,bot_slippery
2026-07-27 01:52:27,0,15.1,0,3,4,0,5,3,2,3,0.51,2,1.43,7.5,0.0,0.0,1.8,1.3,1.6,2.9,pro_learned_v5,bot_standard
2026-07-27 01:52:29,1,11.9,2,0,10,3,6,1,1,1,1.02,1,1.56,4.2,0.0,0.0,1.8,2.1,1.3,1.6,pro_learned_v5,bot_standard
2026-07-27 01:52:31,1,9.8,2,0,4,3,1,1,0,0,0.00,1,0.50,6.2,0.0,0.0,1.5,0.3,0.0,0.8,pro_learned_v5,bot_rusher
2026-07-27 01:52:35,0,18.8,0,2,3,1,5,3,1,1,0.90,5,0.70,10.4,0.0,0.0,2.3,1.1,1.3,3.1,pro_learned_v5,bot_camper
2026-07-27 01:52:37,0,11.3,0,2,3,1,3,3,0,0,0.00,4,1.19,5.2,0.0,0.0,1.7,0.8,0.0,3.1,pro_learned_v5,bot_standard
2026-07-27 01:52:40,1,13.6,1,0,9,3,5,2,1,1,0.94,4,0.57,4.4,0.5,0.0,1.8,1.4,1.3,3.1,pro_learned_v5,bot_rusher
2026-07-27 01:52:43,0,12.6,0,1,5,2,3,3,0,0,0.00,2,1.50,7.3,0.0,0.0,1.0,0.6,0.0,3.1,pro_learned_v5,bot_rusher
2026-07-27 01:52:46,0,13.6,0,1,6,2,4,3,2,1,1.46,3,1.02,2.9,0.0,0.0,2.9,0.9,2.6,3.4,pro_optimized_v1,bot_rookie
2026-07-27 01:52:49,0,19.3,0,1,9,2,6,3,2,2,1.03,3,1.95,2.3,1.3,0.3,6.0,2.7,3.1,2.6,pro_optimized_v1,bot_camper
2026-07-27 01:52:53,0,17.9,0,2,11,1,9,3,1,0,0.00,4,0.58,5.7,0.0,0.0,1.3,6.0,1.6,2.9,pro_optimized_v1,bot_slippery
2026-07-27 01:52:57,0,24.8,0,3,13,0,8,3,2,0,0.00,8,1.03,2.9,1.6,0.5,5.2,3.5,2.9,8.3,pro_optimized_v1,bot_rookie
2026-07-27 01:53:00,1,18.3,1,0,11,3,4,2,1,1,1.24,6,0.71,4.9,0.8,0.5,3.6,1.3,1.6,4.5,pro_optimized_v1,bot_standard
2026-07-27 01:53:05,0,26.7,0,2,13,1,9,3,4,6,0.90,5,0.91,2.1,0.3,0.0,6.0,3.4,5.7,8.8,pro_optimized_v1,bot_rookie
2026-07-27 01:53:09,1,26.8,1,0,15,3,8,2,0,0,0.00,12,0.93,4.9,0.5,0.0,3.9,4.5,0.0,12.0,pro_optimized_v1,bot_slippery
2026-07-27 01:53:12,0,12.0,0,3,5,0,4,3,1,1,2.92,1,1.10,3.9,0.5,0.0,1.6,1.6,1.3,3.1,pro_optimized_v1,bot_rookie
2026-07-27 01:53:15,0,15.3,0,2,5,1,5,3,2,3,1.01,4,1.07,1.8,0.5,0.0,4.2,2.1,3.4,2.9,pro_optimized_v1,bot_camper
2026-07-27 01:53:17,0,13.8,0,2,8,1,3,3,1,1,1.42,6,0.42,2.1,2.9,0.8,1.1,1.3,2.1,3.1,pro_optimized_v1,bot_rookie
2026-07-27 01:53:20,0,10.1,0,3,2,0,4,3,0,0,0.00,3,1.05,4.4,0.0,0.0,1.3,1.3,0.0,3.1,pro_optimized_v1,bot_slippery
2026-07-27 01:53:23,0,18.3,0,3,4,0,5,3,1,1,0.74,3,1.36,6.0,0.5,0.0,5.5,1.9,1.3,3.1,pro_optimized_v1,bot_standard
2026-07-27 01:53:28,1,28.3,1,0,13,3,2,2,1,0,0.00,10,0.65,13.0,0.0,0.0,0.5,1.0,1.3,11.4,pro_optimized_v1,bot_rusher
2026-07-27 01:53:31,0,18.4,0,2,5,1,3,3,0,0,0.00,2,1.41,9.6,1.6,0.0,1.6,0.8,0.0,4.4,pro_optimized_v1,bot_rusher
2026-07-27 01:53:35,0,22.0,0,3,6,0,7,3,1,0,0.00,8,0.80,3.6,0.8,0.5,4.9,2.9,1.3,8.0,pro_optimized_v1,bot_camper
2026-07-27 01:53:39,0,26.6,0,1,17,2,5,3,1,1,1.42,14,0.59,3.9,0.0,1.0,2.9,1.7,1.3,14.8,pro_optimized_v1,bot_rusher
2026-07-27 01:53:42,0,8.3,0,3,3,0,3,3,1,1,2.88,0,0.00,2.9,0.5,0.0,0.3,1.0,1.3,2.3,pro_optimized_v1,bot_rusher
2026-07-27 01:53:45,1,18.2,1,0,9,3,5,2,2,1,1.96,2,0.99,1.6,0.8,0.0,3.4,1.6,7.3,2.6,pro_optimized_v1,bot_rusher
2026-07-27 01:53:48,1,13.0,1,0,7,3,4,2,2,2,1.76,3,0.79,3.6,0.0,0.0,1.8,1.1,2.6,2.9,pro_optimized_v1,bot_standard
2026-07-27 01:53:50,0,13.4,0,2,5,1,4,3,1,2,0.67,3,0.83,5.7,0.0,0.0,1.8,1.0,1.3,3.1,pro_optimized_v1,bot_rookie
2026-07-27 01:53:55,0,26.9,0,2,4,1,4,3,1,0,0.00,4,0.68,19.5,0.3,0.0,1.0,1.7,1.3,2.6,pro_optimized_v1,bot_rookie
2026-07-27 01:53:58,0,16.1,0,1,7,2,5,3,2,2,0.97,4,0.75,5.5,0.0,0.3,1.8,1.9,2.6,3.1,pro_optimized_v1,bot_rusher
2026-07-27 01:54:00,0,12.8,0,2,7,1,4,3,2,2,0.84,3,0.45,3.9,0.0,0.0,1.0,1.4,2.6,3.4,pro_optimized_v1,bot_slippery
2026-07-27 01:54:03,0,9.3,0,3,2,0,3,3,0,0,0.00,2,0.77,3.9,0.0,0.8,0.0,1.5,0.0,3.1,pro_optimized_v1,bot_rookie
2026-07-27 01:54:09,0,41.1,0,1,8,2,6,3,2,0,0.00,3,1.93,27.0,0.3,0.3,4.4,2.1,2.6,3.4,pro_optimized_v1,bot_standard
2026-07-27 01:54:12,0,17.7,0,2,2,1,3,3,1,0,0.00,4,0.40,11.4,0.0,0.0,0.3,1.3,1.3,2.9,pro_optimized_v1,bot_camper
2026-07-27 01:54:15,0,14.1,0,2,6,1,5,3,0,0,0.00,5,1.16,2.1,0.3,0.0,6.8,1.4,0.0,3.1,pro_optimized_v1,bot_standard
2026-07-27 01:54:18,0,14.2,0,2,2,1,4,3,2,2,2.07,1,2.12,4.4,1.3,0.5,0.5,1.5,2.6,2.9,pro_optimized_v1,bot_standard
2026-07-27 01:54:21,1,15.8,1,0,8,3,5,2,1,1,2.68,4,0.54,4.7,0.5,0.0,2.1,3.1,1.3,3.1,pro_optimized_v1,bot_slippery
2026-07-27 01:54:23,0,9.2,0,3,3,0,3,3,0,0,0.00,4,0.50,3.4,0.0,1.0,0.5,1.4,0.0,2.9,pro_optimized_v1,bot_camper
2026-07-27 01:54:27,0,16.2,0,1,7,2,5,3,2,0,0.00,4,1.10,5.2,0.0,0.0,3.1,1.2,2.6,3.1,pro_learned_v5,bot_rookie
2026-07-27 01:54:31,0,22.9,0,1,12,2,9,3,1,0,0.00,4,1.10,13.0,0.0,0.0,0.8,3.0,1.3,3.9,pro_learned_v5,bot_rusher
2026-07-27 01:54:34,0,20.5,0,2,9,1,10,3,3,2,2.72,3,0.59,5.5,0.0,0.0,3.1,3.6,3.9,3.9,pro_learned_v5,bot_rookie
2026-07-27 01:54:37,1,12.1,2,0,8,3,4,1,1,1,1.34,1,0.34,7.5,0.0,0.0,0.3,1.0,1.3,1.0,pro_learned_v5,bot_rusher
2026-07-27 01:54:41,0,21.6,0,2,11,1,9,3,3,2,0.69,7,0.59,7.8,0.0,0.0,3.6,2.9,3.9,2.9,pro_learned_v5,bot_slippery
2026-07-27 01:54:44,0,21.0,0,2,8,1,5,3,2,3,0.91,4,0.59,12.0,0.0,0.0,0.8,2.0,2.6,3.1,pro_learned_v5,bot_standard
2026-07-27 01:54:46,1,8.3,2,0,4,3,2,1,0,0,0.00,1,0.70,4.9,0.0,0.0,0.3,0.5,0.0,1.5,pro_learned_v5,bot_rusher
2026-07-27 01:54:49,0,14.6,0,1,8,2,5,3,1,0,0.00,3,0.99,6.5,0.0,0.0,1.0,1.2,1.3,3.6,pro_learned_v5,bot_rusher
2026-07-27 01:54:54,0,24.4,0,3,6,0,4,3,1,0,0.00,4,0.82,17.2,0.0,0.0,1.8,1.0,1.3,3.1,pro_learned_v5,bot_rookie
2026-07-27 01:54:56,1,15.1,1,0,11,3,5,2,1,0,0.00,6,0.92,2.6,0.3,0.0,5.7,1.7,1.3,2.6,pro_learned_v5,bot_slippery
2026-07-27 01:55:00,0,23.4,0,3,4,0,3,3,2,1,2.96,3,1.43,13.6,0.0,0.0,3.4,0.8,2.6,3.1,pro_learned_v5,bot_camper
2026-07-27 01:55:04,1,19.4,1,0,9,3,6,2,1,0,0.00,6,0.94,8.3,0.0,0.0,3.3,2.6,1.3,2.9,pro_learned_v5,bot_rookie
2026-07-27 01:55:07,0,14.0,0,1,6,2,4,3,1,1,2.94,4,1.06,5.2,0.0,0.0,2.6,1.3,1.3,2.6,pro_learned_v5,bot_slippery
2026-07-27 01:55:10,0,15.3,0,2,5,1,4,3,2,3,1.55,2,0.60,6.2,0.0,0.0,1.6,1.6,2.6,2.9,pro_learned_v5,bot_slippery
2026-07-27 01:55:14,0,21.5,0,1,12,2,7,3,2,2,0.89,7,0.85,8.6,0.0,0.0,3.9,2.3,2.6,3.1,pro_learned_v5,bot_standard
2026-07-27 01:55:17,0,15.7,0,1,6,2,4,3,3,3,2.25,2,0.59,3.9,0.0,0.0,3.9,0.9,2.9,3.1,pro_learned_v5,bot_rusher
2026-07-27 01:55:19,1,14.2,2,0,10,3,5,1,1,1,0.72,2,0.41,7.5,0.0,0.0,0.8,2.3,1.0,1.6,pro_learned_v5,bot_camper
2026-07-27 01:55:22,0,15.9,0,2,7,1,6,3,2,1,1.78,3,0.87,6.2,0.5,0.0,1.4,2.1,2.6,2.6,pro_learned_v5,bot_standard
2026-07-27 01:55:25,0,12.5,0,3,7,0,3,3,1,2,0.58,4,0.61,5.2,0.0,0.0,2.3,0.8,1.3,2.9,pro_learned_v5,bot_standard
2026-07-27 01:55:27,0,10.0,0,3,3,0,4,3,0,0,0.00,4,0.64,5.2,0.0,0.0,0.8,0.9,0.0,3.1,pro_learned_v5,bot_camper
2026-07-27 01:55:30,1,10.0,2,0,6,3,1,1,2,1,0.66,2,0.99,3.6,0.0,0.0,1.4,0.3,2.6,1.0,pro_learned_v5,bot_rookie
2026-07-27 01:55:33,0,15.1,0,3,3,0,5,3,2,2,0.81,3,0.83,7.3,0.0,0.0,0.5,1.5,2.6,3.1,pro_learned_v5,bot_slippery
2026-07-27 01:55:35,0,12.0,0,2,5,1,4,3,1,0,0.00,3,1.87,5.7,0.0,0.0,1.6,1.0,0.1,3.1,pro_learned_v5,bot_slippery
2026-07-27 01:55:38,0,9.8,0,2,4,1,3,3,1,1,1.78,1,1.80,3.4,0.0,0.0,1.3,0.9,1.3,2.9,pro_learned_v5,bot_rookie
2026-07-27 01:55:41,0,15.4,0,2,8,1,7,3,2,3,1.69,3,0.47,2.6,0.3,0.0,3.7,2.9,2.6,2.9,pro_learned_v5,bot_slippery
2026-07-27 01:55:43,0,8.8,0,3,4,0,3,3,1,0,0.00,3,0.89,2.9,0.0,0.0,1.0,1.0,1.3,2.6,pro_learned_v5,bot_rookie
2026-07-27 01:55:46,1,15.1,2,0,11,3,6,1,2,1,1.80,1,0.62,6.0,0.0,0.0,2.1,2.3,2.6,1.0,pro_learned_v5,bot_standard
2026-07-27 01:55:50,1,24.1,1,0,13,3,9,2,1,1,0.88,7,0.92,10.1,0.0,0.0,6.2,2.3,1.3,3.1,pro_learned_v5,bot_rookie
2026-07-27 01:55:54,1,22.8,1,0,11,3,7,2,2,2,1.64,7,0.84,5.2,1.3,0.0,1.8,2.0,2.6,8.8,pro_learned_v5,bot_slippery
2026-07-27 01:55:56,1,11.1,1,0,8,3,4,2,1,0,0.00,2,0.76,4.2,0.0,0.0,0.7,1.3,1.3,2.6,pro_learned_v5,bot_rusher
2026-07-27 01:56:00,0,12.6,0,1,8,2,5,3,2,3,0.57,2,0.77,3.6,0.0,0.0,0.5,2.2,2.9,2.9,pro_optimized_v1,bot_rusher
2026-07-27 01:56:03,1,13.9,3,0,7,3,4,0,1,1,0.92,5,0.68,2.9,0.3,0.0,2.9,1.6,1.3,4.1,pro_optimized_v1,bot_standard
2026-07-27 01:56:06,0,16.4,0,3,10,0,5,3,1,2,0.26,5,1.07,2.1,1.6,0.8,2.1,2.1,1.3,6.5,pro_optimized_v1,bot_rookie
2026-07-27 01:56:09,1,18.5,1,0,14,3,7,2,2,1,0.46,4,0.40,3.4,0.5,0.3,1.6,3.9,3.6,4.3,pro_optimized_v1,bot_rusher
2026-07-27 01:56:13,0,23.0,0,2,3,1,3,3,0,0,0.00,3,3.29,13.5,0.3,0.5,4.7,0.7,0.0,2.9,pro_optimized_v1,bot_standard
2026-07-27 01:56:17,0,21.7,0,2,3,1,6,3,2,2,0.77,3,0.41,9.9,0.3,0.0,1.6,2.5,3.9,3.1,pro_optimized_v1,bot_camper
2026-07-27 01:56:22,1,31.2,2,0,10,3,5,1,1,1,0.76,5,0.74,19.5,0.0,0.0,2.3,3.1,0.8,4.4,pro_optimized_v1,bot_rusher
2026-07-27 01:56:25,0,15.1,0,1,8,2,3,3,1,1,0.36,2,2.65,5.5,1.0,0.0,2.1,0.9,1.3,3.4,pro_optimized_v1,bot_rusher
2026-07-27 01:56:28,1,16.1,2,0,5,3,2,1,2,1,1.46,3,0.55,7.3,0.0,0.8,1.0,1.0,1.9,3.1,pro_optimized_v1,bot_rookie
2026-07-27 01:56:31,0,12.8,0,1,9,2,5,3,2,2,1.33,4,0.72,2.6,0.5,0.0,1.3,1.6,2.9,2.9,pro_optimized_v1,bot_slippery
2026-07-27 01:56:33,0,12.3,0,2,4,1,3,3,1,1,4.02,2,1.04,3.1,0.0,0.3,2.9,1.1,1.3,3.1,pro_optimized_v1,bot_rookie
2026-07-27 01:56:36,0,14.8,0,3,5,0,7,3,2,0,0.00,3,1.60,0.3,0.3,0.0,4.7,3.6,2.6,3.4,pro_optimized_v1,bot_rookie
2026-07-27 01:56:39,1,14.4,2,0,7,3,3,1,2,2,0.98,3,1.18,2.9,0.5,0.0,4.7,1.8,2.0,1.6,pro_optimized_v1,bot_camper
2026-07-27 01:56:44,0,27.8,0,1,4,2,3,3,1,1,1.44,5,1.88,15.1,0.3,0.3,7.0,0.5,1.3,2.6,pro_optimized_v1,bot_camper
2026-07-27 01:56:48,0,25.5,0,3,8,0,6,3,2,1,1.82,3,1.41,14.6,0.0,0.3,3.1,2.4,3.1,2.1,pro_optimized_v1,bot_slippery
2026-07-27 01:56:51,0,20.4,0,1,9,2,6,3,2,2,0.73,6,1.13,2.9,0.5,0.0,7.8,1.8,3.1,3.4,pro_optimized_v1,bot_standard
2026-07-27 01:56:54,0,9.4,0,1,5,2,3,3,1,1,1.36,2,0.44,3.4,0.0,0.0,0.8,0.6,1.3,2.3,pro_optimized_v1,bot_rusher
2026-07-27 01:56:57,0,17.1,0,2,3,1,3,3,1,2,0.96,3,0.55,9.4,0.3,0.8,1.3,0.7,1.3,2.9,pro_optimized_v1,bot_camper
2026-07-27 01:57:01,0,20.8,0,1,8,2,6,3,0,0,0.00,8,1.14,3.4,0.0,0.0,4.2,2.1,0.0,10.1,pro_optimized_v1,bot_rookie
2026-07-27 01:57:04,0,17.1,0,3,5,0,3,3,1,1,0.62,6,0.69,6.8,0.0,0.0,2.9,1.0,1.3,5.2,pro_optimized_v1,bot_camper
2026-07-27 01:57:06,0,12.0,0,1,9,2,4,3,2,1,1.18,4,0.86,2.6,0.5,0.0,1.0,1.3,1.6,3.9,pro_optimized_v1,bot_rusher
2026-07-27 01:57:11,0,30.4,0,1,4,2,4,3,2,1,0.22,4,0.75,20.8,0.0,0.5,1.8,1.3,2.6,2.3,pro_optimized_v1,bot_camper
2026-07-27 01:57:16,1,26.8,2,0,8,3,5,1,1,1,1.28,2,0.98,15.3,0.0,0.3,0.0,3.4,0.8,6.0,pro_optimized_v1,bot_slippery
2026-07-27 01:57:19,0,16.9,0,3,6,0,7,3,3,1,2.08,2,0.28,3.9,0.3,0.0,1.0,3.6,4.9,3.1,pro_optimized_v1,bot_rookie
2026-07-27 01:57:22,0,17.3,0,1,10,2,10,3,3,3,0.72,5,0.82,1.0,0.0,0.0,2.6,4.6,3.9,4.2,pro_optimized_v1,bot_camper
2026-07-27 01:57:25,0,12.7,0,3,3,0,3,3,1,1,0.92,5,0.57,3.4,0.0,0.0,2.6,0.7,1.8,4.2,pro_optimized_v1,bot_camper
2026-07-27 01:57:28,0,17.9,0,3,8,0,5,3,1,1,0.56,5,1.64,4.7,0.0,0.0,6.8,1.8,1.3,3.4,pro_optimized_v1,bot_rookie
2026-07-27 01:57:31,0,13.5,0,3,7,0,4,3,2,3,1.02,3,0.33,2.9,0.3,0.3,2.3,1.3,3.1,3.4,pro_optimized_v1,bot_rusher
2026-07-27 01:57:33,0,11.8,0,3,5,0,4,3,0,0,0.00,5,0.78,2.9,0.3,0.0,3.1,1.1,0.0,4.4,pro_optimized_v1,bot_standard
2026-07-27 01:57:37,0,18.7,0,3,4,0,4,3,2,0,0.00,4,0.80,5.7,0.3,0.5,4.2,1.8,2.6,3.6,pro_optimized_v1,bot_camper
2026-07-27 01:57:41,0,20.5,0,3,9,0,7,3,3,4,0.86,4,0.98,9.1,0.0,0.0,2.6,2.1,3.9,2.9,pro_learned_v5,bot_slippery
2026-07-27 01:57:44,0,13.3,0,3,6,0,8,3,1,1,0.68,4,0.77,5.0,0.5,0.0,0.5,2.9,1.3,3.1,pro_learned_v5,bot_slippery
2026-07-27 01:57:47,1,15.8,1,0,10,3,5,2,3,2,1.10,3,1.32,4.2,0.0,0.0,2.6,1.0,3.9,3.1,pro_learned_v5,bot_standard
2026-07-27 01:57:50,0,15.0,0,2,4,1,7,3,2,2,1.13,3,0.37,5.7,0.0,0.0,1.3,1.8,2.6,3.1,pro_learned_v5,bot_rookie
2026-07-27 01:57:52,0,12.6,0,1,7,2,4,3,1,1,0.48,4,0.66,6.0,0.0,0.0,0.8,0.8,1.3,3.1,pro_learned_v5,bot_rusher
2026-07-27 01:57:56,0,23.3,0,1,8,2,5,3,1,1,0.52,4,1.13,13.3,0.0,0.0,2.3,2.3,1.3,3.1,pro_learned_v5,bot_rookie
2026-07-27 01:58:00,1,20.4,1,0,12,3,6,2,1,1,0.78,7,0.57,10.7,0.0,0.0,2.8,1.6,1.3,3.1,pro_learned_v5,bot_rusher
2026-07-27 01:58:03,0,16.3,0,3,5,0,5,3,2,1,1.86,2,0.72,7.8,0.0,0.0,1.3,1.5,2.6,3.1,pro_learned_v5,bot_standard
2026-07-27 01:58:06,0,14.5,0,2,7,1,5,3,2,1,0.36,3,0.95,6.2,0.0,0.0,0.8,1.3,2.6,3.1,pro_learned_v5,bot_rusher
2026-07-27 01:58:09,0,19.2,0,2,11,1,8,3,1,1,1.18,6,0.73,7.5,0.0,0.0,4.2,2.6,1.3,3.1,pro_learned_v5,bot_camper
2026-07-27 01:58:12,0,13.7,0,3,3,0,4,3,3,1,2.70,1,1.96,5.2,0.0,0.0,1.3,1.3,2.9,3.1,pro_learned_v5,bot_standard
2026-07-27 01:58:15,1,11.6,2,0,7,3,2,1,1,1,0.60,1,0.68,7.8,0.0,0.0,0.5,0.8,0.8,0.8,pro_learned_v5,bot_slippery
2026-07-27 01:58:17,0,11.6,0,1,7,2,3,3,1,1,1.48,3,0.90,3.4,0.0,0.0,2.1,0.7,1.3,3.1,pro_learned_v5,bot_rusher
2026-07-27 01:58:22,0,25.7,0,2,15,1,9,3,3,3,0.70,5,0.50,9.9,0.0,0.0,5.0,3.4,3.9,3.1,pro_learned_v5,bot_rookie
2026-07-27 01:58:25,0,22.1,0,2,5,1,5,3,2,1,2.04,3,1.05,10.9,0.0,0.0,3.4,1.6,2.6,3.1,pro_learned_v5,bot_camper
2026-07-27 01:58:28,0,9.0,0,2,3,1,4,3,1,0,0.00,3,0.85,2.3,0.0,0.0,1.3,1.2,1.3,2.9,pro_learned_v5,bot_rusher
2026-07-27 01:58:42,0,11.0,0,3,4,0,4,3,0,0,0.00,4,0.71,6.0,0.0,0.0,0.5,1.4,0.0,3.1,pro_learned_v5,bot_rusher
2026-07-27 01:58:45,0,21.3,0,2,11,1,11,3,2,2,1.58,5,0.82,6.2,0.0,0.0,4.4,4.4,2.6,3.1,pro_learned_v5,bot_rookie
2026-07-27 01:58:48,1,15.0,1,0,8,3,4,2,2,2,1.59,2,0.56,6.2,0.0,0.0,0.8,1.6,2.6,2.9,pro_learned_v5,bot_rusher
2026-07-27 01:58:50,1,9.5,2,0,5,3,2,1,1,1,1.36,1,0.82,4.9,0.0,0.0,0.8,0.5,1.3,1.0,pro_learned_v5,bot_rookie
2026-07-27 01:58:55,0,24.4,0,3,2,0,4,3,1,2,0.41,4,0.76,17.9,0.0,0.0,1.6,1.0,1.3,2.6,pro_learned_v5,bot_rookie
2026-07-27 01:59:00,1,36.1,2,0,15,3,8,1,2,2,1.24,5,0.62,22.9,0.0,0.0,5.7,2.3,2.6,1.6,pro_learned_v5,bot_standard
2026-07-27 01:59:03,0,15.7,0,1,4,2,4,3,1,1,7.80,1,2.84,4.9,1.0,0.0,3.6,1.0,1.3,2.9,pro_learned_v5,bot_camper
2026-07-27 01:59:06,1,14.1,2,0,6,3,6,1,2,1,1.50,4,0.90,3.6,0.5,0.0,2.6,2.2,2.6,1.6,pro_learned_v5,bot_slippery
2026-07-27 01:59:10,0,25.0,0,1,13,2,10,3,2,2,1.25,8,0.56,12.5,0.0,0.0,3.4,2.9,2.6,2.6,pro_learned_v5,bot_rookie
2026-07-27 01:59:13,0,9.9,0,2,3,1,4,3,0,0,0.00,4,0.79,4.7,0.0,0.0,1.0,0.8,0.0,2.9,pro_learned_v5,bot_standard
2026-07-27 01:59:18,1,32.0,1,0,17,3,10,2,4,4,0.85,9,0.58,13.3,0.0,0.0,6.2,3.7,5.2,2.6,pro_learned_v5,bot_standard
2026-07-27 01:59:21,0,15.0,0,2,4,1,4,3,1,1,1.16,3,0.59,8.6,0.0,0.0,0.5,1.3,1.3,2.9,pro_learned_v5,bot_slippery
2026-07-27 01:59:23,0,12.2,0,1,3,2,4,3,1,2,0.74,3,0.87,3.9,0.0,0.0,2.3,1.0,1.3,2.6,pro_learned_v5,bot_camper
2026-07-27 01:59:26,0,11.9,0,1,5,2,3,3,0,0,0.00,2,2.18,1.0,0.3,0.0,5.2,0.8,0.0,3.6,pro_optimized_v1,bot_rusher
2026-07-27 01:59:30,0,23.1,0,1,14,2,8,3,2,2,0.49,10,0.82,1.6,2.1,0.0,3.9,3.9,2.6,8.1,pro_optimized_v1,bot_camper
2026-07-27 01:59:34,0,20.5,0,1,7,2,3,3,0,0,0.00,4,2.31,5.5,0.5,0.0,4.9,0.8,0.0,7.8,pro_optimized_v1,bot_rookie
2026-07-27 01:59:38,0,23.4,0,2,8,1,5,3,2,3,1.36,3,0.78,10.1,0.0,0.0,2.6,1.9,5.2,3.1,pro_optimized_v1,bot_rusher
2026-07-27 01:59:40,0,11.1,0,2,3,1,3,3,0,0,0.00,3,0.97,5.2,0.0,0.0,2.3,0.6,0.0,2.9,pro_optimized_v1,bot_rookie
2026-07-27 01:59:43,0,12.7,0,2,7,1,3,3,1,1,1.30,3,1.00,3.9,0.3,0.5,2.6,0.8,1.3,2.9,pro_optimized_v1,bot_camper
2026-07-27 01:59:45,0,11.0,0,1,7,2,5,3,1,1,0.46,3,1.09,1.6,1.6,0.0,0.8,1.7,1.3,3.1,pro_optimized_v1,bot_rusher
2026-07-27 01:59:49,0,23.6,0,2,8,1,8,3,1,1,2.24,7,0.82,3.9,0.5,0.8,1.3,4.1,1.3,11.2,pro_optimized_v1,bot_standard
2026-07-27 01:59:52,0,12.6,0,1,4,2,4,3,1,2,0.93,3,0.83,2.9,0.5,0.5,0.9,2.3,1.3,3.1,pro_optimized_v1,bot_camper
2026-07-27 01:59:54,0,8.9,0,3,0,0,4,3,0,0,0.00,3,0.79,3.6,0.0,0.0,1.0,1.1,0.0,3.1,pro_optimized_v1,bot_camper
2026-07-27 01:59:57,0,16.3,0,1,4,2,3,3,2,1,0.26,5,1.03,5.2,0.0,0.5,3.6,0.8,2.6,2.6,pro_optimized_v1,bot_camper
2026-07-27 02:00:03,0,35.5,0,3,16,0,13,3,4,3,2.03,15,0.45,3.1,1.6,0.0,3.9,7.2,5.2,14.6,pro_optimized_v1,bot_rookie
2026-07-27 02:00:07,0,24.1,0,1,9,2,8,3,3,3,1.52,8,0.50,6.0,0.3,0.0,0.8,3.6,3.9,8.6,pro_optimized_v1,bot_standard
2026-07-27 02:00:09,0,10.5,0,1,5,2,3,3,1,1,1.16,3,0.51,4.7,0.0,0.0,0.3,0.6,1.3,2.6,pro_optimized_v1,bot_slippery
2026-07-27 02:00:12,0,13.1,0,2,3,1,5,3,2,2,0.50,4,0.64,3.4,0.3,0.0,1.8,1.7,2.6,3.1,pro_optimized_v1,bot_camper
2026-07-27 02:00:15,0,15.6,0,1,5,2,3,3,2,2,1.82,3,0.36,5.5,0.5,0.3,2.1,0.8,2.6,2.9,pro_optimized_v1,bot_standard
2026-07-27 02:00:18,0,14.1,0,3,7,0,4,3,1,2,1.27,4,1.19,1.6,0.5,0.0,4.4,1.3,1.3,5.0,pro_optimized_v1,bot_rookie
2026-07-27 02:00:23,0,35.5,0,2,7,1,8,3,2,1,2.22,5,1.31,13.0,0.0,0.0,5.2,3.1,3.9,9.9,pro_optimized_v1,bot_slippery
2026-07-27 02:00:27,0,15.7,0,1,7,2,9,3,0,0,0.00,4,1.30,3.6,0.0,0.0,2.6,4.9,0.0,3.5,pro_optimized_v1,bot_slippery
2026-07-27 02:00:30,0,18.9,0,2,7,1,6,3,1,1,0.50,9,0.57,2.9,0.3,0.3,3.6,3.1,1.3,7.0,pro_optimized_v1,bot_slippery
2026-07-27 02:00:33,0,19.3,0,3,8,0,7,3,1,0,0.00,3,2.07,5.5,0.0,0.0,5.2,3.5,1.8,3.4,pro_optimized_v1,bot_rookie
2026-07-27 02:00:37,1,20.8,2,0,16,3,8,1,1,0,0.00,6,1.17,2.9,0.3,0.3,2.6,3.9,1.6,8.4,pro_optimized_v1,bot_rusher
2026-07-27 02:00:40,0,11.7,0,1,3,2,3,3,1,1,1.30,4,0.62,2.3,1.0,0.0,1.3,1.0,1.3,3.7,pro_optimized_v1,bot_standard
2026-07-27 02:00:44,1,23.8,2,0,13,3,7,1,0,0,0.00,4,0.76,9.6,1.6,0.3,0.0,5.2,0.0,6.2,pro_optimized_v1,bot_slippery
2026-07-27 02:00:48,1,28.0,1,0,14,3,8,2,2,1,2.00,16,0.59,3.4,0.8,0.0,3.9,2.1,2.9,14.0,pro_optimized_v1,bot_slippery
2026-07-27 02:00:51,0,15.1,0,1,8,2,4,3,2,1,3.86,2,0.41,4.4,1.0,0.0,1.8,1.1,2.6,3.1,pro_optimized_v1,bot_rusher
2026-07-27 02:00:57,0,33.5,0,2,5,1,8,3,1,2,1.14,13,0.72,8.3,4.2,0.5,2.1,3.6,1.3,13.0,pro_optimized_v1,bot_camper
2026-07-27 02:00:59,0,11.4,0,2,3,1,3,3,1,1,0.24,2,1.97,3.1,0.0,1.0,1.6,0.5,1.3,3.4,pro_optimized_v1,bot_rookie
2026-07-27 02:01:02,0,15.6,0,1,5,2,4,3,1,0,0.00,7,0.65,3.6,0.0,1.0,2.1,1.0,1.6,5.2,pro_optimized_v1,bot_camper
2026-07-27 02:01:05,0,18.5,0,2,10,1,7,3,3,1,0.68,8,0.62,2.6,1.0,0.0,1.3,2.9,2.6,7.5,pro_optimized_v1,bot_rusher
2026-07-27 02:01:09,0,13.0,0,3,0,0,3,3,0,0,0.00,2,1.01,8.6,0.0,0.0,1.1,0.8,0.0,2.6,pro_learned_v5,bot_standard
2026-07-27 02:01:13,0,23.4,0,3,7,0,7,3,0,0,0.00,3,1.74,15.6,0.0,0.0,1.8,3.1,0.0,2.9,pro_learned_v5,bot_standard
2026-07-27 02:01:17,0,21.1,0,3,5,0,9,3,2,1,2.36,5,0.48,12.2,0.0,0.0,1.4,3.1,1.6,2.9,pro_learned_v5,bot_slippery
2026-07-27 02:01:20,0,20.3,0,2,5,1,7,3,2,3,0.81,4,0.79,9.1,0.0,0.0,2.9,2.4,2.6,2.9,pro_learned_v5,bot_rookie
2026-07-27 02:01:25,1,27.8,3,0,10,3,7,0,1,1,1.12,1,0.30,20.8,0.0,0.0,1.3,3.4,1.3,0.0,pro_learned_v5,bot_slippery
2026-07-27 02:01:28,0,13.3,0,3,4,0,3,3,1,0,0.00,4,0.97,6.8,0.0,0.0,1.6,0.8,1.3,2.9,pro_learned_v5,bot_rookie
2026-07-27 02:01:31,0,17.5,0,3,3,0,4,3,1,1,0.68,3,1.60,8.8,0.0,0.0,3.1,1.2,1.3,3.1,pro_learned_v5,bot_rookie
2026-07-27 02:01:34,0,13.9,0,2,7,1,6,3,1,2,0.67,4,1.16,4.2,0.0,0.0,2.6,2.3,1.3,3.1,pro_learned_v5,bot_slippery
2026-07-27 02:01:38,0,22.6,0,3,5,0,4,3,2,1,1.02,4,0.69,14.6,0.0,0.0,1.3,1.3,2.6,2.9,pro_learned_v5,bot_rookie
2026-07-27 02:01:41,0,16.4,0,1,8,2,5,3,1,0,0.00,4,0.81,8.1,0.0,0.0,1.3,1.4,1.3,3.4,pro_learned_v5,bot_rusher
2026-07-27 02:01:44,0,13.5,0,2,6,1,4,3,2,2,0.52,3,0.94,5.5,0.0,0.0,1.8,1.0,1.6,3.1,pro_learned_v5,bot_camper
2026-07-27 02:01:47,0,15.2,0,3,9,0,9,3,2,2,0.24,6,0.46,5.2,0.0,0.0,1.3,3.3,2.6,2.9,pro_learned_v5,bot_slippery
2026-07-27 02:01:50,1,17.4,1,0,8,3,4,2,2,3,1.15,4,0.62,7.0,0.0,0.0,2.9,0.8,2.6,3.1,pro_learned_v5,bot_rookie
2026-07-27 02:01:53,0,15.0,0,1,5,2,6,3,1,2,1.75,3,0.49,5.7,0.0,0.0,2.6,2.1,1.3,2.3,pro_learned_v5,bot_standard
2026-07-27 02:01:55,0,11.5,0,2,8,1,7,3,0,0,0.00,2,1.66,3.6,0.0,0.0,2.6,1.7,0.0,3.1,pro_learned_v5,bot_rusher
2026-07-27 02:01:58,1,15.6,1,0,10,3,7,2,1,0,0.00,3,1.47,6.5,0.0,0.0,1.8,1.9,1.3,3.1,pro_learned_v5,bot_rusher
2026-07-27 02:02:01,0,14.6,0,1,12,2,8,3,1,0,0.00,4,0.72,5.5,0.0,0.0,1.0,2.7,1.3,3.1,pro_learned_v5,bot_rusher
2026-07-27 02:02:04,0,15.2,0,2,4,1,5,3,1,2,1.08,2,1.21,7.3,0.0,0.0,1.8,1.2,1.3,3.1,pro_learned_v5,bot_standard
2026-07-27 02:02:07,0,11.0,0,3,3,0,3,3,1,1,3.52,1,1.04,4.7,0.0,0.0,1.0,0.8,1.3,3.1,pro_learned_v5,bot_camper
2026-07-27 02:02:11,1,23.2,2,0,6,3,6,1,1,1,0.98,1,0.86,17.2,0.0,0.0,0.5,2.2,1.3,1.0,pro_learned_v5,bot_rookie
2026-07-27 02:02:14,0,17.6,0,2,9,1,5,3,1,2,1.48,6,0.82,4.7,0.0,0.0,6.8,1.6,1.3,2.9,pro_learned_v5,bot_camper
2026-07-27 02:02:16,0,11.5,0,3,5,0,3,3,1,1,0.38,3,1.22,3.6,0.0,0.0,2.6,0.9,1.3,3.1,pro_learned_v5,bot_rookie
2026-07-27 02:02:19,0,15.3,0,2,7,1,6,3,2,1,0.64,5,0.66,5.7,0.0,0.0,1.3,2.1,2.6,3.1,pro_learned_v5,bot_slippery
2026-07-27 02:02:22,0,15.6,0,3,9,0,7,3,2,1,2.40,1,2.96,6.8,0.0,0.0,1.3,1.9,1.8,3.9,pro_learned_v5,bot_slippery
2026-07-27 02:02:26,0,17.1,0,1,5,2,4,3,2,3,0.93,3,0.63,8.1,0.0,0.0,2.1,1.3,1.6,3.1,pro_learned_v5,bot_camper
2026-07-27 02:02:28,0,13.7,0,1,10,2,5,3,2,1,2.20,1,3.42,4.9,0.0,0.0,1.8,1.8,1.6,2.6,pro_learned_v5,bot_camper
2026-07-27 02:02:31,1,14.9,2,0,10,3,3,1,2,2,1.24,1,2.20,6.4,0.0,0.0,2.3,1.0,2.6,1.6,pro_learned_v5,bot_standard
2026-07-27 02:02:35,0,20.5,0,3,3,0,4,3,0,0,0.00,2,1.61,15.6,0.0,0.0,0.8,1.0,0.0,3.1,pro_learned_v5,bot_rookie
2026-07-27 02:02:39,0,20.5,0,2,8,1,8,3,1,0,0.00,5,0.86,9.1,0.0,0.0,3.3,3.1,1.3,3.1,pro_learned_v5,bot_standard
2026-07-27 02:02:43,0,28.3,0,2,15,1,11,3,2,0,0.00,10,1.08,10.1,0.0,0.0,8.1,4.2,2.6,2.9,pro_learned_v5,bot_camper
2026-07-27 02:02:47,0,20.3,0,3,1,0,9,3,3,3,0.95,5,0.70,4.7,0.0,0.3,1.3,4.7,3.9,5.5,pro_optimized_v1,bot_camper
2026-07-27 02:02:50,1,15.5,1,0,7,3,4,2,1,1,2.74,3,0.53,5.5,0.0,0.0,2.3,2.3,1.3,3.1,pro_optimized_v1,bot_standard
2026-07-27 02:02:53,0,14.6,0,3,2,0,3,3,0,0,0.00,2,1.74,7.5,0.8,0.0,2.1,1.0,0.0,3.1,pro_optimized_v1,bot_slippery
2026-07-27 02:02:56,0,10.9,0,2,4,1,3,3,0,0,0.00,3,1.03,4.7,0.0,0.5,1.0,0.8,0.0,3.4,pro_optimized_v1,bot_standard
2026-07-27 02:02:58,0,11.8,0,3,2,0,4,3,1,1,0.58,3,0.67,5.2,0.0,0.0,0.8,1.1,1.3,3.4,pro_optimized_v1,bot_standard
2026-07-27 02:03:01,0,9.9,0,2,4,1,3,3,1,1,1.34,2,0.76,4.7,0.0,0.0,0.5,1.1,1.6,1.6,pro_optimized_v1,bot_slippery
2026-07-27 02:03:06,1,33.2,1,0,19,3,8,2,3,2,3.00,15,0.58,3.6,0.0,0.0,3.1,3.1,5.2,17.1,pro_optimized_v1,bot_rookie
2026-07-27 02:03:10,0,21.3,0,1,5,2,3,3,0,0,0.00,6,0.92,8.8,0.0,0.0,4.2,0.5,0.0,6.8,pro_optimized_v1,bot_standard
2026-07-27 02:03:13,1,14.5,1,0,8,3,3,2,0,0,0.00,8,0.53,4.2,0.0,0.0,1.0,0.8,0.0,7.5,pro_optimized_v1,bot_rusher
2026-07-27 02:03:15,1,14.5,1,0,7,3,4,2,2,2,0.48,3,0.97,4.4,0.0,0.0,0.5,1.8,3.6,3.1,pro_optimized_v1,bot_rusher
2026-07-27 02:03:18,0,13.0,0,2,5,1,3,3,1,1,1.50,4,0.77,4.7,0.5,0.0,1.8,1.3,1.3,2.9,pro_optimized_v1,bot_standard
2026-07-27 02:03:21,0,10.5,0,2,4,1,3,3,1,2,0.33,3,0.91,3.1,1.0,0.5,0.7,1.0,1.3,2.3,pro_optimized_v1,bot_rookie
2026-07-27 02:03:23,1,14.1,1,0,9,3,5,2,0,0,0.00,6,0.61,3.9,0.0,0.0,2.0,2.1,0.0,5.2,pro_optimized_v1,bot_rusher
2026-07-27 02:03:27,0,17.7,0,1,4,2,4,3,1,1,0.28,5,0.75,6.2,0.0,0.3,2.1,1.9,1.6,4.7,pro_optimized_v1,bot_rookie
2026-07-27 02:03:30,0,18.0,0,3,4,0,3,3,1,1,2.62,1,2.92,9.6,0.3,0.0,2.3,1.1,1.6,3.1,pro_optimized_v1,bot_rookie
2026-07-27 02:03:34,1,20.4,1,0,15,3,8,2,1,1,2.52,6,0.92,1.3,2.1,0.0,2.7,4.4,1.3,7.5,pro_optimized_v1,bot_slippery
2026-07-27 02:03:36,0,13.6,0,3,3,0,4,3,1,0,0.00,2,1.20,7.5,0.0,0.0,0.8,1.9,1.3,2.1,pro_optimized_v1,bot_standard
2026-07-27 02:03:39,1,14.8,3,0,9,3,5,0,2,2,1.79,1,0.84,0.8,3.4,0.0,0.0,3.4,2.6,3.6,pro_optimized_v1,bot_rookie
2026-07-27 02:03:42,0,11.7,0,3,2,0,3,3,1,0,0.00,6,0.35,4.9,0.0,0.0,1.1,1.3,1.3,3.1,pro_optimized_v1,bot_camper
2026-07-27 02:03:45,0,18.2,0,2,10,1,6,3,2,1,0.34,7,0.72,4.4,0.0,0.0,4.9,2.8,2.6,2.9,pro_optimized_v1,bot_rookie
2026-07-27 02:03:49,1,18.6,1,0,8,3,3,2,2,3,1.80,4,0.38,5.7,0.5,1.0,3.3,1.0,3.1,2.9,pro_optimized_v1,bot_camper
2026-07-27 02:03:52,0,21.1,0,2,2,1,4,3,1,1,1.72,4,0.45,10.9,0.0,0.5,1.6,1.3,2.3,3.9,pro_optimized_v1,bot_standard
2026-07-27 02:03:55,0,11.2,0,2,3,1,5,3,1,0,0.00,3,0.84,2.9,0.0,0.8,1.3,1.8,1.3,2.7,pro_optimized_v1,bot_rookie
2026-07-27 02:03:58,0,18.4,0,1,6,2,3,3,1,2,0.50,4,0.72,9.1,0.0,0.0,2.6,1.3,1.3,3.1,pro_optimized_v1,bot_camper
2026-07-27 02:04:02,0,20.1,0,2,2,1,3,3,1,0,0.00,1,0.92,14.0,0.5,0.5,0.8,0.6,1.3,1.8,pro_optimized_v1,bot_rusher
2026-07-27 02:04:06,1,22.8,3,0,14,3,6,0,0,0,0.00,13,0.62,4.4,0.0,0.0,1.0,2.3,0.0,14.1,pro_optimized_v1,bot_rookie
2026-07-27 02:04:09,1,14.6,2,0,8,3,7,1,1,1,1.16,4,0.47,2.9,0.0,0.3,1.6,4.2,1.3,3.5,pro_optimized_v1,bot_camper
2026-07-27 02:04:11,0,14.5,0,1,6,2,6,3,1,2,0.90,3,0.99,3.9,0.0,0.0,1.8,3.4,1.3,3.1,pro_optimized_v1,bot_camper
2026-07-27 02:04:14,0,8.2,0,3,5,0,4,3,0,0,0.00,3,0.89,0.5,0.0,0.0,3.1,1.5,0.0,3.1,pro_optimized_v1,bot_rusher
2026-07-27 02:04:17,1,15.4,1,0,8,3,3,2,0,0,0.00,5,0.91,3.1,0.0,0.0,4.2,1.6,0.0,5.5,pro_optimized_v1,bot_rusher
2026-07-27 02:04:21,0,19.9,0,3,1,0,4,3,1,0,0.00,5,0.42,13.4,0.0,0.0,1.0,1.0,1.3,3.1,pro_learned_v5,bot_camper
2026-07-27 02:04:24,0,17.6,0,3,3,0,10,3,3,2,1.93,3,0.43,4.6,1.0,0.0,2.3,2.9,3.9,2.9,pro_learned_v5,bot_camper
2026-07-27 02:04:26,0,10.2,0,3,1,0,4,3,0,0,0.00,4,0.85,4.2,0.0,0.0,1.8,1.3,0.0,2.9,pro_learned_v5,bot_camper
2026-07-27 02:04:28,1,8.9,2,0,5,3,1,1,2,1,0.30,1,1.50,4.2,0.0,0.0,0.5,0.3,1.7,1.3,pro_learned_v5,bot_rookie
2026-07-27 02:04:32,1,21.6,2,0,12,3,7,1,3,3,0.77,4,1.35,6.8,0.0,0.0,6.2,2.1,3.9,1.6,pro_learned_v5,bot_slippery
2026-07-27 02:04:35,0,14.2,0,2,9,1,9,3,2,1,3.64,3,0.32,4.9,0.0,0.0,1.3,2.8,1.6,3.1,pro_learned_v5,bot_slippery
2026-07-27 02:04:39,0,21.7,0,1,9,2,4,3,4,6,0.64,3,1.97,8.3,0.0,0.0,4.2,0.9,4.2,3.1,pro_learned_v5,bot_camper
2026-07-27 02:04:41,0,9.5,0,3,1,0,3,3,0,0,0.00,3,0.63,5.2,0.0,0.0,0.5,0.9,0.0,2.9,pro_learned_v5,bot_camper
2026-07-27 02:04:47,0,34.8,0,2,9,1,8,3,3,2,1.59,4,0.77,21.3,0.0,0.0,2.9,3.4,2.9,3.9,pro_learned_v5,bot_slippery
2026-07-27 02:04:50,1,22.4,2,0,14,3,10,1,3,3,1.27,6,0.69,6.5,0.0,0.0,6.2,3.4,3.9,1.3,pro_learned_v5,bot_rookie
2026-07-27 02:04:55,0,24.3,0,1,16,2,9,3,3,3,1.11,5,1.04,8.1,0.0,0.0,3.1,3.0,3.9,5.2,pro_learned_v5,bot_rookie
2026-07-27 02:04:58,0,16.6,0,2,6,1,8,3,2,1,0.84,3,0.80,6.2,0.0,0.0,1.1,3.1,2.6,3.1,pro_learned_v5,bot_slippery
2026-07-27 02:05:00,0,13.5,0,1,11,2,6,3,1,1,1.00,2,1.30,5.0,0.0,0.0,0.8,2.6,1.3,2.9,pro_learned_v5,bot_standard
2026-07-27 02:05:03,1,14.2,1,0,7,3,3,2,2,2,1.02,3,0.45,6.0,0.0,0.0,1.6,1.0,2.6,2.0,pro_learned_v5,bot_standard
2026-07-27 02:05:06,0,16.5,0,3,8,0,6,3,2,3,0.42,3,1.05,6.2,0.0,0.0,2.6,2.2,1.6,3.9,pro_learned_v5,bot_rookie
2026-07-27 02:05:09,0,15.7,0,2,8,1,7,3,2,3,1.35,3,0.53,5.3,0.0,0.0,0.8,3.4,2.6,3.1,pro_learned_v5,bot_camper
2026-07-27 02:05:12,0,15.3,0,3,4,0,8,3,2,2,1.48,2,1.15,5.7,0.0,0.0,1.3,2.6,2.6,3.1,pro_learned_v5,bot_camper
2026-07-27 02:05:15,1,9.6,2,0,3,3,3,1,1,1,0.98,2,0.56,4.4,0.0,0.0,1.3,0.5,1.3,1.0,pro_learned_v5,bot_camper
2026-07-27 02:05:17,0,8.2,0,3,0,0,3,3,0,0,0.00,3,0.71,1.6,0.5,0.0,1.9,1.0,0.0,3.1,pro_learned_v5,bot_camper
2026-07-27 02:05:19,1,12.3,3,0,6,3,4,0,1,1,1.56,2,0.68,7.3,0.0,0.0,1.8,0.9,1.3,0.0,pro_learned_v5,bot_standard
2026-07-27 02:05:23,0,16.4,0,2,7,1,5,3,2,1,1.16,3,1.12,6.5,0.0,0.0,2.3,1.6,2.6,2.9,pro_learned_v5,bot_rusher
2026-07-27 02:05:25,0,11.7,0,3,4,0,4,3,1,1,2.46,3,0.93,2.3,0.0,0.0,4.2,1.0,1.3,2.9,pro_learned_v5,bot_standard
2026-07-27 02:05:28,0,14.1,0,2,4,1,5,3,0,0,0.00,2,1.26,8.6,0.0,0.0,1.3,1.2,0.0,2.6,pro_learned_v5,bot_rusher
2026-07-27 02:05:31,0,14.3,0,2,5,1,3,3,2,3,0.73,4,1.13,5.2,0.0,0.0,2.1,0.8,2.6,3.1,pro_learned_v5,bot_camper
2026-07-27 02:05:34,0,20.0,0,2,14,1,8,3,1,1,0.40,6,0.87,7.5,1.0,0.0,3.7,2.9,1.3,3.1,pro_learned_v5,bot_standard
2026-07-27 02:05:38,0,21.2,0,2,11,1,8,3,2,2,1.76,4,1.53,8.3,0.0,0.0,4.9,2.2,2.6,2.6,pro_learned_v5,bot_rookie
2026-07-27 02:05:41,0,18.3,0,1,8,2,6,3,2,2,1.09,3,1.57,8.3,0.0,0.0,2.6,2.0,1.6,2.9,pro_learned_v5,bot_standard
2026-07-27 02:05:44,0,13.3,0,2,6,1,4,3,0,0,0.00,2,1.20,6.8,0.0,0.0,2.1,1.1,0.0,2.9,pro_learned_v5,bot_slippery
2026-07-27 02:05:48,0,21.9,0,2,13,1,6,3,2,1,0.86,4,0.62,11.8,0.8,0.0,1.3,2.3,2.6,2.6,pro_learned_v5,bot_standard
2026-07-27 02:05:51,0,13.1,0,2,6,1,6,3,1,0,0.00,4,0.98,3.6,0.0,0.0,2.1,2.5,1.3,3.1,pro_learned_v5,bot_rusher
2026-07-27 02:05:57,1,30.6,1,0,17,3,7,2,2,2,1.31,14,0.68,7.5,0.5,0.0,4.4,2.4,2.6,12.2,pro_optimized_v1,bot_standard
2026-07-27 02:06:00,1,16.2,1,0,5,3,5,2,1,1,0.76,8,0.51,3.9,0.0,0.0,2.3,2.6,1.3,5.1,pro_optimized_v1,bot_camper
2026-07-27 02:06:04,0,21.9,0,1,4,2,3,3,1,1,0.90,3,0.95,14.0,0.3,0.0,1.6,0.8,1.3,2.9,pro_optimized_v1,bot_standard
2026-07-27 02:06:06,0,12.8,0,2,3,1,4,3,1,1,2.64,3,0.47,4.9,0.0,0.0,2.3,0.9,1.6,2.6,pro_optimized_v1,bot_standard
2026-07-27 02:06:11,0,28.6,0,2,10,1,8,3,2,1,0.36,16,0.73,3.4,0.3,1.0,3.9,2.9,2.6,14.1,pro_optimized_v1,bot_camper
2026-07-27 02:06:13,1,11.7,1,0,7,3,4,2,1,1,1.40,5,0.46,3.4,0.0,0.0,1.8,0.8,1.3,3.4,pro_optimized_v1,bot_camper
2026-07-27 02:06:16,0,14.7,0,1,5,2,4,3,2,1,0.70,5,0.73,3.4,0.0,0.0,1.3,1.8,1.5,5.7,pro_optimized_v1,bot_standard
2026-07-27 02:06:19,1,15.1,3,0,9,3,4,0,0,0,0.00,7,0.82,2.3,0.8,0.3,3.9,1.9,0.0,4.9,pro_optimized_v1,bot_rookie
2026-07-27 02:06:22,0,10.1,0,2,7,1,3,3,1,0,0.00,4,1.09,2.3,1.6,0.0,2.1,0.8,0.0,2.9,pro_optimized_v1,bot_camper
2026-07-27 02:06:25,0,18.8,0,1,12,2,5,3,0,0,0.00,8,1.02,3.4,0.0,0.0,2.3,1.7,0.0,10.4,pro_optimized_v1,bot_rusher
2026-07-27 02:06:31,0,35.5,0,1,4,2,5,3,3,2,1.42,3,0.70,22.1,0.0,0.5,1.3,2.3,6.0,2.3,pro_optimized_v1,bot_camper
2026-07-27 02:06:34,0,16.6,0,2,4,1,4,3,1,2,0.32,4,0.54,3.9,0.0,0.0,7.0,1.6,1.3,2.3,pro_optimized_v1,bot_camper
2026-07-27 02:06:37,0,16.7,0,1,9,2,4,3,2,2,0.60,5,0.90,2.9,0.8,0.8,3.2,1.3,3.6,3.1,pro_optimized_v1,bot_standard
2026-07-27 02:06:40,0,17.4,0,1,6,2,4,3,2,4,1.03,3,1.59,1.3,1.8,0.0,4.4,1.1,2.6,5.2,pro_optimized_v1,bot_camper
2026-07-27 02:06:43,0,16.8,0,3,5,0,3,3,1,1,0.76,3,0.89,7.5,1.8,0.3,1.6,1.0,1.3,3.4,pro_optimized_v1,bot_rusher
2026-07-27 02:06:46,1,14.7,1,0,9,3,4,2,2,1,0.58,2,0.73,4.2,0.0,0.8,1.8,1.6,2.9,2.6,pro_optimized_v1,bot_rookie
2026-07-27 02:06:50,0,17.2,0,1,6,2,4,3,2,3,1.75,4,0.87,2.9,0.3,1.0,3.4,0.9,2.6,5.2,pro_optimized_v1,bot_standard
2026-07-27 02:06:55,0,34.2,0,1,10,2,6,3,3,1,1.36,3,1.69,17.9,0.5,0.0,4.9,2.3,4.4,3.1,pro_optimized_v1,bot_rusher
2026-07-27 02:06:59,1,25.6,1,0,7,3,4,2,1,2,0.64,6,0.59,13.5,1.8,0.0,3.8,1.8,1.3,2.3,pro_optimized_v1,bot_slippery
2026-07-27 02:07:04,0,28.5,0,1,13,2,5,3,1,1,0.50,9,0.95,4.7,0.3,0.0,3.9,2.5,3.4,12.7,pro_optimized_v1,bot_standard
2026-07-27 02:07:07,0,13.5,0,3,7,0,5,3,1,1,1.42,5,0.87,3.1,0.3,0.0,3.6,1.8,1.3,3.4,pro_optimized_v1,bot_rookie
2026-07-27 02:07:10,0,17.4,0,1,7,2,6,3,1,1,0.80,6,1.12,3.1,0.5,0.5,4.7,3.2,1.3,3.1,pro_optimized_v1,bot_rookie
2026-07-27 02:07:13,0,13.4,0,2,5,1,4,3,1,1,0.48,5,0.78,4.2,0.0,0.0,2.9,1.0,1.6,3.4,pro_optimized_v1,bot_rusher
2026-07-27 02:07:16,0,17.5,0,3,10,0,7,3,2,1,1.20,4,1.82,2.3,1.0,0.3,5.2,2.9,2.6,3.1,pro_optimized_v1,bot_rookie
2026-07-27 02:07:19,0,16.6,0,1,7,2,5,3,2,2,1.05,4,1.20,3.9,0.3,0.0,3.9,2.1,2.9,2.6,pro_optimized_v1,bot_standard
2026-07-27 02:07:22,1,17.8,1,0,7,3,7,2,1,0,0.00,5,1.19,4.9,0.0,0.0,2.1,3.8,1.3,4.7,pro_optimized_v1,bot_slippery
2026-07-27 02:07:25,1,10.0,2,0,8,3,3,1,1,0,0.00,2,0.75,2.9,0.0,0.3,2.3,0.8,1.3,1.6,pro_optimized_v1,bot_rusher
2026-07-27 02:07:27,0,12.7,0,1,5,2,5,3,1,2,1.02,1,1.40,3.9,0.0,0.3,1.0,2.7,1.3,2.9,pro_optimized_v1,bot_camper
2026-07-27 02:07:31,0,20.8,0,2,7,1,8,3,2,0,0.00,7,0.80,4.4,0.3,0.0,4.9,3.9,2.6,4.2,pro_optimized_v1,bot_standard
2026-07-27 02:07:35,0,22.4,0,2,6,1,4,3,1,0,0.00,6,1.07,8.8,0.0,0.3,2.6,1.8,1.3,7.1,pro_optimized_v1,bot_standard
2026-07-27 02:07:39,0,21.8,0,2,5,1,5,3,0,0,0.00,3,0.67,16.1,0.0,0.0,0.5,1.5,0.0,3.1,pro_learned_v5,bot_rusher
2026-07-27 02:07:42,0,10.9,0,3,1,0,4,3,1,1,1.24,4,0.41,3.6,0.0,0.0,2.1,0.8,1.3,3.1,pro_learned_v5,bot_camper
2026-07-27 02:07:44,0,8.9,0,3,2,0,4,3,0,0,0.00,5,0.89,2.2,0.5,0.0,2.3,1.0,0.0,2.9,pro_learned_v5,bot_camper
2026-07-27 02:07:48,0,22.3,0,1,12,2,14,3,2,2,1.41,5,0.56,7.3,0.0,0.0,2.3,6.8,2.6,2.3,pro_learned_v5,bot_slippery
2026-07-27 02:07:50,0,10.7,0,2,4,1,3,3,1,1,1.10,3,0.85,1.6,0.0,0.0,4.2,0.8,1.3,2.3,pro_learned_v5,bot_slippery
2026-07-27 02:07:54,0,19.5,0,3,7,0,5,3,2,2,1.12,4,1.42,7.8,0.0,0.0,4.4,1.8,2.6,2.9,pro_learned_v5,bot_slippery
2026-07-27 02:07:57,0,17.8,0,2,4,1,5,3,3,3,0.84,4,0.74,6.8,0.0,0.0,2.3,1.2,3.9,3.1,pro_learned_v5,bot_rookie
2026-07-27 02:08:00,0,18.2,0,2,9,1,7,3,2,1,1.18,5,0.88,7.3,0.0,0.0,2.4,2.3,2.6,3.1,pro_learned_v5,bot_standard
2026-07-27 02:08:03,0,15.1,0,2,2,1,5,3,3,2,3.04,2,0.46,5.0,0.0,0.0,2.6,1.3,2.9,2.9,pro_learned_v5,bot_standard
2026-07-27 02:08:07,1,21.0,1,0,10,3,8,2,1,1,1.64,5,1.29,9.4,0.0,0.0,4.2,2.6,1.3,2.6,pro_learned_v5,bot_slippery
2026-07-27 02:08:10,0,18.7,0,1,14,2,9,3,1,0,0.00,6,0.71,7.3,0.0,0.0,2.3,3.9,1.3,2.9,pro_learned_v5,bot_standard
2026-07-27 02:08:13,0,12.8,0,3,7,0,5,3,1,1,1.58,1,2.68,2.9,0.0,0.0,3.9,1.6,1.3,3.1,pro_learned_v5,bot_standard
2026-07-27 02:08:15,0,10.4,0,3,1,0,4,3,0,0,0.00,5,0.84,4.4,0.0,0.0,1.6,1.3,0.0,3.1,pro_learned_v5,bot_rookie
2026-07-27 02:08:20,0,28.9,0,3,9,0,9,3,3,2,1.77,6,0.61,15.3,0.0,0.0,4.7,3.4,2.6,2.9,pro_learned_v5,bot_rookie
2026-07-27 02:08:23,0,17.3,0,1,4,2,4,3,1,1,0.76,2,1.53,8.8,0.0,0.0,2.6,0.9,1.3,2.6,pro_learned_v5,bot_rusher
2026-07-27 02:08:26,0,14.7,0,1,6,2,5,3,2,2,1.25,3,0.96,5.2,0.0,0.0,1.8,1.2,2.6,2.9,pro_learned_v5,bot_rookie
2026-07-27 02:08:29,0,11.4,0,3,1,0,3,3,1,1,0.80,4,0.79,4.9,0.0,0.0,1.3,0.8,1.3,3.1,pro_learned_v5,bot_camper
2026-07-27 02:08:32,0,16.4,0,2,7,1,4,3,3,3,0.68,3,0.83,7.5,0.0,0.0,1.8,1.3,2.9,2.6,pro_learned_v5,bot_camper
2026-07-27 02:08:35,1,14.2,1,0,10,3,6,2,1,1,1.18,4,0.60,5.4,0.3,0.0,1.3,1.8,1.3,3.1,pro_learned_v5,bot_rusher
2026-07-27 02:08:37,0,10.2,0,3,4,0,3,3,0,0,0.00,3,1.17,5.2,0.0,0.0,1.0,0.9,0.0,3.1,pro_learned_v5,bot_rusher
2026-07-27 02:08:42,0,29.1,0,1,20,2,10,3,5,5,1.26,5,1.00,9.7,0.0,0.0,5.5,3.4,6.5,3.1,pro_learned_v5,bot_slippery
2026-07-27 02:08:44,0,10.9,0,3,5,0,4,3,1,1,0.76,4,0.47,4.7,0.0,0.0,0.8,1.0,1.3,3.1,pro_learned_v5,bot_rookie
2026-07-27 02:08:48,1,18.5,1,0,7,3,3,2,2,3,1.35,2,0.60,9.9,0.0,0.0,1.3,0.6,2.6,3.1,pro_learned_v5,bot_rusher
2026-07-27 02:08:51,0,22.3,0,2,15,1,9,3,3,2,0.75,8,0.65,9.4,0.0,0.0,2.6,3.1,3.9,2.9,pro_learned_v5,bot_rookie
2026-07-27 02:08:55,0,20.0,0,2,5,1,10,3,2,2,0.37,4,0.41,9.7,0.0,0.0,1.8,3.9,1.6,2.6,pro_learned_v5,bot_camper
2026-07-27 02:08:59,1,20.1,2,0,12,3,6,1,2,1,1.98,4,1.28,5.7,0.0,0.0,7.7,1.8,2.6,1.3,pro_learned_v5,bot_standard
2026-07-27 02:09:02,1,21.6,1,0,12,3,5,2,3,4,1.26,4,1.09,8.6,0.0,0.0,3.9,1.3,3.9,2.9,pro_learned_v5,bot_standard
2026-07-27 02:09:05,0,11.8,0,3,2,0,5,3,0,0,0.00,3,1.31,5.5,0.0,0.0,2.1,1.1,0.0,3.1,pro_learned_v5,bot_slippery
2026-07-27 02:09:08,0,15.9,0,3,7,0,5,3,1,1,1.58,3,0.51,8.9,0.0,0.0,1.0,1.8,1.3,2.9,pro_learned_v5,bot_rookie
2026-07-27 02:09:10,0,10.0,0,3,4,0,4,3,1,0,0.00,2,1.43,3.4,0.0,0.0,1.3,0.9,1.3,3.1,pro_learned_v5,bot_rusher
2026-07-27 02:09:15,1,25.8,1,0,15,3,5,2,2,2,1.50,10,0.75,3.9,0.3,0.3,3.6,2.2,2.6,12.0,pro_optimized_v1,bot_rusher
2026-07-27 02:09:18,0,10.6,0,2,5,1,3,3,1,1,1.82,2,0.68,2.9,1.0,0.5,0.3,1.0,1.3,3.1,pro_optimized_v1,bot_standard
2026-07-27 02:09:20,0,14.1,0,3,8,0,3,3,2,1,0.40,5,0.68,5.7,0.0,0.0,1.0,0.6,2.6,4.2,pro_optimized_v1,bot_rusher
2026-07-27 02:09:25,1,24.6,1,0,3,3,3,2,1,0,0.00,6,0.54,16.4,0.0,0.0,0.5,1.8,1.3,3.6,pro_optimized_v1,bot_standard
2026-07-27 02:09:27,0,12.1,0,2,4,1,4,3,0,0,0.00,4,0.64,4.4,0.8,0.8,0.5,2.0,0.0,3.1,pro_optimized_v1,bot_rookie
2026-07-27 02:09:30,0,14.0,0,1,9,2,7,3,0,0,0.00,2,1.67,2.6,1.3,1.0,1.8,2.8,0.0,3.6,pro_optimized_v1,bot_camper
2026-07-27 02:09:34,1,22.7,1,0,7,3,5,2,0,0,0.00,11,0.55,9.4,0.3,0.0,1.0,2.2,0.0,8.8,pro_optimized_v1,bot_standard
2026-07-27 02:09:38,0,27.1,0,2,13,1,10,3,1,1,1.40,9,1.01,3.1,0.0,0.0,4.2,5.2,1.6,12.5,pro_optimized_v1,bot_standard
2026-07-27 02:09:42,0,17.3,0,1,7,2,3,3,1,1,0.86,5,1.23,4.9,2.1,1.0,1.6,0.6,1.3,4.9,pro_optimized_v1,bot_camper
2026-07-27 02:09:45,0,18.4,0,3,8,0,4,3,2,2,0.70,4,1.42,2.6,1.6,0.8,1.6,1.8,2.6,7.5,pro_optimized_v1,bot_rookie
2026-07-27 02:09:49,0,23.5,0,2,7,1,9,3,2,0,0.00,5,1.66,4.4,1.0,0.0,5.2,5.0,3.1,4.2,pro_optimized_v1,bot_rookie
2026-07-27 02:09:53,0,21.9,0,2,10,1,6,3,2,1,2.24,6,1.31,2.1,0.8,0.0,7.0,2.2,4.4,4.9,pro_optimized_v1,bot_rookie
2026-07-27 02:09:58,0,36.4,0,1,21,2,5,3,1,1,0.32,29,0.53,3.4,0.8,0.5,3.9,1.6,1.3,23.9,pro_optimized_v1,bot_camper
2026-07-27 02:10:02,0,20.6,0,2,10,1,7,3,2,3,1.19,4,0.93,4.9,0.5,0.0,4.2,3.1,2.6,4.7,pro_optimized_v1,bot_rookie
2026-07-27 02:10:04,0,10.3,0,3,2,0,4,3,0,0,0.00,4,0.86,3.4,0.5,0.3,1.2,1.8,0.0,3.1,pro_optimized_v1,bot_camper
2026-07-27 02:10:07,0,12.8,0,2,4,1,3,3,1,0,0.00,5,0.68,3.4,0.3,1.3,2.6,0.6,1.3,2.9,pro_optimized_v1,bot_standard
2026-07-27 02:10:10,0,14.8,0,3,7,0,4,3,1,1,2.68,5,0.78,1.8,1.3,0.0,4.9,1.8,1.3,3.6,pro_optimized_v1,bot_rookie
2026-07-27 02:10:14,0,21.2,0,2,7,1,4,3,3,4,0.61,8,0.78,3.9,0.8,0.3,7.3,1.4,4.2,2.9,pro_optimized_v1,bot_camper
2026-07-27 02:10:19,0,34.2,0,2,3,1,3,3,1,0,0.00,2,1.87,23.9,0.3,0.0,4.4,1.0,1.3,2.9,pro_optimized_v1,bot_rookie
2026-07-27 02:10:22,0,17.6,0,2,4,1,4,3,0,0,0.00,2,2.49,8.3,0.8,0.5,2.9,2.0,0.0,3.1,pro_optimized_v1,bot_slippery
2026-07-27 02:10:26,0,17.8,0,1,11,2,7,3,2,2,1.26,7,0.53,4.2,0.0,0.0,2.1,3.6,2.6,4.7,pro_optimized_v1,bot_standard
2026-07-27 02:10:29,0,14.7,0,2,6,1,5,3,1,0,0.00,2,1.94,4.2,0.5,0.3,1.6,2.8,1.8,3.1,pro_optimized_v1,bot_slippery
2026-07-27 02:10:31,1,11.9,2,0,6,3,3,1,1,1,0.22,1,0.88,4.2,0.3,0.0,2.1,2.1,0.7,1.6,pro_optimized_v1,bot_standard
2026-07-27 02:10:34,0,15.5,0,1,7,2,6,3,1,1,0.30,4,1.02,4.7,0.0,0.0,1.3,3.4,1.6,3.6,pro_optimized_v1,bot_slippery
2026-07-27 02:10:39,0,28.5,0,1,13,2,8,3,1,2,1.03,6,0.61,9.6,0.8,0.3,3.9,4.3,2.9,5.7,pro_optimized_v1,bot_slippery
2026-07-27 02:10:41,0,12.2,0,3,0,0,3,3,1,2,0.64,3,0.59,4.7,0.0,0.0,2.3,1.0,1.3,2.9,pro_optimized_v1,bot_camper
2026-07-27 02:10:44,0,12.2,0,2,4,1,6,3,1,0,0.00,4,0.45,3.6,0.0,0.0,1.6,2.1,1.3,3.1,pro_optimized_v1,bot_standard
2026-07-27 02:10:48,1,21.2,1,0,11,3,5,2,2,1,0.40,9,0.47,4.2,0.0,0.0,1.6,2.1,2.9,9.5,pro_optimized_v1,bot_rusher
2026-07-27 02:10:51,0,12.8,0,2,5,1,5,3,1,1,0.28,4,0.86,3.1,0.0,0.8,2.9,1.4,1.3,2.9,pro_optimized_v1,bot_rookie
2026-07-27 02:10:54,0,15.5,0,2,4,1,5,3,2,1,0.74,5,0.54,3.9,0.3,0.0,1.6,2.5,3.4,3.4,pro_optimized_v1,bot_slippery
2026-07-27 02:10:58,0,14.3,0,2,4,1,8,3,1,2,0.71,3,0.64,4.9,0.0,0.0,1.6,2.9,1.3,3.1,pro_learned_v5,bot_standard
2026-07-27 02:11:01,0,18.4,0,1,11,2,9,3,1,0,0.00,6,0.85,6.5,0.0,0.0,3.4,3.4,1.3,2.9,pro_learned_v5,bot_slippery
2026-07-27 02:11:04,0,16.7,0,1,7,2,7,3,2,2,1.22,3,0.49,7.3,0.0,0.0,1.3,2.0,2.6,2.6,pro_learned_v5,bot_rookie
2026-07-27 02:11:06,0,10.1,0,3,3,0,4,3,2,2,1.19,1,1.44,3.4,0.0,0.0,1.3,1.0,1.6,2.9,pro_learned_v5,bot_slippery
2026-07-27 02:11:09,0,15.7,0,2,4,1,3,3,2,2,1.38,2,1.11,6.6,0.0,0.0,1.8,1.0,2.6,3.1,pro_learned_v5,bot_camper
2026-07-27 02:11:14,1,28.9,1,0,9,3,5,2,0,0,0.00,5,0.62,21.1,0.0,0.0,1.3,1.1,0.0,4.4,pro_learned_v5,bot_rusher
2026-07-27 02:11:18,1,18.1,1,0,8,3,3,2,4,3,0.95,2,2.78,5.2,0.0,0.0,5.2,0.8,3.4,2.6,pro_learned_v5,bot_camper
2026-07-27 02:11:21,1,20.1,1,0,9,3,6,2,1,0,0.00,5,0.72,10.4,0.0,0.0,2.9,2.3,0.9,2.6,pro_learned_v5,bot_standard
2026-07-27 02:11:24,0,16.8,0,1,11,2,9,3,2,0,0.00,2,0.89,6.5,0.0,0.0,1.8,3.6,1.5,2.3,pro_learned_v5,bot_standard
2026-07-27 02:11:27,0,13.5,0,2,5,1,5,3,2,0,0.00,5,0.79,2.9,0.0,0.0,4.4,1.3,1.3,3.1,pro_learned_v5,bot_rusher
2026-07-27 02:11:29,0,8.2,0,1,3,2,3,3,0,0,0.00,2,1.68,2.9,0.8,0.0,0.5,0.9,0.0,2.6,pro_learned_v5,bot_rusher
2026-07-27 02:11:32,0,12.5,0,2,4,1,3,3,0,0,0.00,5,0.66,6.8,0.0,0.0,1.6,1.0,0.0,2.6,pro_learned_v5,bot_rookie
2026-07-27 02:11:35,1,19.4,1,0,8,3,5,2,1,1,1.22,4,0.81,10.9,0.0,0.0,2.3,1.3,1.3,2.6,pro_learned_v5,bot_camper
2026-07-27 02:11:39,1,17.7,1,0,10,3,8,2,2,2,0.34,7,0.42,7.3,0.0,0.0,1.8,2.4,2.6,2.6,pro_learned_v5,bot_slippery
2026-07-27 02:11:42,1,18.6,2,0,6,3,3,1,2,1,0.28,2,1.46,10.3,0.0,0.0,2.1,1.0,2.6,1.6,pro_learned_v5,bot_camper
2026-07-27 02:11:45,0,16.9,0,1,7,2,4,3,1,1,2.48,3,1.03,7.5,0.0,0.0,2.9,1.6,1.3,2.6,pro_learned_v5,bot_slippery
2026-07-27 02:11:49,0,19.7,0,1,8,2,4,3,2,3,1.41,4,0.66,10.1,0.0,0.0,1.8,1.0,2.6,3.1,pro_learned_v5,bot_slippery
2026-07-27 02:11:52,1,14.7,2,0,14,3,7,1,2,1,1.16,0,0.00,7.8,0.0,0.0,1.0,2.3,1.6,1.0,pro_learned_v5,bot_rusher
2026-07-27 02:11:55,0,14.9,0,3,3,0,5,3,0,0,0.00,3,1.52,8.8,0.0,0.0,1.4,1.6,0.0,3.1,pro_learned_v5,bot_slippery
2026-07-27 02:11:57,0,11.4,0,3,4,0,5,3,1,0,0.00,3,0.74,5.5,0.0,0.0,0.3,1.3,1.3,3.1,pro_learned_v5,bot_camper
2026-07-27 02:11:59,0,8.4,0,3,3,0,3,3,1,1,1.46,2,1.13,2.1,0.0,0.0,1.3,0.6,1.3,3.1,pro_learned_v5,bot_rusher
2026-07-27 02:12:02,0,14.6,0,2,7,1,4,3,3,4,0.64,1,1.66,6.2,0.0,0.0,1.0,0.9,2.9,3.1,pro_learned_v5,bot_rusher
2026-07-27 02:12:05,0,12.9,0,3,3,0,6,3,1,0,0.00,3,0.92,5.7,0.0,0.0,1.3,1.7,1.3,2.9,pro_learned_v5,bot_camper
2026-07-27 02:12:09,0,25.4,0,1,14,2,9,3,3,4,1.08,5,0.91,10.9,0.0,0.0,3.8,2.9,3.9,2.9,pro_learned_v5,bot_camper
2026-07-27 02:12:13,0,23.6,0,1,12,2,13,3,2,2,1.59,7,0.50,9.6,0.0,0.0,2.3,5.2,2.6,2.9,pro_learned_v5,bot_slippery
2026-07-27 02:12:16,0,18.4,0,2,9,1,6,3,2,2,1.39,5,0.40,7.8,0.0,0.0,2.9,1.8,2.6,2.9,pro_learned_v5,bot_standard
2026-07-27 02:12:20,1,17.5,1,0,9,3,3,2,2,2,0.56,2,2.06,6.0,0.0,0.0,4.3,1.0,2.6,2.6,pro_learned_v5,bot_rookie
2026-07-27 02:12:23,0,17.9,0,2,8,1,8,3,2,5,0.78,2,1.34,7.5,0.0,0.0,1.8,2.3,2.6,3.1,pro_learned_v5,bot_camper
2026-07-27 02:12:26,0,16.5,0,2,6,1,3,3,2,2,1.76,3,0.73,8.3,0.0,0.0,1.2,0.8,2.6,3.1,pro_learned_v5,bot_camper
2026-07-27 02:12:28,1,9.8,3,0,5,3,2,0,2,2,1.21,0,0.00,4.2,0.3,0.0,1.3,0.5,2.6,0.0,pro_learned_v5,bot_slippery
2026-07-27 02:12:32,0,16.5,0,2,8,1,9,3,2,1,2.80,3,0.90,2.3,1.6,0.0,1.8,4.9,2.6,2.9,pro_optimized_v1,bot_standard
2026-07-27 02:12:36,0,25.6,0,1,13,2,9,3,1,2,1.27,9,0.92,4.2,0.3,0.0,4.4,3.8,1.3,10.7,pro_optimized_v1,bot_rookie
2026-07-27 02:12:39,1,15.0,2,0,7,3,3,1,2,2,1.32,2,0.63,5.2,0.0,0.0,1.0,0.8,5.7,1.3,pro_optimized_v1,bot_rusher
2026-07-27 02:12:42,0,9.8,0,3,0,0,4,3,1,1,0.58,5,0.44,2.9,0.3,0.0,1.8,1.3,1.3,2.3,pro_optimized_v1,bot_camper
2026-07-27 02:12:46,0,27.8,0,2,7,1,5,3,2,0,0.00,9,1.08,10.9,0.0,0.3,2.6,1.8,1.3,10.4,pro_optimized_v1,bot_standard
2026-07-27 02:12:50,0,20.5,0,1,11,2,3,3,1,1,1.78,7,0.75,0.3,0.0,0.0,3.6,0.8,1.3,13.6,pro_optimized_v1,bot_rusher
2026-07-27 02:12:54,0,24.8,0,1,6,2,6,3,1,1,0.70,3,1.34,10.4,0.3,0.0,5.2,1.4,2.6,3.9,pro_optimized_v1,bot_standard
2026-07-27 02:12:56,0,9.6,0,3,2,0,3,3,1,0,0.00,3,0.61,2.3,0.3,0.0,1.1,1.0,1.3,3.6,pro_optimized_v1,bot_standard
2026-07-27 02:12:59,0,9.3,0,1,5,2,3,3,0,0,0.00,3,1.07,2.9,0.3,0.3,0.8,0.8,0.0,3.4,pro_optimized_v1,bot_rusher
2026-07-27 02:13:03,0,25.2,0,2,8,1,8,3,2,3,1.45,3,0.92,5.5,0.3,0.0,3.1,2.8,3.1,9.9,pro_optimized_v1,bot_standard
2026-07-27 02:13:07,1,23.4,1,0,9,3,7,2,1,1,0.46,9,1.23,3.1,1.0,0.0,2.6,3.1,1.3,11.2,pro_optimized_v1,bot_standard
2026-07-27 02:13:10,0,14.3,0,1,5,2,3,3,1,1,2.88,1,1.92,4.2,0.0,0.0,4.9,0.8,1.3,2.1,pro_optimized_v1,bot_camper
2026-07-27 02:13:13,0,14.5,0,2,6,1,4,3,1,2,1.03,1,4.48,3.4,0.5,0.5,3.1,1.7,1.3,3.4,pro_optimized_v1,bot_rookie
2026-07-27 02:13:15,0,11.7,0,2,10,1,4,3,1,2,0.78,6,0.57,1.3,1.6,0.3,1.9,1.8,1.3,3.1,pro_optimized_v1,bot_slippery
2026-07-27 02:13:18,0,16.3,0,3,5,0,4,3,1,0,0.00,4,0.81,6.0,1.3,0.0,3.1,1.7,1.3,2.9,pro_optimized_v1,bot_camper
2026-07-27 02:13:21,1,12.2,2,0,5,3,5,1,1,2,0.60,2,0.90,3.9,0.0,0.0,1.8,2.4,1.3,1.8,pro_optimized_v1,bot_camper
2026-07-27 02:13:24,0,16.6,0,2,5,1,5,3,1,1,0.34,6,0.79,4.4,0.0,0.0,2.1,2.4,1.3,6.2,pro_optimized_v1,bot_rookie
2026-07-27 02:13:27,0,15.3,0,2,3,1,5,3,1,1,0.68,4,0.59,6.2,0.0,0.5,0.8,2.4,2.6,2.3,pro_optimized_v1,bot_camper
2026-07-27 02:13:30,0,15.7,0,3,7,0,5,3,1,1,2.76,2,2.10,4.9,1.0,0.0,2.6,2.7,1.3,3.1,pro_optimized_v1,bot_standard
2026-07-27 02:13:33,0,11.8,0,1,7,2,3,3,0,0,0.00,3,0.83,5.2,0.0,0.0,1.8,0.7,0.0,3.1,pro_optimized_v1,bot_rusher
2026-07-27 02:13:37,1,27.3,1,0,13,3,6,2,1,1,3.08,5,0.60,10.4,0.3,0.3,2.1,3.4,1.3,8.6,pro_optimized_v1,bot_rusher
2026-07-27 02:13:40,0,16.4,0,1,10,2,4,3,2,3,1.46,2,0.82,4.2,1.6,0.3,2.6,1.0,2.6,3.1,pro_optimized_v1,bot_slippery
2026-07-27 02:13:43,0,13.7,0,2,2,1,3,3,1,1,4.42,2,0.52,5.7,0.0,0.0,1.8,0.8,1.3,3.6,pro_optimized_v1,bot_camper
2026-07-27 02:13:47,1,19.7,1,0,12,3,3,2,2,1,0.48,5,0.88,5.5,0.3,0.0,3.2,0.8,3.6,5.5,pro_optimized_v1,bot_rusher
2026-07-27 02:13:49,0,10.3,0,3,2,0,4,3,1,1,0.46,6,0.46,3.1,0.0,0.3,1.0,1.3,1.3,3.4,pro_optimized_v1,bot_standard
2026-07-27 02:13:52,0,12.9,0,2,5,1,4,3,1,1,0.52,4,0.76,3.1,1.3,0.3,2.6,1.7,1.3,2.1,pro_optimized_v1,bot_slippery
2026-07-27 02:13:54,0,12.3,0,2,5,1,4,3,1,1,0.74,7,0.50,3.6,0.0,0.0,2.3,1.1,1.3,3.4,pro_optimized_v1,bot_rookie
2026-07-27 02:13:56,0,9.7,0,2,3,1,5,3,0,0,0.00,1,1.58,2.9,0.8,0.3,0.3,1.9,0.0,3.1,pro_optimized_v1,bot_rusher
2026-07-27 02:14:00,1,17.2,2,0,9,3,7,1,1,1,1.80,5,1.05,2.9,0.5,0.0,2.3,3.2,1.3,6.0,pro_optimized_v1,bot_standard
2026-07-27 02:14:03,1,16.2,2,0,11,3,5,1,2,1,0.32,6,0.95,3.9,0.0,0.0,5.5,1.7,2.6,1.6,pro_optimized_v1,bot_slippery
2026-07-27 02:14:06,0,10.6,0,3,4,0,3,3,1,1,1.42,2,1.28,2.9,1.0,0.0,1.3,1.0,1.3,3.1,pro_learned_v5,bot_rookie
2026-07-27 02:14:09,0,16.6,0,3,8,0,7,3,3,1,2.74,5,0.48,6.8,0.0,0.0,2.6,1.8,2.9,2.6,pro_learned_v5,bot_rookie
2026-07-27 02:14:11,0,10.9,0,2,4,1,3,3,1,1,0.84,4,0.45,4.4,0.0,0.0,0.8,0.7,1.3,3.1,pro_learned_v5,bot_camper
2026-07-27 02:14:15,0,17.8,0,3,4,0,5,3,1,1,0.46,4,1.17,9.1,0.0,0.0,3.1,1.4,1.3,2.9,pro_learned_v5,bot_rookie
2026-07-27 02:14:17,0,13.1,0,2,8,1,5,3,2,2,1.11,6,0.49,4.9,0.0,0.0,1.3,1.4,2.6,2.3,pro_learned_v5,bot_rookie
2026-07-27 02:14:20,1,12.3,2,0,12,3,8,1,1,1,0.24,1,0.22,5.2,1.0,0.0,0.5,3.3,1.3,0.0,pro_learned_v5,bot_slippery
2026-07-27 02:14:23,1,13.1,1,0,7,3,3,2,2,2,0.47,3,0.67,5.2,0.0,0.0,1.3,0.8,1.7,3.1,pro_learned_v5,bot_rusher
2026-07-27 02:14:26,0,22.9,0,1,16,2,8,3,2,1,1.62,4,0.99,9.1,1.3,0.0,3.1,2.7,2.6,3.1,pro_learned_v5,bot_rusher
2026-07-27 02:14:29,0,11.2,0,3,5,0,4,3,1,1,0.60,2,1.48,5.0,0.0,0.0,0.5,1.3,1.3,3.1,pro_learned_v5,bot_slippery
2026-07-27 02:14:32,0,12.6,0,3,8,0,7,3,1,1,1.12,4,0.47,4.4,0.8,0.0,1.0,2.2,1.3,2.9,pro_learned_v5,bot_slippery
2026-07-27 02:14:36,1,27.6,1,0,11,3,3,2,0,0,0.00,7,1.40,11.2,0.0,0.0,3.4,0.6,0.0,11.4,pro_learned_v5,bot_rusher
2026-07-27 02:14:39,0,13.9,0,1,4,2,3,3,1,2,0.74,1,1.04,8.1,0.0,0.0,0.0,0.9,1.3,2.6,pro_learned_v5,bot_rusher
2026-07-27 02:14:42,1,12.9,3,0,8,3,2,0,2,2,0.76,1,1.02,7.0,0.0,0.0,1.8,0.5,2.5,0.0,pro_learned_v5,bot_slippery
2026-07-27 02:14:45,0,14.8,0,1,11,2,5,3,2,1,0.32,4,0.99,3.4,0.0,0.0,2.9,1.8,2.6,3.1,pro_learned_v5,bot_slippery
2026-07-27 02:14:47,0,13.0,0,2,5,1,4,3,0,0,0.00,4,0.67,7.6,0.0,0.0,1.3,1.0,0.0,2.6,pro_learned_v5,bot_rusher
2026-07-27 02:14:50,0,12.2,0,2,9,1,5,3,0,0,0.00,7,0.61,4.2,0.8,0.0,2.9,1.3,0.0,2.6,pro_learned_v5,bot_camper
2026-07-27 02:14:53,1,14.1,2,0,7,3,6,1,2,1,1.52,1,0.72,3.8,1.0,0.0,1.8,2.6,2.6,1.3,pro_learned_v5,bot_rookie
2026-07-27 02:14:56,0,16.4,0,1,8,2,6,3,1,0,0.00,4,1.81,3.4,0.3,0.0,3.1,1.3,1.3,6.5,pro_learned_v5,bot_rusher
2026-07-27 02:14:58,1,10.2,2,0,7,3,4,1,1,1,0.68,2,0.38,5.2,0.0,0.0,0.5,1.1,1.3,1.0,pro_learned_v5,bot_rusher
2026-07-27 02:15:01,0,10.8,0,2,4,1,4,3,1,1,1.46,2,1.05,3.9,0.0,0.0,1.3,1.0,1.3,3.1,pro_learned_v5,bot_slippery
2026-07-27 02:15:03,0,11.7,0,1,5,2,5,3,1,0,0.00,3,1.58,2.6,0.0,0.0,2.9,1.1,1.3,2.9,pro_learned_v5,bot_camper
2026-07-27 02:15:06,0,17.2,0,3,6,0,5,3,3,3,2.19,4,0.53,4.9,0.0,0.0,3.7,1.6,3.9,3.1,pro_learned_v5,bot_camper
2026-07-27 02:15:10,0,18.8,0,1,6,2,5,3,3,3,1.61,3,0.91,7.5,0.0,0.0,2.3,1.2,3.9,3.1,pro_learned_v5,bot_camper
2026-07-27 02:15:14,0,23.1,0,3,9,0,6,3,3,3,0.62,4,1.33,10.4,0.0,0.0,4.2,1.6,3.9,3.1,pro_learned_v5,bot_camper
2026-07-27 02:15:16,0,10.6,0,3,2,0,3,3,2,3,0.43,3,0.70,3.9,0.0,0.0,1.3,0.8,1.6,3.1,pro_learned_v5,bot_camper
2026-07-27 02:15:20,0,25.3,0,1,12,2,6,3,2,1,1.76,2,1.12,15.6,0.0,0.0,1.0,2.3,2.6,2.9,pro_learned_v5,bot_rusher
2026-07-27 02:15:23,1,12.5,1,0,7,3,4,2,1,1,0.38,4,0.40,4.9,0.0,0.0,0.8,1.6,1.3,2.9,pro_learned_v5,bot_rusher
2026-07-27 02:15:26,0,18.1,0,3,4,0,9,3,1,1,1.90,3,1.23,7.8,0.0,0.0,3.4,2.5,1.3,3.1,pro_learned_v5,bot_rookie
2026-07-27 02:15:29,1,10.2,3,0,5,3,4,0,1,1,0.74,1,0.88,5.3,0.0,0.0,1.3,1.3,1.3,0.0,pro_learned_v5,bot_standard
2026-07-27 02:15:33,0,26.9,0,1,10,2,7,3,2,2,2.78,2,1.73,13.7,0.0,0.0,4.7,2.1,2.6,2.9,pro_learned_v5,bot_slippery
2026-07-27 02:15:37,1,13.9,1,0,7,3,5,2,0,0,0.00,5,0.84,2.9,1.0,0.0,2.6,2.9,0.0,3.6,pro_optimized_v1,bot_slippery
2026-07-27 02:15:39,0,13.5,0,3,5,0,3,3,2,1,0.48,3,1.31,3.1,1.3,0.0,3.9,0.8,2.6,1.8,pro_optimized_v1,bot_camper
2026-07-27 02:15:42,0,12.6,0,1,7,2,3,3,1,2,0.96,3,0.62,3.6,0.0,0.0,1.8,0.7,1.3,4.2,pro_optimized_v1,bot_camper
2026-07-27 02:15:45,0,15.1,0,2,6,1,4,3,2,1,2.72,5,0.24,4.9,0.8,0.0,1.1,2.1,2.6,3.1,pro_optimized_v1,bot_slippery
2026-07-27 02:15:49,0,25.3,0,1,6,2,5,3,0,0,0.00,4,1.71,11.2,1.3,0.3,4.4,2.2,0.0,4.9,pro_optimized_v1,bot_standard
2026-07-27 02:15:52,1,14.7,1,0,6,3,3,2,0,0,0.00,10,0.52,3.1,0.3,0.0,1.7,1.0,0.0,7.5,pro_optimized_v1,bot_slippery
2026-07-27 02:15:55,0,13.5,0,2,5,1,4,3,1,1,0.34,4,1.19,3.6,0.0,0.0,4.9,1.0,1.3,2.1,pro_optimized_v1,bot_camper
2026-07-27 02:15:59,0,22.8,0,2,4,1,3,3,1,1,0.28,3,1.21,13.5,0.5,0.3,2.3,1.3,1.6,2.9,pro_optimized_v1,bot_rookie
2026-07-27 02:16:02,0,18.5,0,3,6,0,6,3,1,0,0.00,5,0.82,8.6,0.3,1.0,1.8,3.4,0.1,3.4,pro_optimized_v1,bot_camper
2026-07-27 02:16:05,0,16.6,0,2,9,1,6,3,2,1,0.68,3,1.37,0.5,0.0,0.0,5.2,2.3,2.6,5.5,pro_optimized_v1,bot_standard
2026-07-27 02:16:08,0,10.2,0,3,5,0,4,3,1,2,0.67,4,0.36,3.4,0.0,0.0,1.0,1.3,1.3,3.1,pro_optimized_v1,bot_rookie
2026-07-27 02:16:14,1,43.9,1,0,27,3,12,2,2,1,1.94,16,1.31,3.1,0.3,0.0,12.0,6.2,2.9,18.5,pro_optimized_v1,bot_standard
2026-07-27 02:16:17,0,16.2,0,1,4,2,3,3,1,1,1.86,1,3.04,6.0,0.5,0.0,4.2,0.5,1.6,2.9,pro_optimized_v1,bot_rusher
2026-07-27 02:16:20,0,13.5,0,1,7,2,6,3,2,1,1.16,4,0.62,2.3,0.3,0.0,2.6,2.1,2.6,2.6,pro_optimized_v1,bot_standard
2026-07-27 02:16:23,0,11.7,0,2,4,1,5,3,1,1,0.58,3,0.87,2.9,0.3,0.0,1.0,2.1,1.6,3.4,pro_optimized_v1,bot_rookie
2026-07-27 02:16:25,1,9.6,2,0,5,3,2,1,1,1,2.10,1,0.02,3.9,0.0,0.5,0.5,1.0,1.3,1.3,pro_optimized_v1,bot_slippery
2026-07-27 02:16:27,0,9.7,0,2,6,1,5,3,1,0,0.00,2,0.84,2.3,0.8,0.0,1.3,1.6,1.3,2.3,pro_optimized_v1,bot_rusher
2026-07-27 02:16:30,0,11.3,0,2,8,1,4,3,0,0,0.00,3,1.14,2.6,1.0,0.0,2.9,1.7,0.0,2.6,pro_optimized_v1,bot_rusher
2026-07-27 02:16:33,0,14.3,0,2,7,1,6,3,2,1,2.78,2,1.08,3.6,0.0,0.0,2.9,3.1,1.3,2.9,pro_optimized_v1,bot_rusher
2026-07-27 02:16:36,0,17.7,0,1,9,2,7,3,2,2,1.24,4,1.29,5.2,0.0,0.0,2.1,3.0,2.6,3.9,pro_optimized_v1,bot_rusher
2026-07-27 02:16:39,0,15.6,0,3,3,0,5,3,1,1,0.66,2,2.30,4.9,0.8,0.0,3.1,2.3,1.3,3.1,pro_optimized_v1,bot_camper
2026-07-27 02:16:43,0,23.6,0,1,7,2,6,3,1,0,0.00,6,0.75,12.2,0.0,0.3,2.1,2.3,1.3,4.4,pro_optimized_v1,bot_slippery
2026-07-27 02:16:46,0,12.6,0,2,4,1,3,3,2,4,0.39,5,0.63,3.9,0.0,0.0,1.0,1.2,2.6,3.4,pro_optimized_v1,bot_camper
2026-07-27 02:16:49,1,19.7,1,0,11,3,6,2,1,1,0.74,2,1.90,8.6,0.8,0.0,2.3,2.9,1.0,3.1,pro_optimized_v1,bot_standard
2026-07-27 02:16:52,1,13.9,1,0,7,3,5,2,1,1,0.50,2,1.31,5.5,0.0,0.0,1.6,2.5,1.3,2.1,pro_optimized_v1,bot_rusher
2026-07-27 02:16:54,0,11.3,0,2,3,1,6,3,1,1,1.64,3,0.48,3.6,0.0,0.3,1.5,2.1,1.3,2.1,pro_optimized_v1,bot_camper
2026-07-27 02:16:57,0,14.6,0,3,7,0,4,3,1,0,0.00,2,2.99,4.2,0.5,0.0,5.5,1.4,1.3,1.8,pro_optimized_v1,bot_slippery
2026-07-27 02:17:00,1,10.7,1,0,6,3,2,2,1,1,1.60,0,0.00,2.3,3.9,0.0,0.0,0.5,1.3,1.7,pro_optimized_v1,bot_rusher
2026-07-27 02:17:03,0,14.8,0,2,9,1,6,3,1,1,0.32,5,0.62,3.6,1.3,0.3,1.1,2.9,1.6,3.6,pro_optimized_v1,bot_camper
2026-07-27 02:17:05,0,9.1,0,3,2,0,3,3,0,0,0.00,5,0.54,3.1,0.5,0.0,1.3,1.0,0.0,3.1,pro_optimized_v1,bot_camper
2026-07-27 02:17:09,0,14.1,0,2,2,1,4,3,1,1,1.28,1,0.70,7.3,0.3,0.0,1.6,1.8,0.1,2.6,pro_learned_v5,bot_camper
2026-07-27 02:17:11,0,10.4,0,3,2,0,4,3,2,5,0.60,1,0.62,3.9,0.0,0.0,1.0,1.0,1.6,2.9,pro_learned_v5,bot_camper
2026-07-27 02:17:14,0,12.6,0,3,3,0,4,3,1,1,0.34,5,0.59,5.7,0.0,0.0,1.6,0.9,1.3,3.1,pro_learned_v5,bot_camper
2026-07-27 02:17:17,0,14.0,0,2,11,1,5,3,2,2,0.57,4,0.51,4.7,0.3,0.0,1.6,1.3,2.6,3.1,pro_learned_v5,bot_standard
2026-07-27 02:17:20,0,15.1,0,3,5,0,10,3,1,0,0.00,4,0.55,6.8,0.0,0.0,1.0,2.9,1.3,3.1,pro_learned_v5,bot_camper
2026-07-27 02:17:23,0,18.2,0,2,11,1,4,3,3,3,1.61,3,0.69,6.5,0.0,0.0,3.4,0.8,3.9,3.1,pro_learned_v5,bot_rookie
2026-07-27 02:17:26,1,14.2,2,0,4,3,5,1,1,1,2.08,4,0.58,7.0,0.0,0.0,2.1,1.5,1.3,1.3,pro_learned_v5,bot_camper
2026-07-27 02:17:29,0,20.5,0,1,13,2,3,3,2,1,7.52,4,0.92,8.6,0.0,0.0,4.2,1.0,2.6,3.1,pro_learned_v5,bot_rookie
2026-07-27 02:17:33,0,20.6,0,3,5,0,5,3,1,2,0.59,4,0.78,12.2,0.3,0.0,1.8,1.9,1.3,3.1,pro_learned_v5,bot_camper
2026-07-27 02:17:37,0,21.2,0,1,12,2,9,3,2,1,1.00,8,0.93,7.5,0.0,0.0,4.2,3.1,2.6,2.9,pro_learned_v5,bot_rookie
2026-07-27 02:17:40,0,12.0,0,2,6,1,6,3,1,0,0.00,2,0.56,4.7,0.0,0.0,1.3,1.8,1.3,2.3,pro_learned_v5,bot_standard
2026-07-27 02:17:42,0,12.8,0,3,5,0,3,3,1,1,1.76,5,0.35,6.8,0.0,0.0,0.8,0.8,1.3,3.1,pro_learned_v5,bot_rookie
2026-07-27 02:17:46,0,19.6,0,1,13,2,9,3,3,3,1.33,4,0.48,6.8,0.0,0.0,2.3,2.5,3.9,3.1,pro_learned_v5,bot_rusher
2026-07-27 02:17:50,0,23.7,0,3,6,0,5,3,2,1,0.86,4,0.44,16.9,0.0,0.0,1.0,1.3,1.4,3.1,pro_learned_v5,bot_slippery
2026-07-27 02:17:53,0,16.6,0,3,6,0,7,3,1,1,1.36,4,1.03,8.3,0.0,0.0,1.6,2.4,1.3,3.1,pro_learned_v5,bot_rookie
2026-07-27 02:17:56,0,12.8,0,2,5,1,3,3,1,1,0.58,3,0.38,6.0,0.0,0.0,1.0,0.9,1.3,3.1,pro_learned_v5,bot_rusher
2026-07-27 02:17:58,1,11.5,1,0,5,3,6,2,1,0,0.00,5,0.45,4.4,0.0,0.0,0.5,1.6,1.3,2.6,pro_learned_v5,bot_rookie
2026-07-27 02:18:01,1,17.8,3,0,11,3,9,0,2,2,0.94,1,0.22,6.9,0.0,0.0,4.4,2.9,2.6,0.0,pro_learned_v5,bot_slippery
2026-07-27 02:18:05,0,16.9,0,3,6,0,4,3,2,1,1.00,3,0.69,8.1,0.0,0.0,2.3,1.0,2.6,2.9,pro_learned_v5,bot_standard
2026-07-27 02:18:08,1,20.3,1,0,9,3,7,2,3,4,0.57,2,1.71,6.5,0.0,0.0,4.7,2.6,2.4,3.1,pro_learned_v5,bot_camper
2026-07-27 02:18:11,0,16.2,0,2,4,1,4,3,3,1,1.52,3,0.69,7.4,0.0,0.0,1.3,1.0,2.9,3.1,pro_learned_v5,bot_slippery
2026-07-27 02:18:14,0,12.8,0,2,5,1,3,3,1,1,0.98,2,1.64,6.5,0.0,0.0,1.0,0.6,1.3,2.9,pro_learned_v5,bot_rookie
2026-07-27 02:18:19,0,33.0,0,1,15,2,8,3,3,2,1.11,8,0.83,15.6,0.0,0.0,5.2,4.1,3.9,3.1,pro_learned_v5,bot_camper
2026-07-27 02:18:24,0,27.9,0,3,5,0,6,3,1,1,0.30,5,0.43,21.1,0.0,0.0,1.1,1.6,1.3,2.9,pro_learned_v5,bot_standard
2026-07-27 02:18:27,0,13.7,0,2,5,1,4,3,1,1,1.24,2,0.49,7.3,0.0,0.0,0.8,0.8,1.3,3.4,pro_learned_v5,bot_rookie
2026-07-27 02:18:30,0,20.2,0,2,11,1,5,3,2,5,0.79,9,0.52,4.9,0.0,0.0,2.3,1.5,1.6,9.4,pro_learned_v5,bot_camper
2026-07-27 02:18:33,1,12.1,2,0,7,3,5,1,2,2,1.29,3,0.55,3.9,0.3,0.0,1.6,1.6,2.6,1.3,pro_learned_v5,bot_standard
2026-07-27 02:18:35,0,10.9,0,3,5,0,8,3,0,0,0.00,3,0.63,2.1,1.6,0.0,1.6,2.8,0.0,2.9,pro_learned_v5,bot_slippery
2026-07-27 02:18:38,0,9.3,0,3,2,0,4,3,0,0,0.00,6,0.36,3.9,0.0,0.0,1.3,1.0,0.0,3.1,pro_learned_v5,bot_camper
2026-07-27 02:18:42,0,23.1,0,1,14,2,7,3,3,3,0.69,8,0.72,9.9,0.0,0.0,3.6,2.1,3.9,2.6,pro_learned_v5,bot_standard
2026-07-27 02:18:46,0,22.7,0,1,5,2,3,3,2,2,1.03,2,2.16,7.0,0.5,1.3,6.8,0.6,3.6,2.1,pro_optimized_v1,bot_camper
2026-07-27 02:18:49,1,11.8,1,0,10,3,5,2,1,0,0.00,4,0.84,1.6,0.3,0.0,1.8,2.3,1.3,3.5,pro_optimized_v1,bot_rusher
2026-07-27 02:18:51,0,9.8,0,3,5,0,4,3,1,1,0.32,3,0.68,2.9,0.8,0.8,0.8,1.2,1.3,2.1,pro_optimized_v1,bot_rookie
2026-07-27 02:18:55,1,21.9,2,0,10,3,3,1,0,0,0.00,12,0.64,4.9,0.0,0.3,0.5,1.4,0.0,13.8,pro_optimized_v1,bot_rusher
2026-07-27 02:18:59,1,23.9,1,0,6,3,4,2,0,0,0.00,3,1.85,13.3,0.0,0.3,3.9,2.1,0.0,3.4,pro_optimized_v1,bot_standard
2026-07-27 02:19:03,0,20.5,0,1,13,2,9,3,2,2,1.63,6,0.74,2.1,1.8,1.0,1.6,4.7,2.6,5.8,pro_optimized_v1,bot_standard
2026-07-27 02:19:07,0,26.7,0,3,3,0,4,3,1,1,2.12,3,0.55,18.2,0.5,0.3,0.8,2.8,1.3,2.9,pro_optimized_v1,bot_camper
2026-07-27 02:19:12,0,23.9,0,3,14,0,8,3,2,3,1.50,10,0.53,1.8,1.6,0.0,2.6,4.4,2.6,10.9,pro_optimized_v1,bot_rookie
2026-07-27 02:19:15,0,14.8,0,3,6,0,6,3,2,2,1.39,1,2.74,3.9,0.0,0.0,1.8,3.7,2.6,2.9,pro_optimized_v1,bot_rookie
2026-07-27 02:19:17,1,10.8,2,0,7,3,3,1,1,0,0.00,4,0.50,3.1,0.0,0.0,0.8,2.1,1.3,2.6,pro_optimized_v1,bot_camper
2026-07-27 02:19:20,1,15.1,2,0,7,3,6,1,1,1,2.68,1,0.22,7.3,0.0,0.0,0.3,3.4,1.6,1.6,pro_optimized_v1,bot_rusher
2026-07-27 02:19:23,0,11.8,0,3,5,0,4,3,2,2,0.80,4,0.74,2.1,0.0,0.0,2.7,1.0,3.1,2.9,pro_optimized_v1,bot_rookie
2026-07-27 02:19:29,0,39.6,0,1,21,2,8,3,3,3,0.95,21,0.52,1.6,2.3,0.3,8.1,4.4,4.4,17.6,pro_optimized_v1,bot_camper
2026-07-27 02:19:32,0,16.5,0,2,5,1,5,3,2,1,2.88,2,0.86,5.7,0.0,0.0,2.1,2.8,2.6,2.9,pro_optimized_v1,bot_camper
2026-07-27 02:19:36,0,22.9,0,3,12,0,8,3,0,0,0.00,11,0.69,5.5,0.0,0.0,1.8,4.9,0.0,10.7,pro_optimized_v1,bot_rookie
2026-07-27 02:19:39,0,14.0,0,3,3,0,6,3,2,1,1.90,3,0.49,2.9,0.3,0.0,0.8,3.9,2.6,3.6,pro_optimized_v1,bot_camper
2026-07-27 02:19:43,0,21.6,0,1,13,2,8,3,0,0,0.00,8,1.10,4.9,0.8,0.0,2.6,4.4,0.0,7.8,pro_optimized_v1,bot_slippery
2026-07-27 02:19:45,0,10.9,0,2,2,1,3,3,0,0,0.00,3,1.28,5.2,0.0,0.0,1.8,0.7,0.0,2.6,pro_optimized_v1,bot_slippery
2026-07-27 02:19:48,0,11.7,0,2,7,1,4,3,1,1,1.24,2,0.64,3.1,0.8,0.3,1.3,1.6,1.3,2.9,pro_optimized_v1,bot_standard
2026-07-27 02:19:51,0,14.5,0,1,6,2,5,3,1,1,1.82,2,1.57,4.9,0.8,0.0,1.3,2.3,1.6,2.6,pro_optimized_v1,bot_slippery
2026-07-27 02:19:54,0,20.3,0,2,9,1,8,3,2,1,0.76,9,0.87,3.4,0.0,0.5,3.1,3.1,1.3,8.3,pro_optimized_v1,bot_rookie
2026-07-27 02:20:00,0,35.1,0,1,23,2,4,3,0,0,0.00,16,0.86,1.6,1.3,0.8,4.7,1.6,0.0,24.2,pro_optimized_v1,bot_rookie
2026-07-27 02:20:03,0,13.7,0,2,4,1,4,3,1,1,1.44,5,0.84,4.2,0.0,0.0,3.6,0.8,1.3,3.4,pro_optimized_v1,bot_rookie
2026-07-27 02:20:06,1,19.5,2,0,13,3,5,1,2,2,0.72,7,0.73,4.7,0.3,0.0,1.8,2.4,2.6,6.8,pro_optimized_v1,bot_slippery
2026-07-27 02:20:09,0,13.6,0,1,10,2,5,3,1,1,0.44,4,0.68,3.6,0.3,0.0,2.1,1.9,1.6,3.1,pro_optimized_v1,bot_rusher
2026-07-27 02:20:12,1,13.4,3,0,6,3,3,0,1,1,0.74,1,0.48,8.1,0.5,0.0,0.5,1.8,1.6,0.0,pro_optimized_v1,bot_slippery
2026-07-27 02:20:14,0,8.9,0,3,5,0,3,3,1,1,1.16,1,1.50,2.6,0.3,0.0,1.0,0.6,1.3,3.1,pro_optimized_v1,bot_rusher
2026-07-27 02:20:17,0,16.4,0,2,5,1,4,3,2,2,0.67,4,1.04,2.1,2.1,0.3,1.6,2.1,4.7,3.1,pro_optimized_v1,bot_camper
2026-07-27 02:20:21,1,19.7,1,0,8,3,8,2,3,3,1.03,3,1.60,3.1,0.8,0.0,1.8,3.7,4.2,5.2,pro_optimized_v1,bot_standard
2026-07-27 02:20:23,0,10.2,0,3,3,0,3,3,1,1,0.56,3,0.41,3.4,1.0,0.0,1.8,0.8,1.3,1.8,pro_optimized_v1,bot_rookie
2026-07-27 02:20:26,0,14.8,0,2,4,1,3,3,1,1,2.26,1,1.16,6.5,0.0,0.0,2.9,0.8,1.3,2.9,pro_learned_v5,bot_rookie
2026-07-27 02:20:30,0,21.5,0,1,10,2,3,3,1,0,0.00,4,1.14,14.3,0.0,0.0,1.0,0.8,1.3,3.1,pro_learned_v5,bot_rusher
2026-07-27 02:20:33,0,15.4,0,2,7,1,4,3,2,2,1.04,3,1.30,4.9,0.3,0.0,2.7,1.3,2.6,3.1,pro_learned_v5,bot_camper
2026-07-27 02:20:36,0,11.8,0,1,4,2,3,3,3,2,2.48,0,0.00,2.6,0.0,0.0,1.6,1.1,2.9,2.6,pro_learned_v5,bot_rookie
2026-07-27 02:20:39,0,18.7,0,2,11,1,8,3,1,1,1.54,4,1.48,6.5,0.0,0.0,5.0,2.3,1.3,3.1,pro_learned_v5,bot_slippery
2026-07-27 02:20:42,0,12.7,0,3,8,0,6,3,2,2,1.54,4,0.83,1.8,0.8,0.0,3.4,2.3,1.6,2.9,pro_learned_v5,bot_camper
2026-07-27 02:20:45,0,14.3,0,2,3,1,8,3,2,1,2.70,5,0.88,3.9,0.5,0.0,3.1,2.0,1.6,3.1,pro_learned_v5,bot_standard
2026-07-27 02:20:49,0,26.3,0,2,5,1,5,3,3,3,2.29,1,1.72,14.1,0.3,0.0,2.1,1.3,3.9,4.2,pro_learned_v5,bot_rookie
2026-07-27 02:20:52,0,14.1,0,1,10,2,5,3,1,1,2.42,4,0.85,5.0,0.0,0.0,2.3,1.6,1.3,2.9,pro_learned_v5,bot_slippery
2026-07-27 02:20:54,0,11.2,0,2,3,1,3,3,0,0,0.00,3,0.91,6.8,0.0,0.0,0.8,0.6,0.0,2.6,pro_learned_v5,bot_rusher
2026-07-27 02:20:58,0,20.5,0,1,13,2,8,3,3,2,1.16,2,0.62,8.1,0.0,0.0,2.1,2.4,3.9,3.1,pro_learned_v5,bot_standard
2026-07-27 02:21:01,1,17.7,1,0,9,3,8,2,2,1,0.40,3,1.24,6.5,0.0,0.0,1.8,2.6,2.6,3.1,pro_learned_v5,bot_slippery
2026-07-27 02:21:04,0,15.3,0,3,11,0,7,3,2,2,1.14,4,1.43,2.9,1.0,0.0,3.4,2.6,2.6,2.9,pro_learned_v5,bot_standard
2026-07-27 02:21:07,0,17.1,0,1,10,2,8,3,1,1,1.60,3,1.58,6.0,0.0,0.0,3.4,3.1,1.3,2.9,pro_learned_v5,bot_slippery
2026-07-27 02:21:11,0,15.9,0,2,7,1,10,3,2,1,2.22,2,1.34,4.9,0.0,0.0,1.0,3.2,2.6,3.6,pro_learned_v5,bot_slippery
2026-07-27 02:21:13,0,12.1,0,2,3,1,5,3,1,1,0.80,4,0.36,5.2,0.0,0.0,1.0,1.3,1.3,2.9,pro_learned_v5,bot_camper
2026-07-27 02:21:16,0,12.2,0,1,4,2,4,3,0,0,0.00,4,0.80,4.2,1.3,0.0,1.0,1.6,0.0,3.1,pro_learned_v5,bot_slippery
2026-07-27 02:21:19,1,21.5,2,0,6,3,3,1,2,2,1.36,4,0.98,12.0,0.0,0.0,3.3,1.0,2.6,1.6,pro_learned_v5,bot_slippery
2026-07-27 02:21:23,0,23.4,0,2,3,1,7,3,1,1,0.52,4,0.50,15.4,0.0,0.0,1.0,2.6,1.3,2.6,pro_learned_v5,bot_camper
2026-07-27 02:21:26,0,10.7,0,2,2,1,4,3,2,1,3.14,3,0.38,3.9,0.0,0.0,0.5,1.1,1.6,3.1,pro_learned_v5,bot_camper
2026-07-27 02:21:29,0,19.4,0,1,9,2,3,3,3,2,3.37,4,0.48,7.3,0.0,0.0,4.4,0.7,2.9,3.1,pro_learned_v5,bot_rookie
2026-07-27 02:21:32,0,14.7,0,2,4,1,7,3,1,1,1.36,4,1.11,5.2,0.0,0.0,2.3,2.6,1.3,2.9,pro_learned_v5,bot_rookie
2026-07-27 02:21:35,0,12.7,0,3,4,0,5,3,2,3,1.42,2,0.66,3.1,1.0,0.0,1.3,1.5,2.6,3.1,pro_learned_v5,bot_standard
2026-07-27 02:21:38,1,14.2,1,0,6,3,4,2,3,4,0.76,2,0.43,5.5,0.3,0.0,1.3,1.3,2.9,2.1,pro_learned_v5,bot_rookie
2026-07-27 02:21:41,0,19.8,0,3,5,0,5,3,1,1,0.64,5,0.76,12.0,0.0,0.0,2.1,1.6,1.3,2.9,pro_learned_v5,bot_standard
2026-07-27 02:21:44,0,14.1,0,3,4,0,5,3,1,1,1.42,3,1.63,6.0,0.0,0.0,2.3,1.6,1.3,2.9,pro_learned_v5,bot_slippery
2026-07-27 02:21:47,0,10.2,0,3,6,0,3,3,2,1,1.24,1,0.46,2.9,1.6,0.0,0.8,0.6,1.6,2.9,pro_learned_v5,bot_rusher
2026-07-27 02:21:50,0,15.7,0,1,12,2,8,3,0,0,0.00,3,0.87,6.2,0.8,0.0,2.9,2.2,0.0,2.6,pro_learned_v5,bot_rusher
2026-07-27 02:21:53,1,16.1,2,0,7,3,7,1,2,1,2.94,3,0.77,8.1,0.0,0.0,2.3,1.8,1.6,1.3,pro_learned_v5,bot_rookie
2026-07-27 02:21:55,0,10.2,0,2,6,1,5,3,1,1,0.12,2,1.26,4.4,0.0,0.0,0.5,1.8,0.1,2.9,pro_learned_v5,bot_standard
2026-07-27 02:21:59,0,10.7,0,3,5,0,3,3,1,1,1.16,3,0.81,3.1,0.3,0.0,1.9,1.3,1.3,2.9,pro_optimized_v1,bot_camper
2026-07-27 02:22:01,0,9.9,0,3,3,0,3,3,1,0,0.00,4,0.71,3.6,0.0,0.0,0.8,1.1,1.3,3.1,pro_optimized_v1,bot_slippery
2026-07-27 02:22:04,1,15.0,2,0,11,3,2,1,1,2,1.00,5,0.72,5.5,0.0,0.0,4.6,1.0,1.3,1.6,pro_optimized_v1,bot_slippery
2026-07-27 02:22:06,0,9.3,0,3,5,0,4,3,0,0,0.00,3,1.25,2.1,1.0,0.5,1.6,1.0,0.0,3.1,pro_optimized_v1,bot_rookie
2026-07-27 02:22:09,0,16.1,0,2,5,1,4,3,1,1,0.36,5,0.56,6.8,0.0,0.0,2.1,1.0,2.6,3.1,pro_optimized_v1,bot_rookie
2026-07-27 02:22:12,0,14.3,0,2,6,1,6,3,1,1,1.50,6,0.68,3.9,0.0,0.0,2.6,2.9,1.3,3.1,pro_optimized_v1,bot_standard
2026-07-27 02:22:15,0,11.7,0,3,3,0,3,3,2,3,1.08,1,1.72,2.3,0.8,1.0,1.3,0.7,2.6,2.9,pro_optimized_v1,bot_rookie
2026-07-27 02:22:17,0,11.6,0,3,6,0,5,3,1,2,0.58,6,0.51,2.6,0.5,0.0,2.1,1.5,1.3,3.6,pro_optimized_v1,bot_slippery
2026-07-27 02:22:21,0,25.4,0,3,2,0,9,3,1,1,1.92,3,1.22,11.2,0.0,0.0,3.4,3.9,1.3,5.7,pro_optimized_v1,bot_slippery
2026-07-27 02:22:24,0,12.8,0,1,7,2,4,3,2,3,1.21,1,0.88,3.6,0.0,0.0,2.2,1.0,3.4,1.6,pro_optimized_v1,bot_camper
2026-07-27 02:22:29,0,30.1,0,2,11,1,7,3,3,3,0.76,10,0.95,9.1,0.3,0.0,4.4,2.7,3.9,9.6,pro_optimized_v1,bot_standard
2026-07-27 02:22:33,1,26.9,1,0,13,3,10,2,3,2,1.27,11,0.58,2.1,1.3,0.3,2.6,5.5,3.3,10.9,pro_optimized_v1,bot_rookie
2026-07-27 02:22:36,0,13.8,0,2,7,1,6,3,1,2,0.75,1,0.32,2.6,1.3,0.8,0.3,3.4,1.3,3.6,pro_optimized_v1,bot_rookie
2026-07-27 02:22:39,1,15.4,1,0,9,3,6,2,1,1,4.54,3,0.69,2.9,0.0,0.0,4.5,2.6,1.3,3.1,pro_optimized_v1,bot_slippery
2026-07-27 02:22:45,0,37.8,0,1,16,2,8,3,2,2,2.40,7,1.03,14.3,1.0,0.0,5.2,3.1,2.9,10.7,pro_optimized_v1,bot_rookie
2026-07-27 02:22:53,1,54.5,1,0,36,3,12,2,3,2,0.99,33,0.69,1.0,1.8,0.5,5.5,5.5,4.2,35.1,pro_optimized_v1,bot_rookie
2026-07-27 02:22:55,0,11.9,0,1,4,2,3,3,1,1,1.82,2,0.44,4.7,0.0,0.0,1.6,0.8,1.3,2.6,pro_optimized_v1,bot_rookie
2026-07-27 02:22:59,0,16.8,0,3,4,0,4,3,0,0,0.00,6,0.71,5.5,0.3,0.8,5.7,0.9,0.0,3.6,pro_optimized_v1,bot_rookie
2026-07-27 02:23:01,0,10.6,0,3,4,0,3,3,1,0,0.00,4,0.94,4.2,0.0,0.0,2.3,1.0,0.0,3.1,pro_optimized_v1,bot_rookie
2026-07-27 02:23:04,1,12.4,2,0,11,3,3,1,1,1,0.22,2,1.56,2.6,1.0,0.3,3.1,1.8,1.6,1.0,pro_optimized_v1,bot_camper
2026-07-27 02:23:09,1,35.5,2,0,13,3,6,1,2,2,1.57,2,0.60,20.3,0.8,1.6,1.5,3.6,5.2,1.6,pro_optimized_v1,bot_slippery
2026-07-27 02:23:12,0,12.9,0,2,5,1,4,3,2,2,0.92,3,0.50,0.8,2.9,0.0,1.8,1.5,2.6,2.9,pro_optimized_v1,bot_standard
2026-07-27 02:23:16,0,24.2,0,3,7,0,7,3,2,2,0.69,4,0.94,10.4,0.5,0.0,2.6,3.9,3.4,3.4,pro_optimized_v1,bot_camper
2026-07-27 02:23:19,0,17.9,0,2,7,1,5,3,1,1,1.46,2,0.70,7.3,1.3,0.0,0.8,2.3,1.3,4.4,pro_optimized_v1,bot_rusher
2026-07-27 02:23:24,0,25.9,0,1,12,2,10,3,3,3,0.75,6,0.65,6.5,0.5,0.0,3.9,6.2,4.9,2.9,pro_optimized_v1,bot_slippery
2026-07-27 02:23:26,0,10.7,0,3,3,0,3,3,1,0,0.00,2,1.16,3.4,0.3,0.5,1.0,0.8,1.3,3.4,pro_optimized_v1,bot_standard
2026-07-27 02:23:30,0,25.0,0,1,10,2,6,3,0,0,0.00,12,0.85,2.9,0.3,0.0,3.9,1.6,0.0,15.3,pro_optimized_v1,bot_rookie
2026-07-27 02:23:33,0,12.5,0,2,7,1,5,3,1,0,0.00,3,0.94,2.3,0.5,0.0,1.6,1.6,2.3,3.6,pro_optimized_v1,bot_rusher
2026-07-27 02:23:36,0,14.8,0,3,2,0,3,3,1,1,0.46,3,2.27,4.9,0.3,0.0,4.2,0.8,1.3,3.4,pro_optimized_v1,bot_standard
2026-07-27 02:23:39,1,19.5,3,0,11,3,6,0,1,1,0.24,7,1.04,3.4,0.0,0.0,1.8,2.9,1.3,9.1,pro_optimized_v1,bot_rusher
2026-07-27 02:23:42,0,10.1,0,3,6,0,5,3,1,2,0.27,4,0.59,3.4,0.0,0.0,1.0,1.5,1.3,2.9,pro_learned_v5,bot_rusher
2026-07-27 02:23:45,0,17.2,0,3,8,0,5,3,2,2,0.50,5,0.72,7.8,0.0,0.0,2.4,1.3,2.6,3.1,pro_learned_v5,bot_camper
2026-07-27 02:23:48,0,14.3,0,2,5,1,5,3,2,3,0.33,5,0.76,4.4,0.0,0.0,2.3,1.3,2.6,3.1,pro_learned_v5,bot_standard
2026-07-27 02:23:52,0,18.6,0,3,9,0,7,3,2,2,1.35,4,1.38,6.9,0.0,0.0,3.4,2.6,2.6,3.1,pro_learned_v5,bot_rusher
2026-07-27 02:23:54,0,12.5,0,3,4,0,4,3,3,3,1.61,2,0.50,4.7,0.0,0.0,0.8,1.0,3.1,2.9,pro_learned_v5,bot_slippery
2026-07-27 02:23:57,0,14.4,0,2,9,1,9,3,1,1,1.34,2,1.17,4.9,0.0,0.0,0.8,3.7,1.3,3.1,pro_learned_v5,bot_rusher
2026-07-27 02:24:00,1,12.9,2,0,6,3,4,1,1,1,0.74,2,0.88,7.3,0.0,0.0,1.0,1.3,1.3,1.0,pro_learned_v5,bot_slippery
2026-07-27 02:24:03,0,17.1,0,2,5,1,4,3,0,0,0.00,1,1.28,12.7,0.0,0.0,0.5,1.0,0.0,2.3,pro_learned_v5,bot_standard
2026-07-27 02:24:05,0,9.6,0,1,5,2,3,3,1,1,2.00,1,0.90,3.4,0.0,0.0,0.8,0.5,1.3,3.1,pro_learned_v5,bot_rusher
2026-07-27 02:24:09,1,23.8,1,0,10,3,7,2,3,4,0.53,4,0.86,11.6,0.0,0.0,2.1,2.6,3.9,2.6,pro_learned_v5,bot_standard
2026-07-27 02:24:12,1,16.6,1,0,6,3,6,2,1,2,0.38,4,1.36,6.2,0.0,0.0,2.3,1.9,1.3,3.9,pro_learned_v5,bot_standard
2026-07-27 02:24:15,0,14.5,0,1,8,2,6,3,2,1,0.30,2,0.96,5.2,0.0,0.0,1.3,2.6,2.6,1.8,pro_learned_v5,bot_standard
2026-07-27 02:24:18,0,10.4,0,3,5,0,5,3,2,2,1.03,3,0.39,4.2,0.0,0.0,0.8,1.3,1.6,2.6,pro_learned_v5,bot_standard
2026-07-27 02:24:21,0,18.3,0,1,9,2,5,3,3,5,0.75,3,1.43,5.5,0.0,0.0,3.9,1.2,3.9,2.9,pro_learned_v5,bot_standard
2026-07-27 02:24:24,0,15.6,0,3,3,0,4,3,3,1,1.92,1,2.96,8.1,0.5,0.0,1.3,1.0,1.6,3.1,pro_learned_v5,bot_slippery
2026-07-27 02:24:27,1,10.3,1,0,5,3,3,2,1,1,0.42,2,1.41,3.1,0.5,0.0,0.5,1.0,1.3,2.9,pro_learned_v5,bot_rusher
2026-07-27 02:24:29,0,12.4,0,3,2,0,7,3,1,1,0.66,2,1.52,4.4,0.0,0.0,0.8,2.8,1.3,3.1,pro_learned_v5,bot_camper
2026-07-27 02:24:32,0,13.8,0,1,7,2,4,3,1,2,0.59,3,1.85,6.0,0.0,0.0,2.1,0.9,1.3,2.9,pro_learned_v5,bot_standard
2026-07-27 02:24:36,1,21.2,2,0,16,3,11,1,2,3,1.11,4,0.63,6.7,0.0,0.0,4.4,5.2,2.6,1.3,pro_learned_v5,bot_slippery
2026-07-27 02:24:40,0,23.6,0,2,9,1,13,3,3,3,0.95,6,0.60,7.3,0.0,0.0,2.4,4.4,3.9,5.2,pro_learned_v5,bot_slippery
2026-07-27 02:24:44,0,25.7,0,2,18,1,13,3,2,2,1.25,3,0.68,10.7,1.0,0.0,3.4,4.4,2.6,3.1,pro_learned_v5,bot_slippery
2026-07-27 02:24:48,0,23.0,0,2,5,1,5,3,2,2,0.42,4,0.62,12.7,0.5,0.0,2.1,1.4,2.6,3.1,pro_learned_v5,bot_rookie
2026-07-27 02:24:51,0,15.8,0,1,8,2,6,3,2,2,1.09,5,0.68,5.5,0.0,0.0,1.8,2.0,2.6,2.9,pro_learned_v5,bot_rusher
2026-07-27 02:24:54,0,13.0,0,2,7,1,5,3,2,2,1.96,2,0.80,1.3,2.1,0.0,1.8,1.8,2.6,2.9,pro_learned_v5,bot_standard
2026-07-27 02:24:56,0,13.3,0,2,5,1,6,3,1,2,0.81,3,1.12,4.9,0.0,0.0,1.6,1.9,1.3,3.1,pro_learned_v5,bot_rusher
2026-07-27 02:24:59,0,11.7,0,2,8,1,3,3,1,0,0.00,3,0.41,6.0,0.0,0.0,0.3,0.8,1.3,2.9,pro_learned_v5,bot_rusher
2026-07-27 02:25:01,0,9.1,0,1,5,2,3,3,1,1,0.58,3,0.43,3.6,0.0,0.0,0.0,0.6,1.3,2.6,pro_learned_v5,bot_rusher
2026-07-27 02:25:05,0,22.2,0,2,10,1,7,3,0,0,0.00,6,1.12,12.1,0.0,0.0,4.2,2.3,0.0,3.1,pro_learned_v5,bot_rookie
2026-07-27 02:25:08,0,13.0,0,2,5,1,4,3,2,1,1.34,5,0.67,3.6,0.0,0.0,2.1,1.0,2.6,3.1,pro_learned_v5,bot_camper
2026-07-27 02:25:11,1,20.3,1,0,10,3,8,2,3,2,1.25,5,0.58,8.8,0.0,0.0,2.3,1.9,3.9,2.3,pro_learned_v5,bot_standard
